,date,Net Income (Earnings),Depreciation & Amortization (D&A),Deferred Income Tax,Stock-Based Compensation (SBC),Change in Working Capital,Accounts Receivables,Inventory,Accounts Payables,Net Cash Provided by Operating Activities,Investments in PP&E,Acquisitions (Net),Purchase of Investments,Sales/Maturities of Investments,Net Cash used for Investing Activities,Debt Repayment,Common Stock Issued,Common Stock Repurchased,Dividends Paid,Net Cash Used Provided by Financing Activities,Effect of Exchange Rate Changes on Cash,Net Change in Cash,Cash at End of Period,Cash at Beginning of Period,Operating Cash Flow,Capital Expenditure (capex),Free Cash Flow,finalLink
0,2020-09-26,12673000000.0,2702000000.0,-397000000.0,1724000000.0,-6426000000.0,1768000000.0,-137000000.0,6725000000.0,20576000000.0,-1784000000.0,-51000000.0,-18332000000.0,0.0,5531000000.0,0.0,450000000.0,-17187000000.0,-3511000000.0,-21357000000.0,0.0,4750000000.0,39789000000,35039000000,20576000000.0,1784000000.0,18792000000.0,https://www.sec.gov/Archives/edgar/data/320193/000032019320000096/aapl-20200926.htm
1,2020-06-27,11253000000.0,2752000000.0,833000000.0,1698000000.0,-2912000000.0,-2135000000.0,-689000000.0,2733000000.0,16271000000.0,-1565000000.0,-339000000.0,-46072000000.0,27183000000.0,-5165000000.0,-7379000000.0,0.0,-15891000000.0,-3656000000.0,-19116000000.0,0.0,-8010000000.0,32164000000,40174000000,16271000000.0,-1565000000.0,14706000000.0,https://www.sec.gov/Archives/edgar/data/320193/000032019320000062/aapl-20200627.htm
2,2020-03-28,11249000000.0,2786000000.0,-302000000.0,1697000000.0,-13411000000.0,5269000000.0,727000000.0,-12431000000.0,13311000000.0,-1853000000.0,-176000000.0,-47716000000.0,40480000000.0,9013000000.0,-4250000000.0,428000000.0,-18146000000.0,-3375000000.0,-20940000000.0,0.0,1384000000.0,41155000000,39771000000,13311000000.0,-1853000000.0,11458000000.0,https://www.sec.gov/Archives/edgar/data/320193/000032019320000052/a10-qq220203282020.htm
3,2019-12-28,22236000000.0,2816000000.0,-349000000.0,1710000000.0,3969000000.0,2015000000.0,-28000000.0,-1089000000.0,30516000000.0,-2107000000.0,-958000000.0,-58199000000.0,27020000000.0,-13668000000.0,-1000000000.0,2000000.0,-20704000000.0,-3539000000.0,-25407000000.0,0.0,-8559000000.0,40285000000,48844000000,30516000000.0,-2107000000.0,28409000000.0,https://www.sec.gov/Archives/edgar/data/320193/000032019320000010/a10-qq1202012282019.htm
4,2019-09-28,13686000000.0,3179000000.0,-302000000.0,1499000000.0,11832000000.0,-8768000000.0,-785000000.0,17881000000.0,19910000000.0,-2777000000.0,-13000000.0,-36173000000.0,22425000000.0,-798000000.0,-3305000000.0,390000000.0,-17054000000.0,-3479000000.0,-21039000000.0,0.0,-1927000000.0,48603000000,50530000000,19910000000.0,-2777000000.0,17133000000.0,https://www.sec.gov/Archives/edgar/data/320193/000032019319000119/a10-k20199282019.htm
5,2019-06-29,10044000000.0,2933000000.0,86000000.0,1496000000.0,15695000000.0,919000000.0,1502000000.0,220000000.0,11636000000.0,-2000000000.0,-320000000.0,-25003000000.0,36784000000.0,27502000000.0,-3000000000.0,1000000.0,-16954000000.0,-3629000000.0,-26804000000.0,0.0,12334000000.0,50322000000,37988000000,11636000000.0,-2000000000.0,9636000000.0,https://www.sec.gov/Archives/edgar/data/320193/000032019319000076/a10-qq320196292019.htm
6,2019-03-30,11561000000.0,3040000000.0,-177000000.0,1514000000.0,-2971000000.0,2964000000.0,70000000.0,-11523000000.0,11155000000.0,-2363000000.0,-124000000.0,-30479000000.0,22589000000.0,13348000000.0,-2500000000.0,390000000.0,-23312000000.0,-3443000000.0,-29457000000.0,0.0,-4954000000.0,39817000000,44771000000,11155000000.0,-2363000000.0,8792000000.0,https://www.sec.gov/Archives/edgar/data/320193/000032019319000066/a10-qq220193302019.htm
7,2018-12-29,19965000000.0,3395000000.0,53000000.0,1559000000.0,17135000000.0,5130000000.0,-1076000000.0,-8501000000.0,26690000000.0,-3355000000.0,-167000000.0,-15873000000.0,16926000000.0,5844000000.0,4916000000.0,0.0,-8796000000.0,-3568000000.0,-13676000000.0,0.0,18858000000.0,44771000000,25913000000,26690000000.0,-3355000000.0,23335000000.0,https://www.sec.gov/Archives/edgar/data/320193/000032019319000010/a10-qq1201912292018.htm
8,2018-09-29,14125000000.0,2754000000.0,519000000.0,1345000000.0,-11803000000.0,-9078000000.0,1942000000.0,20314000000.0,19523000000.0,-3041000000.0,-290000000.0,-19187000000.0,9634000000.0,-3001000000.0,0.0,341000000.0,-18763000000.0,-3530000000.0,-22580000000.0,0.0,-6058000000.0,25913000000,31971000000,19523000000.0,-3041000000.0,16482000000.0,https://www.sec.gov/Archives/edgar/data/320193/000032019318000145/a10-k20189292018.htm
9,2018-06-30,11519000000.0,2665000000.0,1126000000.0,1351000000.0,-1914000000.0,233000000.0,1693000000.0,2081000000.0,14488000000.0,0.0,0.0,-9472000000.0,17388000000.0,0.0,-6000000000.0,1000000.0,-20783000000.0,-3653000000.0,0.0,0.0,0.0,31971000000,45059000000,14488000000.0,-3267000000.0,11221000000.0,https://www.sec.gov/Archives/edgar/data/320193/000032019318000100/a10-qq320186302018.htm
10,2018-03-31,13822000000.0,2739000000.0,-498000000.0,1348000000.0,-2141000000.0,9093000000.0,-3241000000.0,-27808000000.0,15130000000.0,0.0,0.0,-7083000000.0,39977000000.0,0.0,0.0,0.0,-22756000000.0,-3190000000.0,0.0,0.0,0.0,45059000000,27491000000,15130000000.0,-4041000000.0,11089000000.0,https://www.sec.gov/Archives/edgar/data/320193/000032019318000070/a10-qq220183312018.htm
11,2017-12-30,20065000000.0,2745000000.0,-33737000000.0,1296000000.0,191000000.0,-5570000000.0,434000000.0,14588000000.0,28293000000.0,-2810000000.0,-173000000.0,-10189000000.0,14048000000.0,-13590000000.0,3551000000.0,0.0,-10095000000.0,-3339000000.0,-7501000000.0,0.0,7202000000.0,27491000000,20289000000,28293000000.0,-2964000000.0,25329000000.0,https://www.sec.gov/Archives/edgar/data/320193/000032019318000007/a10-qq1201812302017.htm
12,2017-09-30,10714000000.0,2484000000.0,1202000000.0,1174000000.0,106000000.0,-5474000000.0,-1709000000.0,14830000000.0,15656000000.0,0.0,0.0,-36013000000.0,30245000000.0,0.0,0.0,281000000.0,-7795000000.0,-3270000000.0,0.0,0.0,0.0,20289000000,18571000000,15656000000.0,-4000000000.0,11656000000.0,https://www.sec.gov/Archives/edgar/data/320193/000032019317000070/a10-k20179302017.htm
13,2017-07-01,8717000000.0,2354000000.0,1942000000.0,1193000000.0,2925000000.0,-802000000.0,-236000000.0,1650000000.0,8138000000.0,-2277000000.0,-181000000.0,-7180000000.0,6918000000.0,-3180000000.0,-3500000000.0,1000000.0,-7092000000.0,-3365000000.0,-1544000000.0,0.0,3414000000.0,18571000000,15157000000,8138000000.0,-2486000000.0,5652000000.0,https://www.sec.gov/Archives/edgar/data/320193/000032019317000009/a10-qq32017712017.htm
14,2017-04-01,11029000000.0,2332000000.0,1370000000.0,1217000000.0,9446000000.0,2486000000.0,-198000000.0,-9322000000.0,12570000000.0,-2975000000.0,-50000000.0,-7161000000.0,5904000000.0,-14202000000.0,3368000000.0,273000000.0,-6888000000.0,-3004000000.0,418000000.0,0.0,-1214000000.0,15157000000,16371000000,12570000000.0,-2889000000.0,9681000000.0,https://www.sec.gov/Archives/edgar/data/320193/000162828017004790/a10-qq22017412017.htm
15,2016-12-31,17891000000.0,2987000000.0,1452000000.0,1256000000.0,3744000000.0,1697000000.0,-580000000.0,2460000000.0,27056000000.0,0.0,0.0,-54272000000.0,38691000000.0,0.0,0.0,0.0,-10851000000.0,-3130000000.0,0.0,0.0,0.0,16371000000,20484000000,27056000000.0,-3420000000.0,23636000000.0,https://www.sec.gov/Archives/edgar/data/320193/000162828017000717/a10-qq1201712312016.htm
16,2016-09-24,9014000000.0,2548000000.0,-253000000.0,1030000000.0,5588000000.0,-4040000000.0,-301000000.0,11413000000.0,16126000000.0,-3977000000.0,-151000000.0,-6038000000.0,6343000000.0,-7397000000.0,0.0,248000000.0,-5778000000.0,-3092000000.0,-6482000000.0,0.0,2247000000.0,20484000000,18237000000,16126000000.0,-4038000000.0,12088000000.0,https://www.sec.gov/Archives/edgar/data/320193/000162828016020309/a201610-k9242016.htm
17,2016-06-25,7796000000.0,2526000000.0,2099000000.0,1054000000.0,2948000000.0,515000000.0,450000000.0,-147000000.0,10634000000.0,-2809000000.0,-6000000.0,-11542000000.0,5767000000.0,-4470000000.0,-2500000000.0,0.0,-10166000000.0,-3187000000.0,-9441000000.0,0.0,-3277000000.0,18237000000,21514000000,10634000000.0,-2905000000.0,7729000000.0,https://www.sec.gov/Archives/edgar/data/320193/000162828016017809/a10-qq320166252016.htm
18,2016-03-26,10516000000.0,2477000000.0,1500000000.0,1048000000.0,19200000000.0,724000000.0,170000000.0,-8623000000.0,11601000000.0,-2336000000.0,-54000000.0,-6667000000.0,5634000000.0,-13660000000.0,3232000000.0,246000000.0,-6421000000.0,-2902000000.0,6884000000.0,0.0,4825000000.0,21514000000,16689000000,11601000000.0,-2599000000.0,9002000000.0,https://www.sec.gov/Archives/edgar/data/320193/000119312516559625/d165350d10q.htm
19,2015-12-26,18361000000.0,2954000000.0,1592000000.0,1078000000.0,-8641000000.0,3896000000.0,-102000000.0,-852000000.0,27463000000.0,-3612000000.0,-86000000.0,-6863000000.0,3514000000.0,-20450000000.0,3398000000.0,1000000.0,-6862000000.0,-2969000000.0,-11444000000.0,0.0,-4431000000.0,16689000000,21120000000,27463000000.0,-4006000000.0,23457000000.0,https://www.sec.gov/Archives/edgar/data/320193/000119312516439878/d66145d10q.htm
20,2015-09-26,11124000000.0,3119000000.0,-1438000000.0,915000000.0,3100000000.0,-6479000000.0,-307000000.0,8663000000.0,13475000000.0,-3618000000.0,-113000000.0,-13253000000.0,4622000000.0,-1375000000.0,-167000000.0,219000000.0,-13034000000.0,-2964000000.0,-6299000000.0,0.0,5801000000.0,21120000000,15319000000,13475000000.0,-3658000000.0,9817000000.0,https://www.sec.gov/Archives/edgar/data/320193/000119312515356351/d17062d10k.htm
21,2015-06-27,10677000000.0,3084000000.0,941000000.0,856000000.0,-3494000000.0,535000000.0,354000000.0,2165000000.0,14988000000.0,-2043000000.0,-115000000.0,-10000000000.0,4045000000.0,-11403000000.0,-724000000.0,15000000.0,-9985000000.0,-3053000000.0,-2755000000.0,0.0,830000000.0,15319000000,14489000000,14988000000.0,-2089000000.0,12899000000.0,https://www.sec.gov/Archives/edgar/data/320193/000119312515259935/d927922d10q.htm
22,2015-03-28,13569000000.0,2479000000.0,-318000000.0,927000000.0,-630000000.0,5804000000.0,-113000000.0,-14431000000.0,19081000000.0,-2369000000.0,-92000000.0,-6970000000.0,3064000000.0,-22331000000.0,-96000000.0,229000000.0,-6741000000.0,-2743000000.0,-1739000000.0,0.0,-4989000000.0,14489000000,19478000000,19081000000.0,-2476000000.0,16605000000.0,https://www.sec.gov/Archives/edgar/data/320193/000119312515153166/d892246d10q.htm
23,2014-12-27,18024000000.0,2575000000.0,2197000000.0,888000000.0,4709000000.0,751000000.0,-172000000.0,9003000000.0,33722000000.0,-3217000000.0,-23000000.0,-5030000000.0,2807000000.0,-21165000000.0,-512000000.0,80000000.0,-4950000000.0,-2801000000.0,-6923000000.0,0.0,5634000000.0,19478000000,13844000000,33722000000.0,-3265000000.0,30457000000.0,https://www.sec.gov/Archives/edgar/data/320193/000119312515023697/d835533d10q.htm
24,2014-09-27,8467000000.0,1969000000.0,-807000000.0,762000000.0,-16661000000.0,-6546000000.0,-246000000.0,8469000000.0,13250000000.0,-3826000000.0,-2867000000.0,-17000000000.0,3699000000.0,2997000000.0,-319000000.0,295000000.0,-16705000000.0,-2829000000.0,-15380000000.0,0.0,867000000.0,13844000000,12977000000,13250000000.0,-3852000000.0,9398000000.0,https://www.sec.gov/Archives/edgar/data/320193/000119312514383437/d783162d10k.htm
25,2014-06-28,7748000000.0,1946000000.0,1095000000.0,724000000.0,-5589000000.0,-1087000000.0,235000000.0,-156000000.0,10255000000.0,-2378000000.0,-339000000.0,-5000000000.0,4242000000.0,-22214000000.0,-409000000.0,94000000.0,-4906000000.0,-2867000000.0,5987000000.0,0.0,-5972000000.0,12977000000,18949000000,10255000000.0,-2431000000.0,7824000000.0,https://www.sec.gov/Archives/edgar/data/320193/000119312514277160/d740164d10q.htm
26,2014-03-29,10223000000.0,1887000000.0,806000000.0,696000000.0,755000000.0,4499000000.0,293000000.0,-10566000000.0,13538000000.0,-1382000000.0,-34000000.0,-17971000000.0,5313000000.0,11741000000.0,-65000000.0,207000000.0,-17764000000.0,-2661000000.0,-20407000000.0,0.0,4872000000.0,18949000000,14077000000,13538000000.0,-1486000000.0,12052000000.0,https://www.sec.gov/Archives/edgar/data/320193/000119312514157311/d694710d10q.htm
27,2013-12-28,13072000000.0,2144000000.0,1253000000.0,681000000.0,-3050000000.0,-1098000000.0,-358000000.0,8191000000.0,22670000000.0,-1985000000.0,-525000000.0,-5029000000.0,5556000000.0,-15103000000.0,-365000000.0,134000000.0,-4895000000.0,-2769000000.0,-7749000000.0,0.0,-182000000.0,14077000000,14259000000,22670000000.0,-2044000000.0,20626000000.0,https://www.sec.gov/Archives/edgar/data/320193/000119312514024487/d644622d10q.htm
28,2013-09-28,7512000000.0,1783000000.0,-1383000000.0,555000000.0,-2272000000.0,-4263000000.0,-67000000.0,7080000000.0,9908000000.0,-1955000000.0,-53000000.0,-4910000000.0,6354000000.0,611000000.0,-81000000.0,195000000.0,-4715000000.0,-2769000000.0,-7508000000.0,0.0,3011000000.0,14259000000,11248000000,9908000000.0,-2306000000.0,7602000000.0,https://www.sec.gov/Archives/edgar/data/320193/000119312513416534/d590790d10k.htm
29,2013-06-29,6900000000.0,1694000000.0,567000000.0,578000000.0,4071000000.0,-1755000000.0,-452000000.0,-318000000.0,7828000000.0,-1885000000.0,-144000000.0,-16000000000.0,4720000000.0,-6507000000.0,-413000000.0,60000000.0,-15940000000.0,-2811000000.0,-2126000000.0,0.0,-805000000.0,11248000000,12053000000,7828000000.0,-2016000000.0,5812000000.0,https://www.sec.gov/Archives/edgar/data/320193/000119312513300670/d552802d10q.htm
30,2013-03-30,9547000000.0,1692000000.0,778000000.0,575000000.0,2360000000.0,4514000000.0,210000000.0,-10567000000.0,12504000000.0,-2008000000.0,-15000000.0,-43971000000.0,5783000000.0,-14357000000.0,-54000000.0,199000000.0,199000000.0,-2491000000.0,-2248000000.0,0.0,-4101000000.0,12053000000,16154000000,12504000000.0,-2299000000.0,10205000000.0,https://www.sec.gov/Archives/edgar/data/320193/000119312513168288/d501596d10q.htm
31,2012-12-29,13078000000.0,1588000000.0,1179000000.0,545000000.0,6358000000.0,-668000000.0,-664000000.0,6145000000.0,23426000000.0,-2317000000.0,-284000000.0,-1950000000.0,3460000000.0,-13521000000.0,-534000000.0,76000000.0,-1874000000.0,-2493000000.0,-4497000000.0,0.0,5408000000.0,16154000000,10746000000,23426000000.0,-2455000000.0,20971000000.0,https://www.sec.gov/Archives/edgar/data/320193/000119312513022339/d453687d10q.htm
32,2012-09-29,8223000000.0,981000000.0,339000000.0,448000000.0,228000000.0,-3273000000.0,331000000.0,2017000000.0,9136000000.0,-3461000000.0,0.0,-30141000000.0,2691000000.0,-4313000000.0,-81000000.0,232000000.0,232000000.0,-2488000000.0,-2022000000.0,0.0,2801000000.0,10746000000,7945000000,9136000000.0,-3501000000.0,5635000000.0,https://www.sec.gov/Archives/edgar/data/320193/000119312512444068/d411355d10k.htm
33,2012-06-30,8824000000.0,835000000.0,1151000000.0,448000000.0,-1069000000.0,-615000000.0,-20000000.0,-359000000.0,10189000000.0,0.0,0.0,-36069000000.0,26730000000.0,0.0,0.0,56000000.0,0.0,0.0,0.0,0.0,0.0,7945000000,10121000000,10189000000.0,-2963000000.0,7226000000.0,https://www.sec.gov/Archives/edgar/data/320193/000119312512314552/d365704d10q.htm
34,2012-03-31,11622000000.0,740000000.0,1459000000.0,424000000.0,-268000000.0,1898000000.0,134000000.0,-1505000000.0,13977000000.0,0.0,0.0,-44847000000.0,32244000000.0,0.0,0.0,286000000.0,0.0,0.0,0.0,0.0,0.0,10121000000,10310000000,13977000000.0,-1509000000.0,12468000000.0,https://www.sec.gov/Archives/edgar/data/320193/000119312512182321/d297069d10q.htm
35,2011-12-31,13064000000.0,721000000.0,1456000000.0,420000000.0,1893000000.0,-3561000000.0,-460000000.0,4314000000.0,17554000000.0,0.0,0.0,-40175000000.0,24510000000.0,0.0,0.0,91000000.0,0.0,0.0,0.0,0.0,0.0,10310000000,9815000000,17554000000.0,-1429000000.0,16125000000.0,https://www.sec.gov/Archives/edgar/data/320193/000119312512023398/d267587d10q.htm
36,2011-09-24,6623000000.0,543000000.0,636000000.0,298000000.0,-3021000000.0,735000000.0,113000000.0,35000000.0,10429000000.0,-1645000000.0,-244000000.0,-27184000000.0,4041000000.0,-13136000000.0,-41000000.0,254000000.0,254000000.0,0.0,431000000.0,0.0,-2276000000.0,9815000000,12091000000,10429000000.0,-4571000000.0,5858000000.0,https://www.sec.gov/Archives/edgar/data/320193/000119312511282113/d220209d10k.htm
37,2011-06-25,7308000000.0,481000000.0,669000000.0,284000000.0,-2631000000.0,-304000000.0,41000000.0,854000000.0,11108000000.0,-777000000.0,0.0,42260000000.0,-15520000000.0,-15032000000.0,-221000000.0,83000000.0,83000000.0,0.0,37000000.0,0.0,-3887000000.0,12091000000,15978000000,11108000000.0,-962000000.0,10146000000.0,https://www.sec.gov/Archives/edgar/data/320193/000119312511192493/d10q.htm
38,2011-03-26,5987000000.0,434000000.0,740000000.0,287000000.0,2538000000.0,229000000.0,-45000000.0,-720000000.0,6219000000.0,-624000000.0,0.0,-22685000000.0,21784000000.0,-1522000000.0,-25000000.0,286000000.0,286000000.0,0.0,547000000.0,0.0,5244000000.0,15978000000,10734000000,6219000000.0,-656000000.0,5563000000.0,https://www.sec.gov/Archives/edgar/data/320193/000119312511104388/d10q.htm
39,2010-12-25,6004000000.0,356000000.0,823000000.0,299000000.0,-824000000.0,-517000000.0,166000000.0,2346000000.0,9773000000.0,-1214000000.0,0.0,-19575000000.0,10132000000.0,-10729000000.0,-233000000.0,208000000.0,208000000.0,0.0,429000000.0,0.0,-527000000.0,10734000000,11261000000,9773000000.0,-1263000000.0,8510000000.0,https://www.sec.gov/Archives/edgar/data/320193/000119312511010144/d10q.htm
40,2010-09-25,4308000000.0,329000000.0,142000000.0,224000000.0,535000000.0,-2063000000.0,-109000000.0,3495000000.0,5683000000.0,-760000000.0,-23000000.0,-16483000000.0,12912000000.0,-4383000000.0,-22000000.0,179000000.0,179000000.0,0.0,256000000.0,0.0,1556000000.0,11261000000,9705000000,5683000000.0,-813000000.0,4870000000.0,https://www.sec.gov/Archives/edgar/data/320193/000119312510238044/d10k.htm
41,2010-06-26,3253000000.0,273000000.0,405000000.0,219000000.0,314000000.0,-561000000.0,-304000000.0,2830000000.0,4801000000.0,-595000000.0,-290000000.0,-41319000000.0,20475000000.0,-5430000000.0,-2528000000.0,199000000.0,199000000.0,0.0,316000000.0,0.0,-313000000.0,9705000000,10018000000,4801000000.0,-626000000.0,4175000000.0,https://www.sec.gov/Archives/edgar/data/320193/000119312510162840/d10q.htm
42,2010-03-27,3074000000.0,216000000.0,468000000.0,436000000.0,-128000000.0,482000000.0,-183000000.0,-18000000.0,2330000000.0,-650000000.0,-325000000.0,-9000000.0,13331000000.0,-83000000.0,1164000000.0,534000000.0,160000000.0,0.0,162000000.0,0.0,2409000000.0,10018000000,7609000000,2330000000.0,-301000000.0,2029000000.0,https://www.sec.gov/Archives/edgar/data/320193/000119312510088957/d10q.htm
43,2009-12-26,3378000000.0,209000000.0,425000000.0,205000000.0,186000000.0,271000000.0,-121000000.0,956000000.0,5781000000.0,-376000000.0,0.0,-12922000000.0,0.0,-3958000000.0,980000000.0,374000000.0,374000000.0,0.0,523000000.0,0.0,2346000000.0,7609000000,5263000000,5781000000.0,-381000000.0,5400000000.0,https://www.sec.gov/Archives/edgar/data/320193/000119312510012085/d10q.htm
44,2009-09-26,2532000000.0,203000000.0,268000000.0,180000000.0,1540000000.0,-675000000.0,-75000000.0,740000000.0,3110000000.0,-459000000.0,0.0,-12028000000.0,0.0,-3771000000.0,507000000.0,187000000.0,187000000.0,0.0,319000000.0,0.0,-342000000.0,5263000000,5605000000,3110000000.0,-472000000.0,2638000000.0,https://www.sec.gov/Archives/edgar/data/320193/000119312509214859/d10k.htm
45,2009-06-27,1828000000.0,182000000.0,202000000.0,179000000.0,-1593000000.0,-754000000.0,-68000000.0,879000000.0,2270000000.0,-246000000.0,0.0,-11213000000.0,0.0,-1339000000.0,662000000.0,166000000.0,166000000.0,0.0,208000000.0,0.0,1139000000.0,5605000000,4466000000,2270000000.0,-272000000.0,1998000000.0,https://www.sec.gov/Archives/edgar/data/320193/000119312509153165/d10q.htm
46,2009-03-28,1620000000.0,181000000.0,294000000.0,181000000.0,-304000000.0,264000000.0,84000000.0,-760000000.0,841000000.0,-100000000.0,0.0,-10401000000.0,0.0,-3685000000.0,1278000000.0,45000000.0,45000000.0,0.0,74000000.0,0.0,-2770000000.0,4466000000,7236000000,841000000.0,-116000000.0,725000000.0,https://www.sec.gov/Archives/edgar/data/320193/000119312509085781/d10q.htm
47,2008-12-27,2255000000.0,168000000.0,276000000.0,170000000.0,1761000000.0,226000000.0,113000000.0,-767000000.0,3938000000.0,-339000000.0,0.0,-13082000000.0,0.0,-8639000000.0,550000000.0,77000000.0,77000000.0,0.0,62000000.0,0.0,-4639000000.0,7236000000,11875000000,3938000000.0,-353000000.0,3585000000.0,https://www.sec.gov/Archives/edgar/data/320193/000119312509009937/d10q.htm
48,2008-09-27,2421000000.0,157000000.0,357000000.0,141000000.0,-125000000.0,-819000000.0,36000000.0,1822000000.0,4295000000.0,-403000000.0,-220000000.0,-5812000000.0,0.0,-1993000000.0,245000000.0,72000000.0,72000000.0,0.0,200000000.0,0.0,2502000000.0,11875000000,9373000000,4295000000.0,-422000000.0,3873000000.0,https://www.sec.gov/Archives/edgar/data/320193/000119312508224958/d10k.htm
49,2008-06-28,1072000000.0,117000000.0,35000000.0,133000000.0,1668000000.0,-10000000.0,-181000000.0,-486000000.0,1321000000.0,-304000000.0,0.0,-4413000000.0,0.0,-1372000000.0,269000000.0,178000000.0,178000000.0,0.0,354000000.0,0.0,303000000.0,9373000000,9070000000,1321000000.0,-330000000.0,991000000.0,https://www.sec.gov/Archives/edgar/data/320193/000119312508156421/d10q.htm
50,2008-03-29,1045000000.0,116000000.0,-16000000.0,132000000.0,1448000000.0,346000000.0,95000000.0,-1224000000.0,1193000000.0,-160000000.0,0.0,-6613000000.0,0.0,-1362000000.0,502000000.0,54000000.0,54000000.0,0.0,77000000.0,0.0,-92000000.0,9070000000,9162000000,1193000000.0,-215000000.0,978000000.0,https://www.sec.gov/Archives/edgar/data/320193/000119312508097759/d10q.htm
51,2007-12-29,1581000000.0,106000000.0,22000000.0,110000000.0,2978000000.0,-302000000.0,-113000000.0,484000000.0,2787000000.0,-224000000.0,0.0,-6127000000.0,0.0,-3462000000.0,251000000.0,179000000.0,179000000.0,0.0,485000000.0,0.0,-190000000.0,9162000000,9352000000,2787000000.0,-232000000.0,2555000000.0,https://www.sec.gov/Archives/edgar/data/320193/000119312508017426/d10q.htm
52,2007-09-29,903000000.0,103000000.0,-133000000.0,68000000.0,923000000.0,-227000000.0,-95000000.0,1224000000.0,1696000000.0,-205000000.0,0.0,-2132000000.0,0.0,396000000.0,175000000.0,71000000.0,71000000.0,0.0,142000000.0,0.0,2234000000.0,9352000000,7118000000,1696000000.0,-234000000.0,1462000000.0,https://www.sec.gov/Archives/edgar/data/320193/000104746907009340/a2181030z10-k.htm
53,2007-06-30,818000000.0,81000000.0,84000000.0,65000000.0,178000000.0,-482000000.0,-43000000.0,1257000000.0,1227000000.0,0.0,0.0,-3370000000.0,2200000000.0,0.0,0.0,118000000.0,0.0,0.0,0.0,0.0,0.0,7118000000,7095000000,1227000000.0,-289000000.0,938000000.0,https://www.sec.gov/Archives/edgar/data/320193/000110465907059873/a07-19295_110q.htm
54,2007-03-31,770000000.0,69000000.0,49000000.0,63000000.0,-218000000.0,693000000.0,95000000.0,-1482000000.0,734000000.0,0.0,0.0,-3642000000.0,2877000000.0,0.0,0.0,75000000.0,0.0,0.0,0.0,0.0,0.0,7095000000,7159000000,734000000.0,-206000000.0,528000000.0,https://www.sec.gov/Archives/edgar/data/320193/000110465907037745/a07-13266_110q.htm
55,2006-12-30,1004000000.0,74000000.0,73000000.0,46000000.0,1261000000.0,-369000000.0,-33000000.0,495000000.0,1813000000.0,-142000000.0,0.0,-2581000000.0,0.0,-1234000000.0,114000000.0,101000000.0,101000000.0,0.0,188000000.0,0.0,767000000.0,7159000000,6392000000,1813000000.0,-257000000.0,1556000000.0,https://www.sec.gov/Archives/edgar/data/320193/000110465907006648/a07-2749_110q.htm
56,2006-09-30,542000000.0,66000000.0,-148000000.0,40000000.0,545000000.0,-163000000.0,-57000000.0,877000000.0,1055000000.0,0.0,0.0,-2875000000.0,310000000.0,0.0,0.0,32000000.0,-1000000.0,0.0,0.0,0.0,0.0,6392000000,8013000000,1055000000.0,-145000000.0,910000000.0,https://www.sec.gov/Archives/edgar/data/320193/000110465906084288/a06-25759_210k.htm
57,2006-07-01,472000000.0,57000000.0,118000000.0,37000000.0,638000000.0,-228000000.0,-9000000.0,405000000.0,1007000000.0,-237000000.0,0.0,-601000000.0,0.0,531000000.0,24000000.0,74000000.0,73000000.0,0.0,129000000.0,0.0,1667000000.0,8013000000,6346000000,1007000000.0,-237000000.0,770000000.0,https://www.sec.gov/Archives/edgar/data/320193/000110465906084286/a06-23473_110q.htm
58,2006-04-01,410000000.0,50000000.0,13000000.0,42000000.0,-272000000.0,470000000.0,40000000.0,-788000000.0,-125000000.0,-193000000.0,0.0,-607000000.0,0.0,2462000000.0,62000000.0,78000000.0,-275000000.0,0.0,-141000000.0,0.0,2196000000.0,6346000000,4150000000,-125000000.0,-193000000.0,-318000000.0,https://www.sec.gov/Archives/edgar/data/320193/000110465906031303/a06-10806_110q.htm
59,2005-12-31,565000000.0,52000000.0,70000000.0,44000000.0,-448000000.0,-436000000.0,-79000000.0,1117000000.0,283000000.0,0.0,0.0,-3185000000.0,3396000000.0,0.0,0.0,134000000.0,0.0,0.0,0.0,0.0,0.0,4150000000,3491000000,283000000.0,-82000000.0,201000000.0,https://www.sec.gov/Archives/edgar/data/320193/000110465906005910/a06-3798_110q.htm
60,2005-09-24,428000000.0,51000000.0,50000000.0,11000000.0,560000000.0,-68000000.0,28000000.0,249000000.0,752000000.0,-96000000.0,0.0,-3846000000.0,0.0,-429000000.0,-91000000.0,74000000.0,74000000.0,0.0,74000000.0,0.0,397000000.0,3491000000,3094000000,752000000.0,-96000000.0,656000000.0,https://www.sec.gov/Archives/edgar/data/320193/000110465905058421/a05-20674_110k.htm
61,2005-06-25,315000000.0,46000000.0,-13000000.0,11000000.0,598000000.0,61000000.0,-29000000.0,-243000000.0,472000000.0,-63000000.0,0.0,-2320000000.0,0.0,305000000.0,61000000.0,63000000.0,63000000.0,0.0,63000000.0,0.0,840000000.0,3094000000,2254000000,472000000.0,-63000000.0,409000000.0,https://www.sec.gov/Archives/edgar/data/320193/000110465905035792/a05-12535_110q.htm
62,2005-03-26,290000000.0,41000000.0,21000000.0,10000000.0,557000000.0,-23000000.0,-8000000.0,36000000.0,536000000.0,-43000000.0,0.0,-2911000000.0,0.0,-909000000.0,10000000.0,152000000.0,152000000.0,0.0,152000000.0,0.0,-221000000.0,2254000000,2475000000,536000000.0,-43000000.0,493000000.0,https://www.sec.gov/Archives/edgar/data/320193/000110465905020421/a05-7551_110q.htm
63,2004-12-25,295000000.0,41000000.0,-8000000.0,10000000.0,694000000.0,-91000000.0,-55000000.0,286000000.0,775000000.0,-58000000.0,0.0,-2393000000.0,0.0,-1523000000.0,37000000.0,254000000.0,254000000.0,0.0,254000000.0,0.0,-494000000.0,2475000000,2969000000,775000000.0,-58000000.0,717000000.0,https://www.sec.gov/Archives/edgar/data/320193/000110465905003520/a05-2329_110q.htm
64,2004-09-25,96000000.0,40000000.0,24000000.0,10000000.0,273000000.0,-145000000.0,-29000000.0,390000000.0,443000000.0,-59000000.0,0.0,-976000000.0,0.0,-702000000.0,0.0,108000000.0,108000000.0,0.0,108000000.0,0.0,-151000000.0,2969000000,3120000000,443000000.0,-59000000.0,384000000.0,https://www.sec.gov/Archives/edgar/data/320193/000104746904035975/a2147337z10-k.htm
65,2004-06-26,61000000.0,41000000.0,-1000000.0,10000000.0,327000000.0,-44000000.0,-9000000.0,70000000.0,211000000.0,-38000000.0,0.0,-1318000000.0,0.0,-460000000.0,0.0,211000000.0,211000000.0,0.0,211000000.0,0.0,-38000000.0,3120000000,3158000000,211000000.0,-38000000.0,173000000.0,https://www.sec.gov/Archives/edgar/data/320193/000110465904022384/a04-8198_110q.htm
66,2004-03-27,46000000.0,36000000.0,-8000000.0,6000000.0,157000000.0,1000000.0,26000000.0,-94000000.0,61000000.0,-35000000.0,0.0,-581000000.0,0.0,-403000000.0,-308000000.0,76000000.0,76000000.0,0.0,-224000000.0,0.0,-566000000.0,3158000000,3724000000,61000000.0,-35000000.0,26000000.0,https://www.sec.gov/Archives/edgar/data/320193/000110465904013021/a04-5089_110q.htm
67,2003-12-27,63000000.0,33000000.0,4000000.0,7000000.0,117000000.0,180000000.0,-33000000.0,-69000000.0,219000000.0,-44000000.0,0.0,-395000000.0,0.0,77000000.0,8000000.0,32000000.0,32000000.0,0.0,32000000.0,0.0,328000000.0,3724000000,3396000000,219000000.0,-44000000.0,175000000.0,https://www.sec.gov/Archives/edgar/data/320193/000110465904003080/a04-1622_110q.htm
68,2003-09-27,44000000.0,29000000.0,5000000.0,16000000.0,9000000.0,-198000000.0,-18000000.0,274000000.0,73000000.0,-58000000.0,0.0,-667000000.0,0.0,-180000000.0,10000000.0,22000000.0,-4000000.0,0.0,-4000000.0,0.0,-111000000.0,3396000000,3507000000,73000000.0,-58000000.0,15000000.0,https://www.sec.gov/Archives/edgar/data/320193/000104746903041604/a2124888z10-k.htm
69,2003-06-28,19000000.0,24000000.0,-4000000.0,0.0,60000000.0,-76000000.0,3000000.0,-41000000.0,8000000.0,-46000000.0,0.0,-884000000.0,0.0,74000000.0,10000000.0,15000000.0,15000000.0,0.0,15000000.0,0.0,97000000.0,3507000000,3410000000,8000000.0,-46000000.0,-38000000.0,https://www.sec.gov/Archives/edgar/data/320193/000110465903017766/a03-2128_110q.htm
70,2003-03-29,14000000.0,29000000.0,-14000000.0,0.0,-328000000.0,5000000.0,3000000.0,104000000.0,98000000.0,-40000000.0,0.0,-423000000.0,0.0,697000000.0,8000000.0,3000000.0,3000000.0,0.0,3000000.0,0.0,798000000.0,3410000000,2612000000,98000000.0,-40000000.0,58000000.0,https://www.sec.gov/Archives/edgar/data/320193/000110465903009489/j0567_10q.htm
71,2002-12-28,-8000000.0,31000000.0,2000000.0,0.0,59000000.0,68000000.0,1000000.0,-94000000.0,110000000.0,-20000000.0,0.0,-674000000.0,0.0,237000000.0,17000000.0,13000000.0,13000000.0,0.0,13000000.0,0.0,360000000.0,2612000000,2252000000,110000000.0,-20000000.0,90000000.0,https://www.sec.gov/Archives/edgar/data/320193/000104746903004566/a2102387z10-q.htm
72,2002-09-28,-45000000.0,29000000.0,-32000000.0,0.0,5000000.0,61000000.0,-11000000.0,7000000.0,83000000.0,-64000000.0,0.0,-666000000.0,0.0,908000000.0,3000000.0,16000000.0,16000000.0,0.0,16000000.0,0.0,1006000000.0,2252000000,1246000000,83000000.0,-64000000.0,19000000.0,https://www.sec.gov/Archives/edgar/data/320193/000104746902007674/a2096490z10-k.htm
73,2002-06-29,32000000.0,28000000.0,-32000000.0,0.0,20000000.0,18000000.0,-8000000.0,-83000000.0,-37000000.0,-31000000.0,0.0,-581000000.0,0.0,82000000.0,1000000.0,42000000.0,42000000.0,0.0,42000000.0,0.0,87000000.0,1246000000,1159000000,-37000000.0,-31000000.0,-68000000.0,https://www.sec.gov/Archives/edgar/data/320193/000091205702030796/a2086025z10-q.htm
74,2002-03-30,40000000.0,29000000.0,40000000.0,0.0,12000000.0,-146000000.0,-3000000.0,157000000.0,2000000.0,-43000000.0,0.0,-1515000000.0,0.0,-825000000.0,-1000000.0,36000000.0,36000000.0,0.0,36000000.0,0.0,-787000000.0,1159000000,1946000000,2000000.0,-43000000.0,-41000000.0,https://www.sec.gov/Archives/edgar/data/320193/000091205702020280/a2079853z10-q.htm
75,2001-12-29,38000000.0,28000000.0,-10000000.0,0.0,68000000.0,-32000000.0,-12000000.0,29000000.0,42000000.0,-36000000.0,0.0,-1382000000.0,0.0,-417000000.0,8000000.0,11000000.0,11000000.0,0.0,11000000.0,0.0,-364000000.0,1946000000,2310000000,42000000.0,-36000000.0,6000000.0,https://www.sec.gov/Archives/edgar/data/320193/000091205702004945/a2069685z10-q.htm
76,2001-09-29,66000000.0,28000000.0,18000000.0,0.0,-9000000.0,132000000.0,8000000.0,-46000000.0,275000000.0,-163000000.0,0.0,-1260000000.0,0.0,-104000000.0,8000000.0,18000000.0,18000000.0,0.0,18000000.0,0.0,189000000.0,2310000000,2121000000,275000000.0,-163000000.0,112000000.0,https://www.sec.gov/Archives/edgar/data/320193/000091205701544436/a2066171z10-k405.htm
77,2001-06-30,61000000.0,26000000.0,23000000.0,0.0,-146000000.0,39000000.0,-9000000.0,-114000000.0,-33000000.0,0.0,0.0,-1174000000.0,1417000000.0,0.0,0.0,6000000.0,0.0,0.0,0.0,0.0,0.0,2121000000,2138000000,-33000000.0,-30000000.0,-63000000.0,https://www.sec.gov/Archives/edgar/data/320193/000091205701528148/a2056203z10-q.htm
78,2001-03-31,43000000.0,22000000.0,15000000.0,0.0,-120000000.0,-196000000.0,11000000.0,324000000.0,-44000000.0,0.0,0.0,-1200000000.0,1522000000.0,0.0,0.0,15000000.0,0.0,0.0,0.0,0.0,0.0,2138000000,1737000000,-44000000.0,-17000000.0,-61000000.0,https://www.sec.gov/Archives/edgar/data/320193/000091205701515409/a2048698z10-q.htm
79,2000-12-30,-195000000.0,24000000.0,-92000000.0,0.0,-205000000.0,512000000.0,12000000.0,520000000.0,-13000000.0,0.0,0.0,0.0,0.0,556000000.0,0.0,0.0,3000000.0,0.0,3000000.0,0.0,546000000.0,1737000000,1191000000,-13000000.0,-22000000.0,-35000000.0,https://www.sec.gov/Archives/edgar/data/320193/000091205701004642/a2038036z10-q.txt
80,2000-09-30,170000000.0,18000000.0,11000000.0,0.0,39000000.0,14000000.0,-28000000.0,117000000.0,158000000.0,0.0,0.0,-1244000000.0,890000000.0,0.0,0.0,35000000.0,-25000000.0,0.0,0.0,0.0,0.0,1191000000,1344000000,158000000.0,-31000000.0,127000000.0,https://www.sec.gov/Archives/edgar/data/320193/000091205700053623/a2032880z10-k.txt
81,2000-07-01,200000000.0,25000000.0,47000000.0,0.0,225000000.0,-27000000.0,5000000.0,71000000.0,234000000.0,0.0,0.0,0.0,0.0,-505000000.0,0.0,0.0,-47000000.0,0.0,-47000000.0,0.0,-318000000.0,1344000000,1662000000,234000000.0,-11000000.0,223000000.0,https://www.sec.gov/Archives/edgar/data/320193/000091205700033901/a10-q.txt
82,2000-04-01,233000000.0,21000000.0,41000000.0,0.0,115000000.0,-48000000.0,5000000.0,63000000.0,61000000.0,0.0,0.0,0.0,0.0,-15000000.0,0.0,0.0,30000000.0,0.0,30000000.0,0.0,76000000.0,1662000000,1586000000,61000000.0,-27000000.0,34000000.0,https://www.sec.gov/Archives/edgar/data/320193/0000912057-00-023442.txt
83,2000-01-01,183000000.0,20000000.0,64000000.0,0.0,208000000.0,-211000000.0,5000000.0,-362000000.0,373000000.0,0.0,0.0,0.0,0.0,-89000000.0,0.0,0.0,-24000000.0,0.0,-24000000.0,0.0,260000000.0,1586000000,1326000000,373000000.0,-38000000.0,335000000.0,
84,1999-09-25,111000000.0,19000000.0,-50000000.0,0.0,-23000000.0,215000000.0,-13000000.0,-20000000.0,242000000.0,0.0,0.0,0.0,0.0,-659000000.0,0.0,0.0,-30000000.0,0.0,-30000000.0,0.0,-447000000.0,1326000000,1773000000,242000000.0,-40000000.0,202000000.0,https://www.sec.gov/Archives/edgar/data/320193/0000912057-99-010244.txt
85,1999-06-26,203000000.0,19000000.0,9000000.0,0.0,211000000.0,-92000000.0,11000000.0,-1000000.0,88000000.0,0.0,0.0,0.0,0.0,322000000.0,0.0,0.0,6000000.0,0.0,5000000.0,0.0,415000000.0,1773000000,1358000000,88000000.0,-7000000.0,81000000.0,https://www.sec.gov/Archives/edgar/data/320193/0000320193-99-000009.txt
86,1999-03-27,135000000.0,24000000.0,-4000000.0,0.0,165000000.0,109000000.0,7000000.0,-136000000.0,269000000.0,0.0,0.0,0.0,0.0,-165000000.0,0.0,0.0,32000000.0,0.0,33000000.0,0.0,137000000.0,1358000000,1221000000,269000000.0,-19000000.0,250000000.0,https://www.sec.gov/Archives/edgar/data/320193/0000320193-99-000004.txt
87,1998-12-26,152000000.0,23000000.0,10000000.0,0.0,205000000.0,42000000.0,53000000.0,64000000.0,223000000.0,0.0,0.0,0.0,0.0,-486000000.0,0.0,0.0,3000000.0,0.0,3000000.0,0.0,-260000000.0,1221000000,1481000000,223000000.0,-5000000.0,218000000.0,
88,1998-09-25,106000000.0,23000000.0,-5000000.0,0.0,192000000.0,-40000000.0,51000000.0,-146000000.0,282000000.0,0.0,0.0,0.0,0.0,-32000000.0,0.0,0.0,27000000.0,0.0,28000000.0,0.0,278000000.0,1481000000,1203000000,282000000.0,-17000000.0,265000000.0,
89,1998-06-26,101000000.0,32000000.0,5000000.0,0.0,157000000.0,-108000000.0,128000000.0,-50000000.0,206000000.0,0.0,0.0,0.0,0.0,-267000000.0,0.0,0.0,2000000.0,0.0,-21000000.0,0.0,-82000000.0,1203000000,1285000000,206000000.0,-27000000.0,179000000.0,https://www.sec.gov/Archives/edgar/data/320193/0000320193-98-000008.txt
90,1998-03-27,55000000.0,28000000.0,-2000000.0,0.0,125000000.0,95000000.0,147000000.0,132000000.0,155000000.0,0.0,0.0,0.0,0.0,-74000000.0,0.0,0.0,11000000.0,0.0,11000000.0,0.0,92000000.0,1285000000,1193000000,155000000.0,-5000000.0,150000000.0,https://www.sec.gov/Archives/edgar/data/320193/0000320193-98-000006.txt
91,1997-12-26,47000000.0,28000000.0,3000000.0,0.0,98000000.0,133000000.0,33000000.0,30000000.0,132000000.0,0.0,0.0,0.0,0.0,-170000000.0,0.0,0.0,1000000.0,0.0,1000000.0,0.0,-37000000.0,1193000000,1230000000,132000000.0,-7000000.0,125000000.0,https://www.sec.gov/Archives/edgar/data/320193/0000320193-98-000003.txt
92,1997-09-26,-161000000.0,41000000.0,4000000.0,0.0,23000000.0,172000000.0,97000000.0,127000000.0,159000000.0,0.0,0.0,0.0,0.0,-17000000.0,0.0,0.0,172000000.0,0.0,70000000.0,0.0,212000000.0,1230000000,1018000000,159000000.0,-11000000.0,148000000.0,https://www.sec.gov/Archives/edgar/data/320193/0001047469-97-006960.txt
93,1997-06-27,-56000000.0,22000000.0,-9000000.0,0.0,-48000000.0,-58000000.0,-25000000.0,28000000.0,-206000000.0,0.0,0.0,0.0,0.0,-46000000.0,0.0,0.0,4000000.0,0.0,-3000000.0,0.0,-255000000.0,1018000000,1273000000,-206000000.0,-6000000.0,-212000000.0,https://www.sec.gov/Archives/edgar/data/320193/0000320193-97-000014.txt
94,1997-03-28,-708000000.0,30000000.0,-45000000.0,0.0,-744000000.0,343000000.0,-21000000.0,-20000000.0,109000000.0,0.0,0.0,0.0,0.0,32000000.0,0.0,0.0,5000000.0,0.0,-42000000.0,0.0,99000000.0,1273000000,1174000000,109000000.0,-16000000.0,93000000.0,https://www.sec.gov/Archives/edgar/data/320193/0000320193-97-000011.txt
95,1996-12-27,-120000000.0,25000000.0,0.0,0.0,-137000000.0,4000000.0,174000000.0,-29000000.0,92000000.0,0.0,0.0,0.0,0.0,-468000000.0,0.0,0.0,3000000.0,0.0,-2000000.0,0.0,-378000000.0,1174000000,1552000000,92000000.0,-20000000.0,72000000.0,https://www.sec.gov/Archives/edgar/data/320193/0000320193-97-000002.txt
96,1996-09-27,25000000.0,6000000.0,-35000000.0,0.0,-16000000.0,-204000000.0,399000000.0,-29000000.0,296000000.0,0.0,0.0,0.0,0.0,-116000000.0,0.0,0.0,14000000.0,0.0,13000000.0,0.0,193000000.0,1552000000,1359000000,296000000.0,-12000000.0,284000000.0,https://www.sec.gov/Archives/edgar/data/320193/0000320193-96-000023.txt
97,1996-06-28,-32000000.0,22000000.0,-74000000.0,0.0,524000000.0,74000000.0,405000000.0,55000000.0,287000000.0,0.0,0.0,0.0,0.0,88000000.0,0.0,0.0,3000000.0,0.0,484000000.0,0.0,859000000.0,1359000000,500000000,287000000.0,-13000000.0,274000000.0,https://www.sec.gov/Archives/edgar/data/320193/0000320193-96-000018.txt
98,1996-03-29,-740000000.0,46000000.0,-325000000.0,0.0,-842000000.0,578000000.0,481000000.0,614000000.0,-362000000.0,0.0,0.0,0.0,0.0,167000000.0,0.0,0.0,17000000.0,1000000.0,-129000000.0,0.0,-324000000.0,500000000,824000000,-362000000.0,-11000000.0,-373000000.0,https://www.sec.gov/Archives/edgar/data/320193/0000320193-96-000011.txt
99,1995-12-29,-69000000.0,42000000.0,-3000000.0,0.0,-53000000.0,-13000000.0,-172000000.0,-266000000.0,187000000.0,0.0,0.0,0.0,0.0,-147000000.0,0.0,0.0,5000000.0,-15000000.0,28000000.0,0.0,68000000.0,824000000,756000000,187000000.0,-31000000.0,156000000.0,https://www.sec.gov/Archives/edgar/data/320193/0000320193-96-000002.txt
100,1995-09-29,60000000.0,23000000.0,-66000000.0,0.0,-114000000.0,-378000000.0,-408000000.0,-117000000.0,-673000000.0,0.0,0.0,0.0,0.0,184000000.0,0.0,0.0,35000000.0,-15000000.0,77000000.0,0.0,-412000000.0,756000000,1168000000,-673000000.0,-49000000.0,-722000000.0,https://www.sec.gov/Archives/edgar/data/320193/0000320193-95-000016.txt
101,1995-06-30,103000000.0,37000000.0,14000000.0,0.0,-167000000.0,80000000.0,-383000000.0,195000000.0,-27000000.0,0.0,0.0,-630000000.0,733000000.0,0.0,0.0,13000000.0,0.0,-14000000.0,0.0,0.0,0.0,1168000000,1375000000,-27000000.0,-58000000.0,-85000000.0,https://www.sec.gov/Archives/edgar/data/320193/0000320193-95-000011.txt
102,1995-03-31,73000000.0,29000000.0,57000000.0,0.0,-91000000.0,-34000000.0,100000000.0,-102000000.0,7000000.0,0.0,0.0,-518000000.0,347000000.0,0.0,0.0,29000000.0,0.0,-15000000.0,0.0,0.0,0.0,1375000000,1148000000,7000000.0,-30000000.0,-23000000.0,https://www.sec.gov/Archives/edgar/data/320193/0000320193-95-000008.txt
103,1994-12-30,188000000.0,38000000.0,85000000.0,0.0,251000000.0,-18000000.0,4000000.0,-74000000.0,453000000.0,0.0,0.0,0.0,0.0,-419000000.0,0.0,0.0,9000000.0,-14000000.0,-89000000.0,0.0,-55000000.0,1148000000,1203000000,453000000.0,-22000000.0,431000000.0,https://www.sec.gov/Archives/edgar/data/320193/0000320193-95-000003.txt
104,1994-09-30,114655000.0,45620000.0,14600000.0,0.0,81102000.0,-304264000.0,108626000.0,185685000.0,242038000.0,0.0,0.0,-54845000.0,87076000.0,0.0,0.0,30073000.0,0.0,-14285000.0,0.0,0.0,0.0,1203488000,1141695000,242038000.0,-36212000.0,205826000.0,https://www.sec.gov/Archives/edgar/data/320193/0000320193-94-000016.txt
105,1994-07-01,139000000.0,41000000.0,-44000000.0,0.0,93000000.0,66000000.0,90000000.0,66000000.0,142000000.0,0.0,0.0,0.0,0.0,-102000000.0,0.0,0.0,4000000.0,-14000000.0,14000000.0,0.0,55000000.0,1142000000,1087000000,142000000.0,-24000000.0,118000000.0,https://www.sec.gov/Archives/edgar/data/320193/0000320193-94-000013.txt
106,1994-04-01,17000000.0,38000000.0,39000000.0,0.0,370000000.0,-95000000.0,52000000.0,-22000000.0,-17000000.0,0.0,0.0,0.0,0.0,64000000.0,0.0,0.0,43000000.0,-14000000.0,68000000.0,0.0,114000000.0,1086000000,972000000,-17000000.0,-75000000.0,-92000000.0,
