,index,Unnamed: 0,date,symbol,filing_date,accepted_date,period,revenue_sales,cost_of_sales_cost_of_revenue_cost_of_goods_sold,gross_profit_gross_income,gross_income_ratio_gross_profit_ratio,research_and_development_expenses,general_and_administrative_expenses,s_and_m_selling_and_marketing_expenses,other_expenses,operating_expenses,cost_and_expenses,interest_expense,depreciation_and_amortization,ebitda,ebitda_ratio,operating_income,operating_income_ratio,other_income_other_expenses_net,income_before_tax_provisions,income_before_tax_ratio,income_tax_expense_provisions,net_income,net_income_ratio,eps_earnings_per_share,eps_earnings_per_share_diluted,shares_outstanding,shares_outstanding_weighted_diluted,sec_filing_url,sec_statement_url,pct_chg_temp
0,0,0.0,2020-12-31,AAPL,2020-10-30,2020-10-29 18:06:25,FY,68628750000.0,42389750000.0,26239000000.0,0.09558311931952726,4688000000.0,4979000000.0,0.0,200750000.0,9667000000.0,52056750000.0,0.0,2764000000.0,19336000000.0,0.07043695244340024,16572000000.0,0.06036828588601724,200750000.0,16772750000.0,0.06109957561517575,2420000000.0,14352750000.0,0.05228402819518049,0.8275,0.82,4338029750.0,4382053500.0,https://www.sec.gov/Archives/edgar/data/320193/000032019320000096/0000320193-20-000096-index.htm,https://www.sec.gov/Archives/edgar/data/320193/000032019320000096/aapl-20200926.htm,1.0
1,0,0.0,2020-09-30,AAPL,2020-10-30,2020-10-29 18:06:25,FY,68628750000.0,42389750000.0,26239000000.0,0.09558311931952726,4688000000.0,4979000000.0,0.0,200750000.0,9667000000.0,52056750000.0,0.0,2764000000.0,19336000000.0,0.07043695244340024,16572000000.0,0.06036828588601724,200750000.0,16772750000.0,0.06109957561517575,2420000000.0,14352750000.0,0.05228402819518049,0.8275,0.82,4338029750.0,4382053500.0,https://www.sec.gov/Archives/edgar/data/320193/000032019320000096/0000320193-20-000096-index.htm,https://www.sec.gov/Archives/edgar/data/320193/000032019320000096/aapl-20200926.htm,1.0
2,0,0.0,2020-06-30,AAPL,2020-10-30,2020-10-29 18:06:25,FY,68628750000.0,42389750000.0,26239000000.0,0.09558311931952726,4688000000.0,4979000000.0,0.0,200750000.0,9667000000.0,52056750000.0,0.0,2764000000.0,19336000000.0,0.07043695244340024,16572000000.0,0.06036828588601724,200750000.0,16772750000.0,0.06109957561517575,2420000000.0,14352750000.0,0.05228402819518049,0.8275,0.82,4338029750.0,4382053500.0,https://www.sec.gov/Archives/edgar/data/320193/000032019320000096/0000320193-20-000096-index.htm,https://www.sec.gov/Archives/edgar/data/320193/000032019320000096/aapl-20200926.htm,1.0
3,0,0.0,2020-03-31,AAPL,2020-10-30,2020-10-29 18:06:25,FY,68628750000.0,42389750000.0,26239000000.0,0.09558311931952726,4688000000.0,4979000000.0,0.0,200750000.0,9667000000.0,52056750000.0,0.0,2764000000.0,19336000000.0,0.07043695244340024,16572000000.0,0.06036828588601724,200750000.0,16772750000.0,0.06109957561517575,2420000000.0,14352750000.0,0.05228402819518049,0.8275,0.82,4338029750.0,4382053500.0,https://www.sec.gov/Archives/edgar/data/320193/000032019320000096/0000320193-20-000096-index.htm,https://www.sec.gov/Archives/edgar/data/320193/000032019320000096/aapl-20200926.htm,1.0368840919755984
4,1,0.0,2019-12-31,AAPL,2019-10-31 00:00:00,2019-10-30 18:12:36,FY,65043500000.0,40445500000.0,24598000000.0,0.0945445,4054250000.0,4561250000.0,0.0,451750000.0,8615500000.0,49061000000.0,894000000.0,3136750000.0,20465000000.0,0.078659,15982500000.0,0.06143,105500000.0,16434250000.0,0.0631665,2620250000.0,13814000000.0,0.05309525,0.7428625,0.7428625,4648913000.0,4648913000.0,https://www.sec.gov/Archives/edgar/data/320193/000032019319000119/0000320193-19-000119-index.html,https://www.sec.gov/Archives/edgar/data/320193/000032019319000119/a10-k20199282019.htm,1.0
5,1,0.0,2019-09-30,AAPL,2019-10-31 00:00:00,2019-10-30 18:12:36,FY,65043500000.0,40445500000.0,24598000000.0,0.0945445,4054250000.0,4561250000.0,0.0,451750000.0,8615500000.0,49061000000.0,894000000.0,3136750000.0,20465000000.0,0.078659,15982500000.0,0.06143,105500000.0,16434250000.0,0.0631665,2620250000.0,13814000000.0,0.05309525,0.7428625,0.7428625,4648913000.0,4648913000.0,https://www.sec.gov/Archives/edgar/data/320193/000032019319000119/0000320193-19-000119-index.html,https://www.sec.gov/Archives/edgar/data/320193/000032019319000119/a10-k20199282019.htm,1.0
6,1,0.0,2019-06-30,AAPL,2019-10-31 00:00:00,2019-10-30 18:12:36,FY,65043500000.0,40445500000.0,24598000000.0,0.0945445,4054250000.0,4561250000.0,0.0,451750000.0,8615500000.0,49061000000.0,894000000.0,3136750000.0,20465000000.0,0.078659,15982500000.0,0.06143,105500000.0,16434250000.0,0.0631665,2620250000.0,13814000000.0,0.05309525,0.7428625,0.7428625,4648913000.0,4648913000.0,https://www.sec.gov/Archives/edgar/data/320193/000032019319000119/0000320193-19-000119-index.html,https://www.sec.gov/Archives/edgar/data/320193/000032019319000119/a10-k20199282019.htm,1.0
7,1,0.0,2019-03-31,AAPL,2019-10-31 00:00:00,2019-10-30 18:12:36,FY,65043500000.0,40445500000.0,24598000000.0,0.0945445,4054250000.0,4561250000.0,0.0,451750000.0,8615500000.0,49061000000.0,894000000.0,3136750000.0,20465000000.0,0.078659,15982500000.0,0.06143,105500000.0,16434250000.0,0.0631665,2620250000.0,13814000000.0,0.05309525,0.7428625,0.7428625,4648913000.0,4648913000.0,https://www.sec.gov/Archives/edgar/data/320193/000032019319000119/0000320193-19-000119-index.html,https://www.sec.gov/Archives/edgar/data/320193/000032019319000119/a10-k20199282019.htm,0.901717961014415
8,2,0.0,2018-12-31,AAPL,2018-11-05 00:00:00,2018-11-05 08:01:40,FY,66398750000.0,40939000000.0,25459750000.0,0.09585925,3559000000.0,4176250000.0,0.0,501250000.0,7735250000.0,48674250000.0,810000000.0,2725750000.0,21386500000.0,0.080523,17724500000.0,0.066735,-110250000.0,18225750000.0,0.06862225,2968000000.0,14882750000.0,0.0560355,0.7441225,0.7441225,5000109000.0,5000109000.0,https://www.sec.gov/Archives/edgar/data/320193/000032019318000145/0000320193-18-000145-index.html,https://www.sec.gov/Archives/edgar/data/320193/000032019318000145/a10-k20189292018.htm,1.0
9,2,0.0,2018-09-30,AAPL,2018-11-05 00:00:00,2018-11-05 08:01:40,FY,66398750000.0,40939000000.0,25459750000.0,0.09585925,3559000000.0,4176250000.0,0.0,501250000.0,7735250000.0,48674250000.0,810000000.0,2725750000.0,21386500000.0,0.080523,17724500000.0,0.066735,-110250000.0,18225750000.0,0.06862225,2968000000.0,14882750000.0,0.0560355,0.7441225,0.7441225,5000109000.0,5000109000.0,https://www.sec.gov/Archives/edgar/data/320193/000032019318000145/0000320193-18-000145-index.html,https://www.sec.gov/Archives/edgar/data/320193/000032019318000145/a10-k20189292018.htm,1.0
10,2,0.0,2018-06-30,AAPL,2018-11-05 00:00:00,2018-11-05 08:01:40,FY,66398750000.0,40939000000.0,25459750000.0,0.09585925,3559000000.0,4176250000.0,0.0,501250000.0,7735250000.0,48674250000.0,810000000.0,2725750000.0,21386500000.0,0.080523,17724500000.0,0.066735,-110250000.0,18225750000.0,0.06862225,2968000000.0,14882750000.0,0.0560355,0.7441225,0.7441225,5000109000.0,5000109000.0,https://www.sec.gov/Archives/edgar/data/320193/000032019318000145/0000320193-18-000145-index.html,https://www.sec.gov/Archives/edgar/data/320193/000032019318000145/a10-k20189292018.htm,1.0
11,2,0.0,2018-03-31,AAPL,2018-11-05 00:00:00,2018-11-05 08:01:40,FY,66398750000.0,40939000000.0,25459750000.0,0.09585925,3559000000.0,4176250000.0,0.0,501250000.0,7735250000.0,48674250000.0,810000000.0,2725750000.0,21386500000.0,0.080523,17724500000.0,0.066735,-110250000.0,18225750000.0,0.06862225,2968000000.0,14882750000.0,0.0560355,0.7441225,0.7441225,5000109000.0,5000109000.0,https://www.sec.gov/Archives/edgar/data/320193/000032019318000145/0000320193-18-000145-index.html,https://www.sec.gov/Archives/edgar/data/320193/000032019318000145/a10-k20189292018.htm,1.155744653103808
12,3,0.0,2017-12-31,AAPL,2017-11-03 00:00:00,2017-11-03 08:01:37,FY,57308500000.0,35262000000.0,22046500000.0,0.09617465122974778,2895250000.0,3815250000.0,0.0,-33250000.0,6710500000.0,41972500000.0,580750000.0,0.0,19142250000.0,0.08350528281145031,15336000000.0,0.06989473638291002,-33250000.0,16022250000.0,0.06989473638291002,3934500000.0,12087750000.0,0.05273105211268834,0.579375,0.575625,5217242000.0,5251692000.0,https://www.sec.gov/Archives/edgar/data/320193/000032019317000070/0000320193-17-000070-index.html,https://www.sec.gov/Archives/edgar/data/320193/000032019317000070/a10-k20179302017.htm,1.0
13,3,0.0,2017-09-30,AAPL,2017-11-03 00:00:00,2017-11-03 08:01:37,FY,57308500000.0,35262000000.0,22046500000.0,0.09617465122974778,2895250000.0,3815250000.0,0.0,-33250000.0,6710500000.0,41972500000.0,580750000.0,0.0,19142250000.0,0.08350528281145031,15336000000.0,0.06989473638291002,-33250000.0,16022250000.0,0.06989473638291002,3934500000.0,12087750000.0,0.05273105211268834,0.579375,0.575625,5217242000.0,5251692000.0,https://www.sec.gov/Archives/edgar/data/320193/000032019317000070/0000320193-17-000070-index.html,https://www.sec.gov/Archives/edgar/data/320193/000032019317000070/a10-k20179302017.htm,1.0
14,3,0.0,2017-06-30,AAPL,2017-11-03 00:00:00,2017-11-03 08:01:37,FY,57308500000.0,35262000000.0,22046500000.0,0.09617465122974778,2895250000.0,3815250000.0,0.0,-33250000.0,6710500000.0,41972500000.0,580750000.0,0.0,19142250000.0,0.08350528281145031,15336000000.0,0.06989473638291002,-33250000.0,16022250000.0,0.06989473638291002,3934500000.0,12087750000.0,0.05273105211268834,0.579375,0.575625,5217242000.0,5251692000.0,https://www.sec.gov/Archives/edgar/data/320193/000032019317000070/0000320193-17-000070-index.html,https://www.sec.gov/Archives/edgar/data/320193/000032019317000070/a10-k20179302017.htm,1.0
15,3,0.0,2017-03-31,AAPL,2017-11-03 00:00:00,2017-11-03 08:01:37,FY,57308500000.0,35262000000.0,22046500000.0,0.09617465122974778,2895250000.0,3815250000.0,0.0,-33250000.0,6710500000.0,41972500000.0,580750000.0,0.0,19142250000.0,0.08350528281145031,15336000000.0,0.06989473638291002,-33250000.0,16022250000.0,0.06989473638291002,3934500000.0,12087750000.0,0.05273105211268834,0.579375,0.575625,5217242000.0,5251692000.0,https://www.sec.gov/Archives/edgar/data/320193/000032019317000070/0000320193-17-000070-index.html,https://www.sec.gov/Archives/edgar/data/320193/000032019317000070/a10-k20179302017.htm,1.0219912035185925
16,4,0.0,2016-12-31,AAPL,2016-10-26 00:00:00,2016-10-26 16:42:16,FY,53909750000.0,32844000000.0,21065750000.0,0.09769,2511250000.0,3548500000.0,0.0,337000000.0,6059750000.0,38903750000.0,364000000.0,2626250000.0,18333250000.0,0.08501825,15006000000.0,0.0695885,-298750000.0,15343000000.0,0.07115125,3921250000.0,11421750000.0,0.05296699999999999,0.519145,0.519145,5500281000.0,5500281000.0,https://www.sec.gov/Archives/edgar/data/320193/000162828016020309/0001628280-16-020309-index.html,https://www.sec.gov/Archives/edgar/data/320193/000162828016020309/a201610-k9242016.htm,1.0
17,4,0.0,2016-09-30,AAPL,2016-10-26 00:00:00,2016-10-26 16:42:16,FY,53909750000.0,32844000000.0,21065750000.0,0.09769,2511250000.0,3548500000.0,0.0,337000000.0,6059750000.0,38903750000.0,364000000.0,2626250000.0,18333250000.0,0.08501825,15006000000.0,0.0695885,-298750000.0,15343000000.0,0.07115125,3921250000.0,11421750000.0,0.05296699999999999,0.519145,0.519145,5500281000.0,5500281000.0,https://www.sec.gov/Archives/edgar/data/320193/000162828016020309/0001628280-16-020309-index.html,https://www.sec.gov/Archives/edgar/data/320193/000162828016020309/a201610-k9242016.htm,1.0
18,4,0.0,2016-06-30,AAPL,2016-10-26 00:00:00,2016-10-26 16:42:16,FY,53909750000.0,32844000000.0,21065750000.0,0.09769,2511250000.0,3548500000.0,0.0,337000000.0,6059750000.0,38903750000.0,364000000.0,2626250000.0,18333250000.0,0.08501825,15006000000.0,0.0695885,-298750000.0,15343000000.0,0.07115125,3921250000.0,11421750000.0,0.05296699999999999,0.519145,0.519145,5500281000.0,5500281000.0,https://www.sec.gov/Archives/edgar/data/320193/000162828016020309/0001628280-16-020309-index.html,https://www.sec.gov/Archives/edgar/data/320193/000162828016020309/a201610-k9242016.htm,1.0
19,4,0.0,2016-03-31,AAPL,2016-10-26 00:00:00,2016-10-26 16:42:16,FY,53909750000.0,32844000000.0,21065750000.0,0.09769,2511250000.0,3548500000.0,0.0,337000000.0,6059750000.0,38903750000.0,364000000.0,2626250000.0,18333250000.0,0.08501825,15006000000.0,0.0695885,-298750000.0,15343000000.0,0.07115125,3921250000.0,11421750000.0,0.05296699999999999,0.519145,0.519145,5500281000.0,5500281000.0,https://www.sec.gov/Archives/edgar/data/320193/000162828016020309/0001628280-16-020309-index.html,https://www.sec.gov/Archives/edgar/data/320193/000162828016020309/a201610-k9242016.htm,0.8426786466376527
20,5,0.0,2015-12-31,AAPL,2015-10-28 00:00:00,2015-10-28 16:31:09,FY,58428750000.0,35022250000.0,23406500000.0,0.10014975,2016750000.0,3582250000.0,0.0,321250000.0,5599000000.0,40621250000.0,183250000.0,2814250000.0,21126250000.0,0.09039325,17807500000.0,0.07619325,-225750000.0,18128750000.0,0.07756775,4780250000.0,13348500000.0,0.0571145,0.576055,0.576055,5793069000.0,5793069000.0,https://www.sec.gov/Archives/edgar/data/320193/000119312515356351/0001193125-15-356351-index.html,https://www.sec.gov/Archives/edgar/data/320193/000119312515356351/d17062d10k.htm,1.0
21,5,0.0,2015-09-30,AAPL,2015-10-28 00:00:00,2015-10-28 16:31:09,FY,58428750000.0,35022250000.0,23406500000.0,0.10014975,2016750000.0,3582250000.0,0.0,321250000.0,5599000000.0,40621250000.0,183250000.0,2814250000.0,21126250000.0,0.09039325,17807500000.0,0.07619325,-225750000.0,18128750000.0,0.07756775,4780250000.0,13348500000.0,0.0571145,0.576055,0.576055,5793069000.0,5793069000.0,https://www.sec.gov/Archives/edgar/data/320193/000119312515356351/0001193125-15-356351-index.html,https://www.sec.gov/Archives/edgar/data/320193/000119312515356351/d17062d10k.htm,1.0
22,5,0.0,2015-06-30,AAPL,2015-10-28 00:00:00,2015-10-28 16:31:09,FY,58428750000.0,35022250000.0,23406500000.0,0.10014975,2016750000.0,3582250000.0,0.0,321250000.0,5599000000.0,40621250000.0,183250000.0,2814250000.0,21126250000.0,0.09039325,17807500000.0,0.07619325,-225750000.0,18128750000.0,0.07756775,4780250000.0,13348500000.0,0.0571145,0.576055,0.576055,5793069000.0,5793069000.0,https://www.sec.gov/Archives/edgar/data/320193/000119312515356351/0001193125-15-356351-index.html,https://www.sec.gov/Archives/edgar/data/320193/000119312515356351/d17062d10k.htm,1.0
23,5,0.0,2015-03-31,AAPL,2015-10-28 00:00:00,2015-10-28 16:31:09,FY,58428750000.0,35022250000.0,23406500000.0,0.10014975,2016750000.0,3582250000.0,0.0,321250000.0,5599000000.0,40621250000.0,183250000.0,2814250000.0,21126250000.0,0.09039325,17807500000.0,0.07619325,-225750000.0,18128750000.0,0.07756775,4780250000.0,13348500000.0,0.0571145,0.576055,0.576055,5793069000.0,5793069000.0,https://www.sec.gov/Archives/edgar/data/320193/000119312515356351/0001193125-15-356351-index.html,https://www.sec.gov/Archives/edgar/data/320193/000119312515356351/d17062d10k.htm,1.356684379940194
24,6,0.0,2014-12-31,AAPL,2014-10-27 00:00:00,2014-10-27 17:11:55,FY,45698750000.0,28064500000.0,17634250000.0,0.09647,1510250000.0,2998250000.0,0.0,245000000.0,4508500000.0,32573000000.0,96000000.0,1986500000.0,15453250000.0,0.08453875000000001,13125750000.0,0.07180575,-77750000.0,13370750000.0,0.07314625,3493250000.0,9877500000.0,0.054036,0.40329499999999996,0.40329499999999996,6123000000.0,6123000000.0,https://www.sec.gov/Archives/edgar/data/320193/000119312514383437/0001193125-14-383437-index.html,https://www.sec.gov/Archives/edgar/data/320193/000119312514383437/d783162d10k.htm,1.0
25,6,0.0,2014-09-30,AAPL,2014-10-27 00:00:00,2014-10-27 17:11:55,FY,45698750000.0,28064500000.0,17634250000.0,0.09647,1510250000.0,2998250000.0,0.0,245000000.0,4508500000.0,32573000000.0,96000000.0,1986500000.0,15453250000.0,0.08453875000000001,13125750000.0,0.07180575,-77750000.0,13370750000.0,0.07314625,3493250000.0,9877500000.0,0.054036,0.40329499999999996,0.40329499999999996,6123000000.0,6123000000.0,https://www.sec.gov/Archives/edgar/data/320193/000119312514383437/0001193125-14-383437-index.html,https://www.sec.gov/Archives/edgar/data/320193/000119312514383437/d783162d10k.htm,1.0
26,6,0.0,2014-06-30,AAPL,2014-10-27 00:00:00,2014-10-27 17:11:55,FY,45698750000.0,28064500000.0,17634250000.0,0.09647,1510250000.0,2998250000.0,0.0,245000000.0,4508500000.0,32573000000.0,96000000.0,1986500000.0,15453250000.0,0.08453875000000001,13125750000.0,0.07180575,-77750000.0,13370750000.0,0.07314625,3493250000.0,9877500000.0,0.054036,0.40329499999999996,0.40329499999999996,6123000000.0,6123000000.0,https://www.sec.gov/Archives/edgar/data/320193/000119312514383437/0001193125-14-383437-index.html,https://www.sec.gov/Archives/edgar/data/320193/000119312514383437/d783162d10k.htm,1.0
27,6,0.0,2014-03-31,AAPL,2014-10-27 00:00:00,2014-10-27 17:11:55,FY,45698750000.0,28064500000.0,17634250000.0,0.09647,1510250000.0,2998250000.0,0.0,245000000.0,4508500000.0,32573000000.0,96000000.0,1986500000.0,15453250000.0,0.08453875000000001,13125750000.0,0.07180575,-77750000.0,13370750000.0,0.07314625,3493250000.0,9877500000.0,0.054036,0.40329499999999996,0.40329499999999996,6123000000.0,6123000000.0,https://www.sec.gov/Archives/edgar/data/320193/000119312514383437/0001193125-14-383437-index.html,https://www.sec.gov/Archives/edgar/data/320193/000119312514383437/d783162d10k.htm,1.0715116635033368
28,7,0.0,2013-12-31,AAPL,2013-10-30 00:00:00,2013-10-29 20:38:28,FY,42727500000.0,26651500000.0,16076000000.0,0.09406125,1118750000.0,2707500000.0,0.0,289000000.0,3826250000.0,30477750000.0,34000000.0,1689250000.0,14262000000.0,0.08344750000000001,12249750000.0,0.07167375,-6000000.0,12538750000.0,0.07336475,3279500000.0,9259250000.0,0.05417625,0.3549225,0.3549225,6522000000.0,6522000000.0,https://www.sec.gov/Archives/edgar/data/320193/000119312513416534/0001193125-13-416534-index.html,https://www.sec.gov/Archives/edgar/data/320193/000119312513416534/d590790d10k.htm,1.0
29,7,0.0,2013-09-30,AAPL,2013-10-30 00:00:00,2013-10-29 20:38:28,FY,42727500000.0,26651500000.0,16076000000.0,0.09406125,1118750000.0,2707500000.0,0.0,289000000.0,3826250000.0,30477750000.0,34000000.0,1689250000.0,14262000000.0,0.08344750000000001,12249750000.0,0.07167375,-6000000.0,12538750000.0,0.07336475,3279500000.0,9259250000.0,0.05417625,0.3549225,0.3549225,6522000000.0,6522000000.0,https://www.sec.gov/Archives/edgar/data/320193/000119312513416534/0001193125-13-416534-index.html,https://www.sec.gov/Archives/edgar/data/320193/000119312513416534/d590790d10k.htm,1.0
30,7,0.0,2013-06-30,AAPL,2013-10-30 00:00:00,2013-10-29 20:38:28,FY,42727500000.0,26651500000.0,16076000000.0,0.09406125,1118750000.0,2707500000.0,0.0,289000000.0,3826250000.0,30477750000.0,34000000.0,1689250000.0,14262000000.0,0.08344750000000001,12249750000.0,0.07167375,-6000000.0,12538750000.0,0.07336475,3279500000.0,9259250000.0,0.05417625,0.3549225,0.3549225,6522000000.0,6522000000.0,https://www.sec.gov/Archives/edgar/data/320193/000119312513416534/0001193125-13-416534-index.html,https://www.sec.gov/Archives/edgar/data/320193/000119312513416534/d590790d10k.htm,1.0
31,7,0.0,2013-03-31,AAPL,2013-10-30 00:00:00,2013-10-29 20:38:28,FY,42727500000.0,26651500000.0,16076000000.0,0.09406125,1118750000.0,2707500000.0,0.0,289000000.0,3826250000.0,30477750000.0,34000000.0,1689250000.0,14262000000.0,0.08344750000000001,12249750000.0,0.07167375,-6000000.0,12538750000.0,0.07336475,3279500000.0,9259250000.0,0.05417625,0.3549225,0.3549225,6522000000.0,6522000000.0,https://www.sec.gov/Archives/edgar/data/320193/000119312513416534/0001193125-13-416534-index.html,https://www.sec.gov/Archives/edgar/data/320193/000119312513416534/d590790d10k.htm,0.8870042178816459
32,8,0.0,2012-12-31,AAPL,2012-10-31 00:00:00,2012-10-31 17:07:19,FY,39127000000.0,21961500000.0,17165500000.0,0.109678,845250000.0,2510000000.0,0.0,130500000.0,3355250000.0,25316750000.0,272000000.0,819250000.0,15032000000.0,0.09604625,13810250000.0,0.08824,-141500000.0,13940750000.0,0.08907375,3507500000.0,10433250000.0,0.06666275,0.3941825,0.3941825,6617000000.0,6617000000.0,https://www.sec.gov/Archives/edgar/data/320193/000119312512444068/0001193125-12-444068-index.html,https://www.sec.gov/Archives/edgar/data/320193/000119312512444068/d411355d10k.htm,1.0
33,8,0.0,2012-09-30,AAPL,2012-10-31 00:00:00,2012-10-31 17:07:19,FY,39127000000.0,21961500000.0,17165500000.0,0.109678,845250000.0,2510000000.0,0.0,130500000.0,3355250000.0,25316750000.0,272000000.0,819250000.0,15032000000.0,0.09604625,13810250000.0,0.08824,-141500000.0,13940750000.0,0.08907375,3507500000.0,10433250000.0,0.06666275,0.3941825,0.3941825,6617000000.0,6617000000.0,https://www.sec.gov/Archives/edgar/data/320193/000119312512444068/0001193125-12-444068-index.html,https://www.sec.gov/Archives/edgar/data/320193/000119312512444068/d411355d10k.htm,1.0
34,8,0.0,2012-06-30,AAPL,2012-10-31 00:00:00,2012-10-31 17:07:19,FY,39127000000.0,21961500000.0,17165500000.0,0.109678,845250000.0,2510000000.0,0.0,130500000.0,3355250000.0,25316750000.0,272000000.0,819250000.0,15032000000.0,0.09604625,13810250000.0,0.08824,-141500000.0,13940750000.0,0.08907375,3507500000.0,10433250000.0,0.06666275,0.3941825,0.3941825,6617000000.0,6617000000.0,https://www.sec.gov/Archives/edgar/data/320193/000119312512444068/0001193125-12-444068-index.html,https://www.sec.gov/Archives/edgar/data/320193/000119312512444068/d411355d10k.htm,1.0
35,8,0.0,2012-03-31,AAPL,2012-10-31 00:00:00,2012-10-31 17:07:19,FY,39127000000.0,21961500000.0,17165500000.0,0.109678,845250000.0,2510000000.0,0.0,130500000.0,3355250000.0,25316750000.0,272000000.0,819250000.0,15032000000.0,0.09604625,13810250000.0,0.08824,-141500000.0,13940750000.0,0.08907375,3507500000.0,10433250000.0,0.06666275,0.3941825,0.3941825,6617000000.0,6617000000.0,https://www.sec.gov/Archives/edgar/data/320193/000119312512444068/0001193125-12-444068-index.html,https://www.sec.gov/Archives/edgar/data/320193/000119312512444068/d411355d10k.htm,1.634832790766499
36,9,0.0,2011-12-31,AAPL,2011-10-26 00:00:00,2011-10-26 16:35:25,FY,27062250000.0,16107750000.0,10954500000.0,0.10119725,607250000.0,1899750000.0,0.0,103750000.0,2507000000.0,18614750000.0,129750000.0,453500000.0,9134500000.0,0.08438425,8447500000.0,0.07803775,-26000000.0,8551250000.0,0.078996,2070750000.0,6480500000.0,0.059866499999999996,0.24708249999999998,0.24708249999999998,6557000000.0,6557000000.0,https://www.sec.gov/Archives/edgar/data/320193/000119312511282113/0001193125-11-282113-index.html,https://www.sec.gov/Archives/edgar/data/320193/000119312511282113/d220209d10k.htm,1.0
37,9,0.0,2011-09-30,AAPL,2011-10-26 00:00:00,2011-10-26 16:35:25,FY,27062250000.0,16107750000.0,10954500000.0,0.10119725,607250000.0,1899750000.0,0.0,103750000.0,2507000000.0,18614750000.0,129750000.0,453500000.0,9134500000.0,0.08438425,8447500000.0,0.07803775,-26000000.0,8551250000.0,0.078996,2070750000.0,6480500000.0,0.059866499999999996,0.24708249999999998,0.24708249999999998,6557000000.0,6557000000.0,https://www.sec.gov/Archives/edgar/data/320193/000119312511282113/0001193125-11-282113-index.html,https://www.sec.gov/Archives/edgar/data/320193/000119312511282113/d220209d10k.htm,1.0
38,9,0.0,2011-06-30,AAPL,2011-10-26 00:00:00,2011-10-26 16:35:25,FY,27062250000.0,16107750000.0,10954500000.0,0.10119725,607250000.0,1899750000.0,0.0,103750000.0,2507000000.0,18614750000.0,129750000.0,453500000.0,9134500000.0,0.08438425,8447500000.0,0.07803775,-26000000.0,8551250000.0,0.078996,2070750000.0,6480500000.0,0.059866499999999996,0.24708249999999998,0.24708249999999998,6557000000.0,6557000000.0,https://www.sec.gov/Archives/edgar/data/320193/000119312511282113/0001193125-11-282113-index.html,https://www.sec.gov/Archives/edgar/data/320193/000119312511282113/d220209d10k.htm,1.0
39,9,0.0,2011-03-31,AAPL,2011-10-26 00:00:00,2011-10-26 16:35:25,FY,27062250000.0,16107750000.0,10954500000.0,0.10119725,607250000.0,1899750000.0,0.0,103750000.0,2507000000.0,18614750000.0,129750000.0,453500000.0,9134500000.0,0.08438425,8447500000.0,0.07803775,-26000000.0,8551250000.0,0.078996,2070750000.0,6480500000.0,0.059866499999999996,0.24708249999999998,0.24708249999999998,6557000000.0,6557000000.0,https://www.sec.gov/Archives/edgar/data/320193/000119312511282113/0001193125-11-282113-index.html,https://www.sec.gov/Archives/edgar/data/320193/000119312511282113/d220209d10k.htm,1.8379113407669296
40,10,0.0,2010-12-31,AAPL,2010-10-27 00:00:00,2010-10-27 16:36:21,FY,16306250000.0,988525000.0,6421000000.0,0.09844375,445500000.0,1379250000.0,0.0,38750000.0,1824750000.0,11710000000.0,77750000.0,256750000.0,4969500000.0,0.07619,4596250000.0,0.0704675,-39000000.0,4635000000.0,0.07106174999999999,1131750000.0,3503250000.0,0.053710249999999994,0.13530250000000002,0.13530250000000002,6473000000.0,6473000000.0,https://www.sec.gov/Archives/edgar/data/320193/000119312510238044/0001193125-10-238044-index.html,https://www.sec.gov/Archives/edgar/data/320193/000119312510238044/d10k.htm,1.0
41,10,0.0,2010-09-30,AAPL,2010-10-27 00:00:00,2010-10-27 16:36:21,FY,16306250000.0,988525000.0,6421000000.0,0.09844375,445500000.0,1379250000.0,0.0,38750000.0,1824750000.0,11710000000.0,77750000.0,256750000.0,4969500000.0,0.07619,4596250000.0,0.0704675,-39000000.0,4635000000.0,0.07106174999999999,1131750000.0,3503250000.0,0.053710249999999994,0.13530250000000002,0.13530250000000002,6473000000.0,6473000000.0,https://www.sec.gov/Archives/edgar/data/320193/000119312510238044/0001193125-10-238044-index.html,https://www.sec.gov/Archives/edgar/data/320193/000119312510238044/d10k.htm,1.0
42,10,0.0,2010-06-30,AAPL,2010-10-27 00:00:00,2010-10-27 16:36:21,FY,16306250000.0,988525000.0,6421000000.0,0.09844375,445500000.0,1379250000.0,0.0,38750000.0,1824750000.0,11710000000.0,77750000.0,256750000.0,4969500000.0,0.07619,4596250000.0,0.0704675,-39000000.0,4635000000.0,0.07106174999999999,1131750000.0,3503250000.0,0.053710249999999994,0.13530250000000002,0.13530250000000002,6473000000.0,6473000000.0,https://www.sec.gov/Archives/edgar/data/320193/000119312510238044/0001193125-10-238044-index.html,https://www.sec.gov/Archives/edgar/data/320193/000119312510238044/d10k.htm,1.0
43,10,0.0,2010-03-31,AAPL,2010-10-27 00:00:00,2010-10-27 16:36:21,FY,16306250000.0,988525000.0,6421000000.0,0.09844375,445500000.0,1379250000.0,0.0,38750000.0,1824750000.0,11710000000.0,77750000.0,256750000.0,4969500000.0,0.07619,4596250000.0,0.0704675,-39000000.0,4635000000.0,0.07106174999999999,1131750000.0,3503250000.0,0.053710249999999994,0.13530250000000002,0.13530250000000002,6473000000.0,6473000000.0,https://www.sec.gov/Archives/edgar/data/320193/000119312510238044/0001193125-10-238044-index.html,https://www.sec.gov/Archives/edgar/data/320193/000119312510238044/d10k.htm,1.5660136286201023
44,11,0.0,2009-12-31,AAPL,2009-10-27 00:00:00,2009-10-27 16:18:29,FY,10726250000.0,6420750000.0,4305500000.0,0.1003495,333250000.0,1037250000.0,0.0,81500000.0,1370500000.0,7791250000.0,101750000.0,183500000.0,3301750000.0,0.076955,2935000000.0,0.06840700000000001,-20250000.0,3016500000.0,0.07030650000000001,957750000.0,2058750000.0,0.047984,0.081065,0.081065,6349000000.0,6349000000.0,https://www.sec.gov/Archives/edgar/data/320193/000119312509214859/0001193125-09-214859-index.html,https://www.sec.gov/Archives/edgar/data/320193/000119312509214859/d10k.htm,1.0
45,11,0.0,2009-09-30,AAPL,2009-10-27 00:00:00,2009-10-27 16:18:29,FY,10726250000.0,6420750000.0,4305500000.0,0.1003495,333250000.0,1037250000.0,0.0,81500000.0,1370500000.0,7791250000.0,101750000.0,183500000.0,3301750000.0,0.076955,2935000000.0,0.06840700000000001,-20250000.0,3016500000.0,0.07030650000000001,957750000.0,2058750000.0,0.047984,0.081065,0.081065,6349000000.0,6349000000.0,https://www.sec.gov/Archives/edgar/data/320193/000119312509214859/0001193125-09-214859-index.html,https://www.sec.gov/Archives/edgar/data/320193/000119312509214859/d10k.htm,1.0
46,11,0.0,2009-06-30,AAPL,2009-10-27 00:00:00,2009-10-27 16:18:29,FY,10726250000.0,6420750000.0,4305500000.0,0.1003495,333250000.0,1037250000.0,0.0,81500000.0,1370500000.0,7791250000.0,101750000.0,183500000.0,3301750000.0,0.076955,2935000000.0,0.06840700000000001,-20250000.0,3016500000.0,0.07030650000000001,957750000.0,2058750000.0,0.047984,0.081065,0.081065,6349000000.0,6349000000.0,https://www.sec.gov/Archives/edgar/data/320193/000119312509214859/0001193125-09-214859-index.html,https://www.sec.gov/Archives/edgar/data/320193/000119312509214859/d10k.htm,1.0
47,11,0.0,2009-03-31,AAPL,2009-10-27 00:00:00,2009-10-27 16:18:29,FY,10726250000.0,6420750000.0,4305500000.0,0.1003495,333250000.0,1037250000.0,0.0,81500000.0,1370500000.0,7791250000.0,101750000.0,183500000.0,3301750000.0,0.076955,2935000000.0,0.06840700000000001,-20250000.0,3016500000.0,0.07030650000000001,957750000.0,2058750000.0,0.047984,0.081065,0.081065,6349000000.0,6349000000.0,https://www.sec.gov/Archives/edgar/data/320193/000119312509214859/0001193125-09-214859-index.html,https://www.sec.gov/Archives/edgar/data/320193/000119312509214859/d10k.htm,1.8709163346613547
48,12,0.0,2008-12-31,AAPL,2008-11-05 00:00:00,2008-11-05 06:16:23,FY,8119750000.0,5333500000.0,2786250000.0,0.08578625,277250000.0,940250000.0,0.0,155000000.0,1217500000.0,6551000000.0,163250000.0,118250000.0,2005250000.0,0.061739999999999996,1568750000.0,0.048300499999999996,-8250000.0,1723750000.0,0.053072749999999995,515250000.0,1208500000.0,0.03720875,0.0478425,0.0478425,6315000000.0,6315000000.0,https://www.sec.gov/Archives/edgar/data/320193/000119312508224958/0001193125-08-224958-index.html,https://www.sec.gov/Archives/edgar/data/320193/000119312508224958/d10k.htm,1.0
49,12,0.0,2008-09-30,AAPL,2008-11-05 00:00:00,2008-11-05 06:16:23,FY,8119750000.0,5333500000.0,2786250000.0,0.08578625,277250000.0,940250000.0,0.0,155000000.0,1217500000.0,6551000000.0,163250000.0,118250000.0,2005250000.0,0.061739999999999996,1568750000.0,0.048300499999999996,-8250000.0,1723750000.0,0.053072749999999995,515250000.0,1208500000.0,0.03720875,0.0478425,0.0478425,6315000000.0,6315000000.0,https://www.sec.gov/Archives/edgar/data/320193/000119312508224958/0001193125-08-224958-index.html,https://www.sec.gov/Archives/edgar/data/320193/000119312508224958/d10k.htm,1.0
50,12,0.0,2008-06-30,AAPL,2008-11-05 00:00:00,2008-11-05 06:16:23,FY,8119750000.0,5333500000.0,2786250000.0,0.08578625,277250000.0,940250000.0,0.0,155000000.0,1217500000.0,6551000000.0,163250000.0,118250000.0,2005250000.0,0.061739999999999996,1568750000.0,0.048300499999999996,-8250000.0,1723750000.0,0.053072749999999995,515250000.0,1208500000.0,0.03720875,0.0478425,0.0478425,6315000000.0,6315000000.0,https://www.sec.gov/Archives/edgar/data/320193/000119312508224958/0001193125-08-224958-index.html,https://www.sec.gov/Archives/edgar/data/320193/000119312508224958/d10k.htm,1.0
51,12,0.0,2008-03-31,AAPL,2008-11-05 00:00:00,2008-11-05 06:16:23,FY,8119750000.0,5333500000.0,2786250000.0,0.08578625,277250000.0,940250000.0,0.0,155000000.0,1217500000.0,6551000000.0,163250000.0,118250000.0,2005250000.0,0.061739999999999996,1568750000.0,0.048300499999999996,-8250000.0,1723750000.0,0.053072749999999995,515250000.0,1208500000.0,0.03720875,0.0478425,0.0478425,6315000000.0,6315000000.0,https://www.sec.gov/Archives/edgar/data/320193/000119312508224958/0001193125-08-224958-index.html,https://www.sec.gov/Archives/edgar/data/320193/000119312508224958/d10k.htm,1.42322522113858
52,13,0.0,2007-12-31,AAPL,2007-11-15 00:00:00,2007-11-15 16:49:37,FY,6001500000.0,3963000000.0,2038500000.0,0.08491625,195500000.0,740750000.0,0.0,149750000.0,936250000.0,4899250000.0,161750000.0,79250000.0,1493000000.0,0.06219275,1102250000.0,0.0459155,-12000000.0,1252000000.0,0.052153750000000006,378000000.0,874000000.0,0.036407499999999995,0.0351,0.0351,6225000000.0,6225000000.0,https://www.sec.gov/Archives/edgar/data/320193/000104746907009340/0001047469-07-009340-index.html,https://www.sec.gov/Archives/edgar/data/320193/000104746907009340/a2181030z10-k.htm,1.0
53,13,0.0,2007-09-30,AAPL,2007-11-15 00:00:00,2007-11-15 16:49:37,FY,6001500000.0,3963000000.0,2038500000.0,0.08491625,195500000.0,740750000.0,0.0,149750000.0,936250000.0,4899250000.0,161750000.0,79250000.0,1493000000.0,0.06219275,1102250000.0,0.0459155,-12000000.0,1252000000.0,0.052153750000000006,378000000.0,874000000.0,0.036407499999999995,0.0351,0.0351,6225000000.0,6225000000.0,https://www.sec.gov/Archives/edgar/data/320193/000104746907009340/0001047469-07-009340-index.html,https://www.sec.gov/Archives/edgar/data/320193/000104746907009340/a2181030z10-k.htm,1.0
54,13,0.0,2007-06-30,AAPL,2007-11-15 00:00:00,2007-11-15 16:49:37,FY,6001500000.0,3963000000.0,2038500000.0,0.08491625,195500000.0,740750000.0,0.0,149750000.0,936250000.0,4899250000.0,161750000.0,79250000.0,1493000000.0,0.06219275,1102250000.0,0.0459155,-12000000.0,1252000000.0,0.052153750000000006,378000000.0,874000000.0,0.036407499999999995,0.0351,0.0351,6225000000.0,6225000000.0,https://www.sec.gov/Archives/edgar/data/320193/000104746907009340/0001047469-07-009340-index.html,https://www.sec.gov/Archives/edgar/data/320193/000104746907009340/a2181030z10-k.htm,1.0
55,13,0.0,2007-03-31,AAPL,2007-11-15 00:00:00,2007-11-15 16:49:37,FY,6001500000.0,3963000000.0,2038500000.0,0.08491625,195500000.0,740750000.0,0.0,149750000.0,936250000.0,4899250000.0,161750000.0,79250000.0,1493000000.0,0.06219275,1102250000.0,0.0459155,-12000000.0,1252000000.0,0.052153750000000006,378000000.0,874000000.0,0.036407499999999995,0.0351,0.0351,6225000000.0,6225000000.0,https://www.sec.gov/Archives/edgar/data/320193/000104746907009340/0001047469-07-009340-index.html,https://www.sec.gov/Archives/edgar/data/320193/000104746907009340/a2181030z10-k.htm,1.7973909498573175
56,14,0.0,2006-12-31,AAPL,2006-12-29,2006-12-29 06:05:58,FY,4828750000.0,3429250000.0,1399500000.0,0.07245663991716282,178000000.0,608250000.0,0.0,-7250000.0,786250000.0,4215500000.0,0.0,0.0,760750000.0,0.03938648718612477,613250000.0,0.03647424281646389,-7250000.0,704500000.0,0.03647424281646389,207250000.0,497250000.0,0.025744240227802227,0.0210715,0.02026775,5908406000.0,6142682000.0,https://www.sec.gov/Archives/edgar/data/320193/000110465906084288/a06-25759_210k.htm,https://www.sec.gov/Archives/edgar/data/320193/000110465906084288/a06-25759_210k.htm,1.0
57,14,0.0,2006-09-30,AAPL,2006-12-29,2006-12-29 06:05:58,FY,4828750000.0,3429250000.0,1399500000.0,0.07245663991716282,178000000.0,608250000.0,0.0,-7250000.0,786250000.0,4215500000.0,0.0,0.0,760750000.0,0.03938648718612477,613250000.0,0.03647424281646389,-7250000.0,704500000.0,0.03647424281646389,207250000.0,497250000.0,0.025744240227802227,0.0210715,0.02026775,5908406000.0,6142682000.0,https://www.sec.gov/Archives/edgar/data/320193/000110465906084288/a06-25759_210k.htm,https://www.sec.gov/Archives/edgar/data/320193/000110465906084288/a06-25759_210k.htm,1.0
58,14,0.0,2006-06-30,AAPL,2006-12-29,2006-12-29 06:05:58,FY,4828750000.0,3429250000.0,1399500000.0,0.07245663991716282,178000000.0,608250000.0,0.0,-7250000.0,786250000.0,4215500000.0,0.0,0.0,760750000.0,0.03938648718612477,613250000.0,0.03647424281646389,-7250000.0,704500000.0,0.03647424281646389,207250000.0,497250000.0,0.025744240227802227,0.0210715,0.02026775,5908406000.0,6142682000.0,https://www.sec.gov/Archives/edgar/data/320193/000110465906084288/a06-25759_210k.htm,https://www.sec.gov/Archives/edgar/data/320193/000110465906084288/a06-25759_210k.htm,1.0
59,14,0.0,2006-03-31,AAPL,2006-12-29,2006-12-29 06:05:58,FY,4828750000.0,3429250000.0,1399500000.0,0.07245663991716282,178000000.0,608250000.0,0.0,-7250000.0,786250000.0,4215500000.0,0.0,0.0,760750000.0,0.03938648718612477,613250000.0,0.03647424281646389,-7250000.0,704500000.0,0.03647424281646389,207250000.0,497250000.0,0.025744240227802227,0.0210715,0.02026775,5908406000.0,6142682000.0,https://www.sec.gov/Archives/edgar/data/320193/000110465906084288/a06-25759_210k.htm,https://www.sec.gov/Archives/edgar/data/320193/000110465906084288/a06-25759_210k.htm,1.4866666666666666
60,15,0.0,2005-12-31,AAPL,2005-12-01,2005-11-30 21:22:48,FY,3482750000.0,2472000000.0,1010750000.0,0.072554,133500000.0,464750000.0,0.0,41250000.0,598250000.0,3070250000.0,45750000.0,44750000.0,544250000.0,0.0390675,412500000.0,0.02961025,-4500000.0,453750000.0,0.032571249999999996,120000000.0,333750000.0,0.02395725,0.0139125,0.0139125,5997000000.0,5997000000.0,https://www.sec.gov/Archives/edgar/data/320193/000110465905058421/a05-20674_110k.htm,https://www.sec.gov/Archives/edgar/data/320193/000110465905058421/a05-20674_110k.htm,1.0
61,15,0.0,2005-09-30,AAPL,2005-12-01,2005-11-30 21:22:48,FY,3482750000.0,2472000000.0,1010750000.0,0.072554,133500000.0,464750000.0,0.0,41250000.0,598250000.0,3070250000.0,45750000.0,44750000.0,544250000.0,0.0390675,412500000.0,0.02961025,-4500000.0,453750000.0,0.032571249999999996,120000000.0,333750000.0,0.02395725,0.0139125,0.0139125,5997000000.0,5997000000.0,https://www.sec.gov/Archives/edgar/data/320193/000110465905058421/a05-20674_110k.htm,https://www.sec.gov/Archives/edgar/data/320193/000110465905058421/a05-20674_110k.htm,1.0
62,15,0.0,2005-06-30,AAPL,2005-12-01,2005-11-30 21:22:48,FY,3482750000.0,2472000000.0,1010750000.0,0.072554,133500000.0,464750000.0,0.0,41250000.0,598250000.0,3070250000.0,45750000.0,44750000.0,544250000.0,0.0390675,412500000.0,0.02961025,-4500000.0,453750000.0,0.032571249999999996,120000000.0,333750000.0,0.02395725,0.0139125,0.0139125,5997000000.0,5997000000.0,https://www.sec.gov/Archives/edgar/data/320193/000110465905058421/a05-20674_110k.htm,https://www.sec.gov/Archives/edgar/data/320193/000110465905058421/a05-20674_110k.htm,1.0
63,15,0.0,2005-03-31,AAPL,2005-12-01,2005-11-30 21:22:48,FY,3482750000.0,2472000000.0,1010750000.0,0.072554,133500000.0,464750000.0,0.0,41250000.0,598250000.0,3070250000.0,45750000.0,44750000.0,544250000.0,0.0390675,412500000.0,0.02961025,-4500000.0,453750000.0,0.032571249999999996,120000000.0,333750000.0,0.02395725,0.0139125,0.0139125,5997000000.0,5997000000.0,https://www.sec.gov/Archives/edgar/data/320193/000110465905058421/a05-20674_110k.htm,https://www.sec.gov/Archives/edgar/data/320193/000110465905058421/a05-20674_110k.htm,5.061349693251533
64,16,0.0,2004-12-31,AAPL,2004-12-03,2004-12-02 18:05:49,FY,2069750000.0,1505000000.0,564750000.0,0.06821475,122250000.0,355250000.0,0.0,5750000.0,483250000.0,1988250000.0,16500000.0,37500000.0,149750000.0,0.018088,81500000.0,0.009844249999999999,-2250000.0,95750000.0,0.0115655,26750000.0,69000000.0,0.00833425,0.0031825,0.0031825,5422000000.0,5422000000.0,https://www.sec.gov/Archives/edgar/data/320193/000104746904035975/a2147337z10-k.htm,https://www.sec.gov/Archives/edgar/data/320193/000104746904035975/a2147337z10-k.htm,1.0
65,16,0.0,2004-09-30,AAPL,2004-12-03,2004-12-02 18:05:49,FY,2069750000.0,1505000000.0,564750000.0,0.06821475,122250000.0,355250000.0,0.0,5750000.0,483250000.0,1988250000.0,16500000.0,37500000.0,149750000.0,0.018088,81500000.0,0.009844249999999999,-2250000.0,95750000.0,0.0115655,26750000.0,69000000.0,0.00833425,0.0031825,0.0031825,5422000000.0,5422000000.0,https://www.sec.gov/Archives/edgar/data/320193/000104746904035975/a2147337z10-k.htm,https://www.sec.gov/Archives/edgar/data/320193/000104746904035975/a2147337z10-k.htm,1.0
66,16,0.0,2004-06-30,AAPL,2004-12-03,2004-12-02 18:05:49,FY,2069750000.0,1505000000.0,564750000.0,0.06821475,122250000.0,355250000.0,0.0,5750000.0,483250000.0,1988250000.0,16500000.0,37500000.0,149750000.0,0.018088,81500000.0,0.009844249999999999,-2250000.0,95750000.0,0.0115655,26750000.0,69000000.0,0.00833425,0.0031825,0.0031825,5422000000.0,5422000000.0,https://www.sec.gov/Archives/edgar/data/320193/000104746904035975/a2147337z10-k.htm,https://www.sec.gov/Archives/edgar/data/320193/000104746904035975/a2147337z10-k.htm,1.0
67,16,0.0,2004-03-31,AAPL,2004-12-03,2004-12-02 18:05:49,FY,2069750000.0,1505000000.0,564750000.0,0.06821475,122250000.0,355250000.0,0.0,5750000.0,483250000.0,1988250000.0,16500000.0,37500000.0,149750000.0,0.018088,81500000.0,0.009844249999999999,-2250000.0,95750000.0,0.0115655,26750000.0,69000000.0,0.00833425,0.0031825,0.0031825,5422000000.0,5422000000.0,https://www.sec.gov/Archives/edgar/data/320193/000104746904035975/a2147337z10-k.htm,https://www.sec.gov/Archives/edgar/data/320193/000104746904035975/a2147337z10-k.htm,-326.0
68,17,0.0,2003-12-31,AAPL,2003-12-19,2003-12-19 17:25:45,FY,1551750000.0,1124750000.0,427000000.0,0.06879325,117750000.0,303000000.0,0.0,6500000.0,427250000.0,1552000000.0,23000000.0,28250000.0,74500000.0,0.012002500000000001,-250000.0,-4.025e-05,250000.0,23000000.0,0.0037055,6000000.0,17250000.0,0.002779,0.0008475,0.0008475,5089000000.0,5089000000.0,https://www.sec.gov/Archives/edgar/data/320193/000104746903041604/a2124888z10-k.htm,https://www.sec.gov/Archives/edgar/data/320193/000104746903041604/a2124888z10-k.htm,1.0
69,17,0.0,2003-09-30,AAPL,2003-12-19,2003-12-19 17:25:45,FY,1551750000.0,1124750000.0,427000000.0,0.06879325,117750000.0,303000000.0,0.0,6500000.0,427250000.0,1552000000.0,23000000.0,28250000.0,74500000.0,0.012002500000000001,-250000.0,-4.025e-05,250000.0,23000000.0,0.0037055,6000000.0,17250000.0,0.002779,0.0008475,0.0008475,5089000000.0,5089000000.0,https://www.sec.gov/Archives/edgar/data/320193/000104746903041604/a2124888z10-k.htm,https://www.sec.gov/Archives/edgar/data/320193/000104746903041604/a2124888z10-k.htm,1.0
70,17,0.0,2003-06-30,AAPL,2003-12-19,2003-12-19 17:25:45,FY,1551750000.0,1124750000.0,427000000.0,0.06879325,117750000.0,303000000.0,0.0,6500000.0,427250000.0,1552000000.0,23000000.0,28250000.0,74500000.0,0.012002500000000001,-250000.0,-4.025e-05,250000.0,23000000.0,0.0037055,6000000.0,17250000.0,0.002779,0.0008475,0.0008475,5089000000.0,5089000000.0,https://www.sec.gov/Archives/edgar/data/320193/000104746903041604/a2124888z10-k.htm,https://www.sec.gov/Archives/edgar/data/320193/000104746903041604/a2124888z10-k.htm,1.0
71,17,0.0,2003-03-31,AAPL,2003-12-19,2003-12-19 17:25:45,FY,1551750000.0,1124750000.0,427000000.0,0.06879325,117750000.0,303000000.0,0.0,6500000.0,427250000.0,1552000000.0,23000000.0,28250000.0,74500000.0,0.012002500000000001,-250000.0,-4.025e-05,250000.0,23000000.0,0.0037055,6000000.0,17250000.0,0.002779,0.0008475,0.0008475,5089000000.0,5089000000.0,https://www.sec.gov/Archives/edgar/data/320193/000104746903041604/a2124888z10-k.htm,https://www.sec.gov/Archives/edgar/data/320193/000104746903041604/a2124888z10-k.htm,-0.058823529411764705
72,18,0.0,2002-12-31,AAPL,2002-12-19 00:00:00,2002-12-19 17:20:21,FY,1435500000.0,1034750000.0,400750000.0,0.06979275,111500000.0,277250000.0,0.0,7250000.0,396500000.0,1431250000.0,16250000.0,28500000.0,66500000.0,0.01158125,4250000.0,0.00074025,1250000.0,21750000.0,0.003788,5500000.0,16250000.0,0.00283,0.0008025,0.0008025,5065000000.0,5065000000.0,https://www.sec.gov/Archives/edgar/data/320193/000104746902007674/0001047469-02-007674-index.html,https://www.sec.gov/Archives/edgar/data/320193/000104746902007674/a2096490z10-k.htm,1.0
73,18,0.0,2002-09-30,AAPL,2002-12-19 00:00:00,2002-12-19 17:20:21,FY,1435500000.0,1034750000.0,400750000.0,0.06979275,111500000.0,277250000.0,0.0,7250000.0,396500000.0,1431250000.0,16250000.0,28500000.0,66500000.0,0.01158125,4250000.0,0.00074025,1250000.0,21750000.0,0.003788,5500000.0,16250000.0,0.00283,0.0008025,0.0008025,5065000000.0,5065000000.0,https://www.sec.gov/Archives/edgar/data/320193/000104746902007674/0001047469-02-007674-index.html,https://www.sec.gov/Archives/edgar/data/320193/000104746902007674/a2096490z10-k.htm,1.0
74,18,0.0,2002-06-30,AAPL,2002-12-19 00:00:00,2002-12-19 17:20:21,FY,1435500000.0,1034750000.0,400750000.0,0.06979275,111500000.0,277250000.0,0.0,7250000.0,396500000.0,1431250000.0,16250000.0,28500000.0,66500000.0,0.01158125,4250000.0,0.00074025,1250000.0,21750000.0,0.003788,5500000.0,16250000.0,0.00283,0.0008025,0.0008025,5065000000.0,5065000000.0,https://www.sec.gov/Archives/edgar/data/320193/000104746902007674/0001047469-02-007674-index.html,https://www.sec.gov/Archives/edgar/data/320193/000104746902007674/a2096490z10-k.htm,1.0
75,18,0.0,2002-03-31,AAPL,2002-12-19 00:00:00,2002-12-19 17:20:21,FY,1435500000.0,1034750000.0,400750000.0,0.06979275,111500000.0,277250000.0,0.0,7250000.0,396500000.0,1431250000.0,16250000.0,28500000.0,66500000.0,0.01158125,4250000.0,0.00074025,1250000.0,21750000.0,0.003788,5500000.0,16250000.0,0.00283,0.0008025,0.0008025,5065000000.0,5065000000.0,https://www.sec.gov/Archives/edgar/data/320193/000104746902007674/0001047469-02-007674-index.html,https://www.sec.gov/Archives/edgar/data/320193/000104746902007674/a2096490z10-k.htm,-0.04941860465116279
76,19,0.0,2001-12-31,AAPL,2001-12-21,2001-12-21 00:00:00,FY,1340750000.0,1032000000.0,308750000.0,0.057570500000000004,107500000.0,284500000.0,0.0,2750000.0,394750000.0,1426750000.0,69250000.0,25000000.0,84250000.0,0.0157095,-86000000.0,-0.016035749999999998,3750000.0,-13000000.0,-0.002424,-3750000.0,-6250000.0,-0.0011654999999999999,-0.00032250000000000003,-0.00032250000000000003,4839000000.0,4839000000.0,https://www.sec.gov/Archives/edgar/data/320193/000091205701544436/a2066171z10-k405.htm,https://www.sec.gov/Archives/edgar/data/320193/000091205701544436/a2066171z10-k405.htm,1.0
77,19,0.0,2001-09-30,AAPL,2001-12-21,2001-12-21 00:00:00,FY,1340750000.0,1032000000.0,308750000.0,0.057570500000000004,107500000.0,284500000.0,0.0,2750000.0,394750000.0,1426750000.0,69250000.0,25000000.0,84250000.0,0.0157095,-86000000.0,-0.016035749999999998,3750000.0,-13000000.0,-0.002424,-3750000.0,-6250000.0,-0.0011654999999999999,-0.00032250000000000003,-0.00032250000000000003,4839000000.0,4839000000.0,https://www.sec.gov/Archives/edgar/data/320193/000091205701544436/a2066171z10-k405.htm,https://www.sec.gov/Archives/edgar/data/320193/000091205701544436/a2066171z10-k405.htm,1.0
78,19,0.0,2001-06-30,AAPL,2001-12-21,2001-12-21 00:00:00,FY,1340750000.0,1032000000.0,308750000.0,0.057570500000000004,107500000.0,284500000.0,0.0,2750000.0,394750000.0,1426750000.0,69250000.0,25000000.0,84250000.0,0.0157095,-86000000.0,-0.016035749999999998,3750000.0,-13000000.0,-0.002424,-3750000.0,-6250000.0,-0.0011654999999999999,-0.00032250000000000003,-0.00032250000000000003,4839000000.0,4839000000.0,https://www.sec.gov/Archives/edgar/data/320193/000091205701544436/a2066171z10-k405.htm,https://www.sec.gov/Archives/edgar/data/320193/000091205701544436/a2066171z10-k405.htm,1.0
79,19,0.0,2001-03-31,AAPL,2001-12-21,2001-12-21 00:00:00,FY,1340750000.0,1032000000.0,308750000.0,0.057570500000000004,107500000.0,284500000.0,0.0,2750000.0,394750000.0,1426750000.0,69250000.0,25000000.0,84250000.0,0.0157095,-86000000.0,-0.016035749999999998,3750000.0,-13000000.0,-0.002424,-3750000.0,-6250000.0,-0.0011654999999999999,-0.00032250000000000003,-0.00032250000000000003,4839000000.0,4839000000.0,https://www.sec.gov/Archives/edgar/data/320193/000091205701544436/a2066171z10-k405.htm,https://www.sec.gov/Archives/edgar/data/320193/000091205701544436/a2066171z10-k405.htm,-0.5548387096774193
80,20,0.0,2000-12-31,AAPL,2000-12-14 00:00:00,2000-12-14 00:00:00,FY,1995750000.0,1454250000.0,541500000.0,0.06783164223975949,95000000.0,291500000.0,0.0,1500000.0,386500000.0,1840750000.0,5250000.0,0.0,230000000.0,0.0288112238506827,155000000.0,0.034197670048853816,70750000.0,273000000.0,0.034197670048853816,76500000.0,196500000.0,0.024614806463735442,0.010803499999999999,0.009732250000000001,4543952000.0,5044536000.0,https://www.sec.gov/Archives/edgar/data/320193/000091205700053623/0000912057-00-053623-index.html,https://www.sec.gov/Archives/edgar/data/320193/000091205700053623/a2032880z10-k.txt,1.0
81,20,0.0,2000-09-30,AAPL,2000-12-14 00:00:00,2000-12-14 00:00:00,FY,1995750000.0,1454250000.0,541500000.0,0.06783164223975949,95000000.0,291500000.0,0.0,1500000.0,386500000.0,1840750000.0,5250000.0,0.0,230000000.0,0.0288112238506827,155000000.0,0.034197670048853816,70750000.0,273000000.0,0.034197670048853816,76500000.0,196500000.0,0.024614806463735442,0.010803499999999999,0.009732250000000001,4543952000.0,5044536000.0,https://www.sec.gov/Archives/edgar/data/320193/000091205700053623/0000912057-00-053623-index.html,https://www.sec.gov/Archives/edgar/data/320193/000091205700053623/a2032880z10-k.txt,1.0
82,20,0.0,2000-06-30,AAPL,2000-12-14 00:00:00,2000-12-14 00:00:00,FY,1995750000.0,1454250000.0,541500000.0,0.06783164223975949,95000000.0,291500000.0,0.0,1500000.0,386500000.0,1840750000.0,5250000.0,0.0,230000000.0,0.0288112238506827,155000000.0,0.034197670048853816,70750000.0,273000000.0,0.034197670048853816,76500000.0,196500000.0,0.024614806463735442,0.010803499999999999,0.009732250000000001,4543952000.0,5044536000.0,https://www.sec.gov/Archives/edgar/data/320193/000091205700053623/0000912057-00-053623-index.html,https://www.sec.gov/Archives/edgar/data/320193/000091205700053623/a2032880z10-k.txt,1.0
83,20,0.0,2000-03-31,AAPL,2000-12-14 00:00:00,2000-12-14 00:00:00,FY,1995750000.0,1454250000.0,541500000.0,0.06783164223975949,95000000.0,291500000.0,0.0,1500000.0,386500000.0,1840750000.0,5250000.0,0.0,230000000.0,0.0288112238506827,155000000.0,0.034197670048853816,70750000.0,273000000.0,0.034197670048853816,76500000.0,196500000.0,0.024614806463735442,0.010803499999999999,0.009732250000000001,4543952000.0,5044536000.0,https://www.sec.gov/Archives/edgar/data/320193/000091205700053623/0000912057-00-053623-index.html,https://www.sec.gov/Archives/edgar/data/320193/000091205700053623/a2032880z10-k.txt,1.7270194986072422
84,21,0.0,1999-12-31,AAPL,1999-12-22 00:00:00,1999-12-22 00:00:00,FY,1533500.0,1109500000.0,424000000.0,0.069123,78500000.0,249000000.0,0.0,0.0,334250000.0,1443750000.0,81750000.0,21250000.0,272000000.0,0.044343,89750000.0,0.0146315,-2500000.0,169000000.0,0.02755125,18750000.0,150250000.0,0.0244945,0.0077025,0.0077025,4877000000.0,4877000000.0,https://www.sec.gov/Archives/edgar/data/320193/000091205799010244/0000912057-99-010244-index.html,https://www.sec.gov/Archives/edgar/data/320193/0000912057-99-010244.txt,1.0
85,21,0.0,1999-09-30,AAPL,1999-12-22 00:00:00,1999-12-22 00:00:00,FY,1533500.0,1109500000.0,424000000.0,0.069123,78500000.0,249000000.0,0.0,0.0,334250000.0,1443750000.0,81750000.0,21250000.0,272000000.0,0.044343,89750000.0,0.0146315,-2500000.0,169000000.0,0.02755125,18750000.0,150250000.0,0.0244945,0.0077025,0.0077025,4877000000.0,4877000000.0,https://www.sec.gov/Archives/edgar/data/320193/000091205799010244/0000912057-99-010244-index.html,https://www.sec.gov/Archives/edgar/data/320193/0000912057-99-010244.txt,1.0
86,21,0.0,1999-06-30,AAPL,1999-12-22 00:00:00,1999-12-22 00:00:00,FY,1533500.0,1109500000.0,424000000.0,0.069123,78500000.0,249000000.0,0.0,0.0,334250000.0,1443750000.0,81750000.0,21250000.0,272000000.0,0.044343,89750000.0,0.0146315,-2500000.0,169000000.0,0.02755125,18750000.0,150250000.0,0.0244945,0.0077025,0.0077025,4877000000.0,4877000000.0,https://www.sec.gov/Archives/edgar/data/320193/000091205799010244/0000912057-99-010244-index.html,https://www.sec.gov/Archives/edgar/data/320193/0000912057-99-010244.txt,1.0
87,21,0.0,1999-03-31,AAPL,1999-12-22 00:00:00,1999-12-22 00:00:00,FY,1533500.0,1109500000.0,424000000.0,0.069123,78500000.0,249000000.0,0.0,0.0,334250000.0,1443750000.0,81750000.0,21250000.0,272000000.0,0.044343,89750000.0,0.0146315,-2500000.0,169000000.0,0.02755125,18750000.0,150250000.0,0.0244945,0.0077025,0.0077025,4877000000.0,4877000000.0,https://www.sec.gov/Archives/edgar/data/320193/000091205799010244/0000912057-99-010244-index.html,https://www.sec.gov/Archives/edgar/data/320193/0000912057-99-010244.txt,1.3754789272030652
88,22,0.0,1998-12-31,AAPL,,,FY,1485250000.0,1115500000.0,369750000.0,0.062237,75750000.0,227000000.0,0.0,0.0,304500000.0,1420000000.0,19500000.0,27750000.0,129500000.0,0.021797749999999998,65250000.0,0.010983,-2500000.0,82250000.0,0.0138445,5000000.0,77250000.0,0.01300275,0.0041075,0.0041075,4702000000.0,4702000000.0,,,1.0
89,22,0.0,1998-09-30,AAPL,,,FY,1485250000.0,1115500000.0,369750000.0,0.062237,75750000.0,227000000.0,0.0,0.0,304500000.0,1420000000.0,19500000.0,27750000.0,129500000.0,0.021797749999999998,65250000.0,0.010983,-2500000.0,82250000.0,0.0138445,5000000.0,77250000.0,0.01300275,0.0041075,0.0041075,4702000000.0,4702000000.0,,,1.0
90,22,0.0,1998-06-30,AAPL,,,FY,1485250000.0,1115500000.0,369750000.0,0.062237,75750000.0,227000000.0,0.0,0.0,304500000.0,1420000000.0,19500000.0,27750000.0,129500000.0,0.021797749999999998,65250000.0,0.010983,-2500000.0,82250000.0,0.0138445,5000000.0,77250000.0,0.01300275,0.0041075,0.0041075,4702000000.0,4702000000.0,,,1.0
91,22,0.0,1998-03-31,AAPL,,,FY,1485250000.0,1115500000.0,369750000.0,0.062237,75750000.0,227000000.0,0.0,0.0,304500000.0,1420000000.0,19500000.0,27750000.0,129500000.0,0.021797749999999998,65250000.0,0.010983,-2500000.0,82250000.0,0.0138445,5000000.0,77250000.0,0.01300275,0.0041075,0.0041075,4702000000.0,4702000000.0,,,-0.24392523364485982
92,23,0.0,1997-12-31,AAPL,1997-12-05 00:00:00,1997-12-05 00:00:00,FY,1770250000.0,1428250000.0,342000000.0,0.04829825,121250000.0,321500000.0,0.0,0.0,609500000.0,2037750000.0,2750000.0,29500000.0,-229000000.0,-0.03234,-267500000.0,-0.03777725,3500000.0,-261250000.0,-0.0368945,0.0,-261250000.0,-0.0368945,-0.0185025,-0.0185025,3530000000.0,3530000000.0,https://www.sec.gov/Archives/edgar/data/320193/000104746997006960/0001047469-97-006960-index.html,https://www.sec.gov/Archives/edgar/data/320193/0001047469-97-006960.txt,1.0
93,23,0.0,1997-09-30,AAPL,1997-12-05 00:00:00,1997-12-05 00:00:00,FY,1770250000.0,1428250000.0,342000000.0,0.04829825,121250000.0,321500000.0,0.0,0.0,609500000.0,2037750000.0,2750000.0,29500000.0,-229000000.0,-0.03234,-267500000.0,-0.03777725,3500000.0,-261250000.0,-0.0368945,0.0,-261250000.0,-0.0368945,-0.0185025,-0.0185025,3530000000.0,3530000000.0,https://www.sec.gov/Archives/edgar/data/320193/000104746997006960/0001047469-97-006960-index.html,https://www.sec.gov/Archives/edgar/data/320193/0001047469-97-006960.txt,1.0
94,23,0.0,1997-06-30,AAPL,1997-12-05 00:00:00,1997-12-05 00:00:00,FY,1770250000.0,1428250000.0,342000000.0,0.04829825,121250000.0,321500000.0,0.0,0.0,609500000.0,2037750000.0,2750000.0,29500000.0,-229000000.0,-0.03234,-267500000.0,-0.03777725,3500000.0,-261250000.0,-0.0368945,0.0,-261250000.0,-0.0368945,-0.0185025,-0.0185025,3530000000.0,3530000000.0,https://www.sec.gov/Archives/edgar/data/320193/000104746997006960/0001047469-97-006960-index.html,https://www.sec.gov/Archives/edgar/data/320193/0001047469-97-006960.txt,1.0
95,23,0.0,1997-03-31,AAPL,1997-12-05 00:00:00,1997-12-05 00:00:00,FY,1770250000.0,1428250000.0,342000000.0,0.04829825,121250000.0,321500000.0,0.0,0.0,609500000.0,2037750000.0,2750000.0,29500000.0,-229000000.0,-0.03234,-267500000.0,-0.03777725,3500000.0,-261250000.0,-0.0368945,0.0,-261250000.0,-0.0368945,-0.0185025,-0.0185025,3530000000.0,3530000000.0,https://www.sec.gov/Archives/edgar/data/320193/000104746997006960/0001047469-97-006960-index.html,https://www.sec.gov/Archives/edgar/data/320193/0001047469-97-006960.txt,0.7736804049168474
96,24,0.0,1996-12-31,AAPL,1996-12-19 00:00:00,1996-12-19 00:00:00,FY,2458250000.0,2216250000.0,242000000.0,0.024611,151000000.0,392000000.0,0.0,0.0,587750000.0,2804000000.0,0.0,39000000.0,-284750000.0,-0.028958499999999998,-345750000.0,-0.03516225,22000000.0,-323750000.0,-0.03292475,-119750000.0,-204000000.0,-0.0207465,-0.014717500000000001,-0.014717500000000001,3465000000.0,3465000000.0,https://www.sec.gov/Archives/edgar/data/320193/000032019396000023/0000320193-96-000023-index.html,https://www.sec.gov/Archives/edgar/data/320193/0000320193-96-000023.txt,1.0
97,24,0.0,1996-09-30,AAPL,1996-12-19 00:00:00,1996-12-19 00:00:00,FY,2458250000.0,2216250000.0,242000000.0,0.024611,151000000.0,392000000.0,0.0,0.0,587750000.0,2804000000.0,0.0,39000000.0,-284750000.0,-0.028958499999999998,-345750000.0,-0.03516225,22000000.0,-323750000.0,-0.03292475,-119750000.0,-204000000.0,-0.0207465,-0.014717500000000001,-0.014717500000000001,3465000000.0,3465000000.0,https://www.sec.gov/Archives/edgar/data/320193/000032019396000023/0000320193-96-000023-index.html,https://www.sec.gov/Archives/edgar/data/320193/0000320193-96-000023.txt,1.0
98,24,0.0,1996-06-30,AAPL,1996-12-19 00:00:00,1996-12-19 00:00:00,FY,2458250000.0,2216250000.0,242000000.0,0.024611,151000000.0,392000000.0,0.0,0.0,587750000.0,2804000000.0,0.0,39000000.0,-284750000.0,-0.028958499999999998,-345750000.0,-0.03516225,22000000.0,-323750000.0,-0.03292475,-119750000.0,-204000000.0,-0.0207465,-0.014717500000000001,-0.014717500000000001,3465000000.0,3465000000.0,https://www.sec.gov/Archives/edgar/data/320193/000032019396000023/0000320193-96-000023-index.html,https://www.sec.gov/Archives/edgar/data/320193/0000320193-96-000023.txt,1.0
99,24,0.0,1996-03-31,AAPL,1996-12-19 00:00:00,1996-12-19 00:00:00,FY,2458250000.0,2216250000.0,242000000.0,0.024611,151000000.0,392000000.0,0.0,0.0,587750000.0,2804000000.0,0.0,39000000.0,-284750000.0,-0.028958499999999998,-345750000.0,-0.03516225,22000000.0,-323750000.0,-0.03292475,-119750000.0,-204000000.0,-0.0207465,-0.014717500000000001,-0.014717500000000001,3465000000.0,3465000000.0,https://www.sec.gov/Archives/edgar/data/320193/000032019396000023/0000320193-96-000023-index.html,https://www.sec.gov/Archives/edgar/data/320193/0000320193-96-000023.txt,-2.0219298245614037
100,25,0.0,1995-12-31,AAPL,1995-12-19 00:00:00,1995-12-19 00:00:00,FY,2765500000.0,2051000000.0,714500000.0,0.0645905,153500000.0,395750000.0,0.0,0.0,543500000.0,2594500000.0,13000000.0,31750000.0,213250000.0,0.01927775,171000000.0,0.015458250000000002,-15500000.0,168500000.0,0.01523225,62500000.0,106000000.0,0.00958225,0.0076925,0.0076925,3445000000.0,3445000000.0,https://www.sec.gov/Archives/edgar/data/320193/000032019395000016/0000320193-95-000016-index.html,https://www.sec.gov/Archives/edgar/data/320193/0000320193-95-000016.txt,1.0
101,25,0.0,1995-09-30,AAPL,1995-12-19 00:00:00,1995-12-19 00:00:00,FY,2765500000.0,2051000000.0,714500000.0,0.0645905,153500000.0,395750000.0,0.0,0.0,543500000.0,2594500000.0,13000000.0,31750000.0,213250000.0,0.01927775,171000000.0,0.015458250000000002,-15500000.0,168500000.0,0.01523225,62500000.0,106000000.0,0.00958225,0.0076925,0.0076925,3445000000.0,3445000000.0,https://www.sec.gov/Archives/edgar/data/320193/000032019395000016/0000320193-95-000016-index.html,https://www.sec.gov/Archives/edgar/data/320193/0000320193-95-000016.txt,1.0
102,25,0.0,1995-06-30,AAPL,1995-12-19 00:00:00,1995-12-19 00:00:00,FY,2765500000.0,2051000000.0,714500000.0,0.0645905,153500000.0,395750000.0,0.0,0.0,543500000.0,2594500000.0,13000000.0,31750000.0,213250000.0,0.01927775,171000000.0,0.015458250000000002,-15500000.0,168500000.0,0.01523225,62500000.0,106000000.0,0.00958225,0.0076925,0.0076925,3445000000.0,3445000000.0,https://www.sec.gov/Archives/edgar/data/320193/000032019395000016/0000320193-95-000016-index.html,https://www.sec.gov/Archives/edgar/data/320193/0000320193-95-000016.txt,1.0
103,25,0.0,1995-03-31,AAPL,1995-12-19 00:00:00,1995-12-19 00:00:00,FY,2765500000.0,2051000000.0,714500000.0,0.0645905,153500000.0,395750000.0,0.0,0.0,543500000.0,2594500000.0,13000000.0,31750000.0,213250000.0,0.01927775,171000000.0,0.015458250000000002,-15500000.0,168500000.0,0.01523225,62500000.0,106000000.0,0.00958225,0.0076925,0.0076925,3445000000.0,3445000000.0,https://www.sec.gov/Archives/edgar/data/320193/000032019395000016/0000320193-95-000016-index.html,https://www.sec.gov/Archives/edgar/data/320193/0000320193-95-000016.txt,1.729810656544071
104,26,0.0,1994-12-31,AAPL,1994-12-13 00:00:00,1994-12-13 00:00:00,FY,2297187000.0,1711228750.0,585958250.0,0.06376910652027892,141075750.0,346027750.0,0.0,2171250.0,487103500.0,2198332250.0,9913250.0,0.0,153836500.0,0.016741834687380698,98854750.0,0.01361137556498448,25309000.0,125071500.0,0.01361137556498448,47527000.0,77544500.0,0.008439071351178638,0.005826,0.005826,3324580000.0,3326680000.0,https://www.sec.gov/Archives/edgar/data/320193/000032019394000016/0000320193-94-000016-index.html,https://www.sec.gov/Archives/edgar/data/320193/0000320193-94-000016.txt,1.0
105,26,0.0,1994-09-30,AAPL,1994-12-13 00:00:00,1994-12-13 00:00:00,FY,2297187000.0,1711228750.0,585958250.0,0.06376910652027892,141075750.0,346027750.0,0.0,2171250.0,487103500.0,2198332250.0,9913250.0,0.0,153836500.0,0.016741834687380698,98854750.0,0.01361137556498448,25309000.0,125071500.0,0.01361137556498448,47527000.0,77544500.0,0.008439071351178638,0.005826,0.005826,3324580000.0,3326680000.0,https://www.sec.gov/Archives/edgar/data/320193/000032019394000016/0000320193-94-000016-index.html,https://www.sec.gov/Archives/edgar/data/320193/0000320193-94-000016.txt,1.0
106,26,0.0,1994-06-30,AAPL,1994-12-13 00:00:00,1994-12-13 00:00:00,FY,2297187000.0,1711228750.0,585958250.0,0.06376910652027892,141075750.0,346027750.0,0.0,2171250.0,487103500.0,2198332250.0,9913250.0,0.0,153836500.0,0.016741834687380698,98854750.0,0.01361137556498448,25309000.0,125071500.0,0.01361137556498448,47527000.0,77544500.0,0.008439071351178638,0.005826,0.005826,3324580000.0,3326680000.0,https://www.sec.gov/Archives/edgar/data/320193/000032019394000016/0000320193-94-000016-index.html,https://www.sec.gov/Archives/edgar/data/320193/0000320193-94-000016.txt,1.0
107,26,0.0,1994-03-31,AAPL,1994-12-13 00:00:00,1994-12-13 00:00:00,FY,2297187000.0,1711228750.0,585958250.0,0.06376910652027892,141075750.0,346027750.0,0.0,2171250.0,487103500.0,2198332250.0,9913250.0,0.0,153836500.0,0.016741834687380698,98854750.0,0.01361137556498448,25309000.0,125071500.0,0.01361137556498448,47527000.0,77544500.0,0.008439071351178638,0.005826,0.005826,3324580000.0,3326680000.0,https://www.sec.gov/Archives/edgar/data/320193/000032019394000016/0000320193-94-000016-index.html,https://www.sec.gov/Archives/edgar/data/320193/0000320193-94-000016.txt,
