,date,Net Revenue (Sales),Cost of Revenue (Sales),Gross Profit Margin,Gross Profit Margin Ratio,Research and Development (R&D),"Selling, General, and Administrative (SG&A)",Selling & Marketing Expenses (S&M),"Other Income/Expenses, Net",Total Operating Expenses,Cost & Expenses,"Interest Expense/Income, Net",Depreciation & Amortization (D&A),EBITDA,Operating Income,Total Other Income/Expenses,Pretax Income (Earnings),Pretax Income (Earnings) Margin,Provision For Income Taxes,Net Income (Earnings),Earnings Per Share (EPS),Earnings Per Share (EPS) Diluted,Shares Outstanding,Shares Outstanding (Diluted),finalLink,Year,QQ-YYYY
107,2020-12-31,68628750000.0,42389750000.0,26239000000.0,0.09558311931952726,4688000000.0,4979000000.0,0.0,200750000.0,9667000000.0,52056750000.0,0.0,2764000000.0,19336000000.0,16572000000.0,200750000.0,16772750000.0,0.06109957561517575,2420000000.0,14352750000.0,0.8275,0.82,4338029750.0,4382053500.0,https://www.sec.gov/Archives/edgar/data/320193/000032019320000096/aapl-20200926.htm,2020,FY-2020
106,2020-09-30,68628750000.0,42389750000.0,26239000000.0,0.09558311931952726,4688000000.0,4979000000.0,0.0,200750000.0,9667000000.0,52056750000.0,0.0,2764000000.0,19336000000.0,16572000000.0,200750000.0,16772750000.0,0.06109957561517575,2420000000.0,14352750000.0,0.8275,0.82,4338029750.0,4382053500.0,https://www.sec.gov/Archives/edgar/data/320193/000032019320000096/aapl-20200926.htm,2020,FY-2020
105,2020-06-30,68628750000.0,42389750000.0,26239000000.0,0.09558311931952726,4688000000.0,4979000000.0,0.0,200750000.0,9667000000.0,52056750000.0,0.0,2764000000.0,19336000000.0,16572000000.0,200750000.0,16772750000.0,0.06109957561517575,2420000000.0,14352750000.0,0.8275,0.82,4338029750.0,4382053500.0,https://www.sec.gov/Archives/edgar/data/320193/000032019320000096/aapl-20200926.htm,2020,FY-2020
104,2020-03-31,68628750000.0,42389750000.0,26239000000.0,0.09558311931952726,4688000000.0,4979000000.0,0.0,200750000.0,9667000000.0,52056750000.0,0.0,2764000000.0,19336000000.0,16572000000.0,200750000.0,16772750000.0,0.06109957561517575,2420000000.0,14352750000.0,0.8275,0.82,4338029750.0,4382053500.0,https://www.sec.gov/Archives/edgar/data/320193/000032019320000096/aapl-20200926.htm,2020,FY-2020
103,2019-12-31,65043500000.0,40445500000.0,24598000000.0,0.0945445,4054250000.0,4561250000.0,0.0,451750000.0,8615500000.0,49061000000.0,894000000.0,3136750000.0,20465000000.0,15982500000.0,105500000.0,16434250000.0,0.0631665,2620250000.0,13814000000.0,0.7428625,0.7428625,4648913000.0,4648913000.0,https://www.sec.gov/Archives/edgar/data/320193/000032019319000119/a10-k20199282019.htm,2019,FY-2019
102,2019-09-30,65043500000.0,40445500000.0,24598000000.0,0.0945445,4054250000.0,4561250000.0,0.0,451750000.0,8615500000.0,49061000000.0,894000000.0,3136750000.0,20465000000.0,15982500000.0,105500000.0,16434250000.0,0.0631665,2620250000.0,13814000000.0,0.7428625,0.7428625,4648913000.0,4648913000.0,https://www.sec.gov/Archives/edgar/data/320193/000032019319000119/a10-k20199282019.htm,2019,FY-2019
101,2019-06-30,65043500000.0,40445500000.0,24598000000.0,0.0945445,4054250000.0,4561250000.0,0.0,451750000.0,8615500000.0,49061000000.0,894000000.0,3136750000.0,20465000000.0,15982500000.0,105500000.0,16434250000.0,0.0631665,2620250000.0,13814000000.0,0.7428625,0.7428625,4648913000.0,4648913000.0,https://www.sec.gov/Archives/edgar/data/320193/000032019319000119/a10-k20199282019.htm,2019,FY-2019
100,2019-03-31,65043500000.0,40445500000.0,24598000000.0,0.0945445,4054250000.0,4561250000.0,0.0,451750000.0,8615500000.0,49061000000.0,894000000.0,3136750000.0,20465000000.0,15982500000.0,105500000.0,16434250000.0,0.0631665,2620250000.0,13814000000.0,0.7428625,0.7428625,4648913000.0,4648913000.0,https://www.sec.gov/Archives/edgar/data/320193/000032019319000119/a10-k20199282019.htm,2019,FY-2019
99,2018-12-31,66398750000.0,40939000000.0,25459750000.0,0.09585925,3559000000.0,4176250000.0,0.0,501250000.0,7735250000.0,48674250000.0,810000000.0,2725750000.0,21386500000.0,17724500000.0,-110250000.0,18225750000.0,0.06862225,2968000000.0,14882750000.0,0.7441225,0.7441225,5000109000.0,5000109000.0,https://www.sec.gov/Archives/edgar/data/320193/000032019318000145/a10-k20189292018.htm,2018,FY-2018
98,2018-09-30,66398750000.0,40939000000.0,25459750000.0,0.09585925,3559000000.0,4176250000.0,0.0,501250000.0,7735250000.0,48674250000.0,810000000.0,2725750000.0,21386500000.0,17724500000.0,-110250000.0,18225750000.0,0.06862225,2968000000.0,14882750000.0,0.7441225,0.7441225,5000109000.0,5000109000.0,https://www.sec.gov/Archives/edgar/data/320193/000032019318000145/a10-k20189292018.htm,2018,FY-2018
97,2018-06-30,66398750000.0,40939000000.0,25459750000.0,0.09585925,3559000000.0,4176250000.0,0.0,501250000.0,7735250000.0,48674250000.0,810000000.0,2725750000.0,21386500000.0,17724500000.0,-110250000.0,18225750000.0,0.06862225,2968000000.0,14882750000.0,0.7441225,0.7441225,5000109000.0,5000109000.0,https://www.sec.gov/Archives/edgar/data/320193/000032019318000145/a10-k20189292018.htm,2018,FY-2018
96,2018-03-31,66398750000.0,40939000000.0,25459750000.0,0.09585925,3559000000.0,4176250000.0,0.0,501250000.0,7735250000.0,48674250000.0,810000000.0,2725750000.0,21386500000.0,17724500000.0,-110250000.0,18225750000.0,0.06862225,2968000000.0,14882750000.0,0.7441225,0.7441225,5000109000.0,5000109000.0,https://www.sec.gov/Archives/edgar/data/320193/000032019318000145/a10-k20189292018.htm,2018,FY-2018
95,2017-12-31,57308500000.0,35262000000.0,22046500000.0,0.09617465122974778,2895250000.0,3815250000.0,0.0,-33250000.0,6710500000.0,41972500000.0,580750000.0,0.0,19142250000.0,15336000000.0,-33250000.0,16022250000.0,0.06989473638291002,3934500000.0,12087750000.0,0.579375,0.575625,5217242000.0,5251692000.0,https://www.sec.gov/Archives/edgar/data/320193/000032019317000070/a10-k20179302017.htm,2017,FY-2017
94,2017-09-30,57308500000.0,35262000000.0,22046500000.0,0.09617465122974778,2895250000.0,3815250000.0,0.0,-33250000.0,6710500000.0,41972500000.0,580750000.0,0.0,19142250000.0,15336000000.0,-33250000.0,16022250000.0,0.06989473638291002,3934500000.0,12087750000.0,0.579375,0.575625,5217242000.0,5251692000.0,https://www.sec.gov/Archives/edgar/data/320193/000032019317000070/a10-k20179302017.htm,2017,FY-2017
93,2017-06-30,57308500000.0,35262000000.0,22046500000.0,0.09617465122974778,2895250000.0,3815250000.0,0.0,-33250000.0,6710500000.0,41972500000.0,580750000.0,0.0,19142250000.0,15336000000.0,-33250000.0,16022250000.0,0.06989473638291002,3934500000.0,12087750000.0,0.579375,0.575625,5217242000.0,5251692000.0,https://www.sec.gov/Archives/edgar/data/320193/000032019317000070/a10-k20179302017.htm,2017,FY-2017
92,2017-03-31,57308500000.0,35262000000.0,22046500000.0,0.09617465122974778,2895250000.0,3815250000.0,0.0,-33250000.0,6710500000.0,41972500000.0,580750000.0,0.0,19142250000.0,15336000000.0,-33250000.0,16022250000.0,0.06989473638291002,3934500000.0,12087750000.0,0.579375,0.575625,5217242000.0,5251692000.0,https://www.sec.gov/Archives/edgar/data/320193/000032019317000070/a10-k20179302017.htm,2017,FY-2017
91,2016-12-31,53909750000.0,32844000000.0,21065750000.0,0.09769,2511250000.0,3548500000.0,0.0,337000000.0,6059750000.0,38903750000.0,364000000.0,2626250000.0,18333250000.0,15006000000.0,-298750000.0,15343000000.0,0.07115125,3921250000.0,11421750000.0,0.519145,0.519145,5500281000.0,5500281000.0,https://www.sec.gov/Archives/edgar/data/320193/000162828016020309/a201610-k9242016.htm,2016,FY-2016
90,2016-09-30,53909750000.0,32844000000.0,21065750000.0,0.09769,2511250000.0,3548500000.0,0.0,337000000.0,6059750000.0,38903750000.0,364000000.0,2626250000.0,18333250000.0,15006000000.0,-298750000.0,15343000000.0,0.07115125,3921250000.0,11421750000.0,0.519145,0.519145,5500281000.0,5500281000.0,https://www.sec.gov/Archives/edgar/data/320193/000162828016020309/a201610-k9242016.htm,2016,FY-2016
89,2016-06-30,53909750000.0,32844000000.0,21065750000.0,0.09769,2511250000.0,3548500000.0,0.0,337000000.0,6059750000.0,38903750000.0,364000000.0,2626250000.0,18333250000.0,15006000000.0,-298750000.0,15343000000.0,0.07115125,3921250000.0,11421750000.0,0.519145,0.519145,5500281000.0,5500281000.0,https://www.sec.gov/Archives/edgar/data/320193/000162828016020309/a201610-k9242016.htm,2016,FY-2016
88,2016-03-31,53909750000.0,32844000000.0,21065750000.0,0.09769,2511250000.0,3548500000.0,0.0,337000000.0,6059750000.0,38903750000.0,364000000.0,2626250000.0,18333250000.0,15006000000.0,-298750000.0,15343000000.0,0.07115125,3921250000.0,11421750000.0,0.519145,0.519145,5500281000.0,5500281000.0,https://www.sec.gov/Archives/edgar/data/320193/000162828016020309/a201610-k9242016.htm,2016,FY-2016
87,2015-12-31,58428750000.0,35022250000.0,23406500000.0,0.10014975,2016750000.0,3582250000.0,0.0,321250000.0,5599000000.0,40621250000.0,183250000.0,2814250000.0,21126250000.0,17807500000.0,-225750000.0,18128750000.0,0.07756775,4780250000.0,13348500000.0,0.576055,0.576055,5793069000.0,5793069000.0,https://www.sec.gov/Archives/edgar/data/320193/000119312515356351/d17062d10k.htm,2015,FY-2015
86,2015-09-30,58428750000.0,35022250000.0,23406500000.0,0.10014975,2016750000.0,3582250000.0,0.0,321250000.0,5599000000.0,40621250000.0,183250000.0,2814250000.0,21126250000.0,17807500000.0,-225750000.0,18128750000.0,0.07756775,4780250000.0,13348500000.0,0.576055,0.576055,5793069000.0,5793069000.0,https://www.sec.gov/Archives/edgar/data/320193/000119312515356351/d17062d10k.htm,2015,FY-2015
85,2015-06-30,58428750000.0,35022250000.0,23406500000.0,0.10014975,2016750000.0,3582250000.0,0.0,321250000.0,5599000000.0,40621250000.0,183250000.0,2814250000.0,21126250000.0,17807500000.0,-225750000.0,18128750000.0,0.07756775,4780250000.0,13348500000.0,0.576055,0.576055,5793069000.0,5793069000.0,https://www.sec.gov/Archives/edgar/data/320193/000119312515356351/d17062d10k.htm,2015,FY-2015
84,2015-03-31,58428750000.0,35022250000.0,23406500000.0,0.10014975,2016750000.0,3582250000.0,0.0,321250000.0,5599000000.0,40621250000.0,183250000.0,2814250000.0,21126250000.0,17807500000.0,-225750000.0,18128750000.0,0.07756775,4780250000.0,13348500000.0,0.576055,0.576055,5793069000.0,5793069000.0,https://www.sec.gov/Archives/edgar/data/320193/000119312515356351/d17062d10k.htm,2015,FY-2015
83,2014-12-31,45698750000.0,28064500000.0,17634250000.0,0.09647,1510250000.0,2998250000.0,0.0,245000000.0,4508500000.0,32573000000.0,96000000.0,1986500000.0,15453250000.0,13125750000.0,-77750000.0,13370750000.0,0.07314625,3493250000.0,9877500000.0,0.40329499999999996,0.40329499999999996,6123000000.0,6123000000.0,https://www.sec.gov/Archives/edgar/data/320193/000119312514383437/d783162d10k.htm,2014,FY-2014
82,2014-09-30,45698750000.0,28064500000.0,17634250000.0,0.09647,1510250000.0,2998250000.0,0.0,245000000.0,4508500000.0,32573000000.0,96000000.0,1986500000.0,15453250000.0,13125750000.0,-77750000.0,13370750000.0,0.07314625,3493250000.0,9877500000.0,0.40329499999999996,0.40329499999999996,6123000000.0,6123000000.0,https://www.sec.gov/Archives/edgar/data/320193/000119312514383437/d783162d10k.htm,2014,FY-2014
81,2014-06-30,45698750000.0,28064500000.0,17634250000.0,0.09647,1510250000.0,2998250000.0,0.0,245000000.0,4508500000.0,32573000000.0,96000000.0,1986500000.0,15453250000.0,13125750000.0,-77750000.0,13370750000.0,0.07314625,3493250000.0,9877500000.0,0.40329499999999996,0.40329499999999996,6123000000.0,6123000000.0,https://www.sec.gov/Archives/edgar/data/320193/000119312514383437/d783162d10k.htm,2014,FY-2014
80,2014-03-31,45698750000.0,28064500000.0,17634250000.0,0.09647,1510250000.0,2998250000.0,0.0,245000000.0,4508500000.0,32573000000.0,96000000.0,1986500000.0,15453250000.0,13125750000.0,-77750000.0,13370750000.0,0.07314625,3493250000.0,9877500000.0,0.40329499999999996,0.40329499999999996,6123000000.0,6123000000.0,https://www.sec.gov/Archives/edgar/data/320193/000119312514383437/d783162d10k.htm,2014,FY-2014
79,2013-12-31,42727500000.0,26651500000.0,16076000000.0,0.09406125,1118750000.0,2707500000.0,0.0,289000000.0,3826250000.0,30477750000.0,34000000.0,1689250000.0,14262000000.0,12249750000.0,-6000000.0,12538750000.0,0.07336475,3279500000.0,9259250000.0,0.3549225,0.3549225,6522000000.0,6522000000.0,https://www.sec.gov/Archives/edgar/data/320193/000119312513416534/d590790d10k.htm,2013,FY-2013
78,2013-09-30,42727500000.0,26651500000.0,16076000000.0,0.09406125,1118750000.0,2707500000.0,0.0,289000000.0,3826250000.0,30477750000.0,34000000.0,1689250000.0,14262000000.0,12249750000.0,-6000000.0,12538750000.0,0.07336475,3279500000.0,9259250000.0,0.3549225,0.3549225,6522000000.0,6522000000.0,https://www.sec.gov/Archives/edgar/data/320193/000119312513416534/d590790d10k.htm,2013,FY-2013
77,2013-06-30,42727500000.0,26651500000.0,16076000000.0,0.09406125,1118750000.0,2707500000.0,0.0,289000000.0,3826250000.0,30477750000.0,34000000.0,1689250000.0,14262000000.0,12249750000.0,-6000000.0,12538750000.0,0.07336475,3279500000.0,9259250000.0,0.3549225,0.3549225,6522000000.0,6522000000.0,https://www.sec.gov/Archives/edgar/data/320193/000119312513416534/d590790d10k.htm,2013,FY-2013
76,2013-03-31,42727500000.0,26651500000.0,16076000000.0,0.09406125,1118750000.0,2707500000.0,0.0,289000000.0,3826250000.0,30477750000.0,34000000.0,1689250000.0,14262000000.0,12249750000.0,-6000000.0,12538750000.0,0.07336475,3279500000.0,9259250000.0,0.3549225,0.3549225,6522000000.0,6522000000.0,https://www.sec.gov/Archives/edgar/data/320193/000119312513416534/d590790d10k.htm,2013,FY-2013
75,2012-12-31,39127000000.0,21961500000.0,17165500000.0,0.109678,845250000.0,2510000000.0,0.0,130500000.0,3355250000.0,25316750000.0,272000000.0,819250000.0,15032000000.0,13810250000.0,-141500000.0,13940750000.0,0.08907375,3507500000.0,10433250000.0,0.3941825,0.3941825,6617000000.0,6617000000.0,https://www.sec.gov/Archives/edgar/data/320193/000119312512444068/d411355d10k.htm,2012,FY-2012
74,2012-09-30,39127000000.0,21961500000.0,17165500000.0,0.109678,845250000.0,2510000000.0,0.0,130500000.0,3355250000.0,25316750000.0,272000000.0,819250000.0,15032000000.0,13810250000.0,-141500000.0,13940750000.0,0.08907375,3507500000.0,10433250000.0,0.3941825,0.3941825,6617000000.0,6617000000.0,https://www.sec.gov/Archives/edgar/data/320193/000119312512444068/d411355d10k.htm,2012,FY-2012
73,2012-06-30,39127000000.0,21961500000.0,17165500000.0,0.109678,845250000.0,2510000000.0,0.0,130500000.0,3355250000.0,25316750000.0,272000000.0,819250000.0,15032000000.0,13810250000.0,-141500000.0,13940750000.0,0.08907375,3507500000.0,10433250000.0,0.3941825,0.3941825,6617000000.0,6617000000.0,https://www.sec.gov/Archives/edgar/data/320193/000119312512444068/d411355d10k.htm,2012,FY-2012
72,2012-03-31,39127000000.0,21961500000.0,17165500000.0,0.109678,845250000.0,2510000000.0,0.0,130500000.0,3355250000.0,25316750000.0,272000000.0,819250000.0,15032000000.0,13810250000.0,-141500000.0,13940750000.0,0.08907375,3507500000.0,10433250000.0,0.3941825,0.3941825,6617000000.0,6617000000.0,https://www.sec.gov/Archives/edgar/data/320193/000119312512444068/d411355d10k.htm,2012,FY-2012
71,2011-12-31,27062250000.0,16107750000.0,10954500000.0,0.10119725,607250000.0,1899750000.0,0.0,103750000.0,2507000000.0,18614750000.0,129750000.0,453500000.0,9134500000.0,8447500000.0,-26000000.0,8551250000.0,0.078996,2070750000.0,6480500000.0,0.24708249999999998,0.24708249999999998,6557000000.0,6557000000.0,https://www.sec.gov/Archives/edgar/data/320193/000119312511282113/d220209d10k.htm,2011,FY-2011
70,2011-09-30,27062250000.0,16107750000.0,10954500000.0,0.10119725,607250000.0,1899750000.0,0.0,103750000.0,2507000000.0,18614750000.0,129750000.0,453500000.0,9134500000.0,8447500000.0,-26000000.0,8551250000.0,0.078996,2070750000.0,6480500000.0,0.24708249999999998,0.24708249999999998,6557000000.0,6557000000.0,https://www.sec.gov/Archives/edgar/data/320193/000119312511282113/d220209d10k.htm,2011,FY-2011
69,2011-06-30,27062250000.0,16107750000.0,10954500000.0,0.10119725,607250000.0,1899750000.0,0.0,103750000.0,2507000000.0,18614750000.0,129750000.0,453500000.0,9134500000.0,8447500000.0,-26000000.0,8551250000.0,0.078996,2070750000.0,6480500000.0,0.24708249999999998,0.24708249999999998,6557000000.0,6557000000.0,https://www.sec.gov/Archives/edgar/data/320193/000119312511282113/d220209d10k.htm,2011,FY-2011
68,2011-03-31,27062250000.0,16107750000.0,10954500000.0,0.10119725,607250000.0,1899750000.0,0.0,103750000.0,2507000000.0,18614750000.0,129750000.0,453500000.0,9134500000.0,8447500000.0,-26000000.0,8551250000.0,0.078996,2070750000.0,6480500000.0,0.24708249999999998,0.24708249999999998,6557000000.0,6557000000.0,https://www.sec.gov/Archives/edgar/data/320193/000119312511282113/d220209d10k.htm,2011,FY-2011
67,2010-12-31,16306250000.0,988525000.0,6421000000.0,0.09844375,445500000.0,1379250000.0,0.0,38750000.0,1824750000.0,11710000000.0,77750000.0,256750000.0,4969500000.0,4596250000.0,-39000000.0,4635000000.0,0.07106174999999999,1131750000.0,3503250000.0,0.13530250000000002,0.13530250000000002,6473000000.0,6473000000.0,https://www.sec.gov/Archives/edgar/data/320193/000119312510238044/d10k.htm,2010,FY-2010
66,2010-09-30,16306250000.0,988525000.0,6421000000.0,0.09844375,445500000.0,1379250000.0,0.0,38750000.0,1824750000.0,11710000000.0,77750000.0,256750000.0,4969500000.0,4596250000.0,-39000000.0,4635000000.0,0.07106174999999999,1131750000.0,3503250000.0,0.13530250000000002,0.13530250000000002,6473000000.0,6473000000.0,https://www.sec.gov/Archives/edgar/data/320193/000119312510238044/d10k.htm,2010,FY-2010
65,2010-06-30,16306250000.0,988525000.0,6421000000.0,0.09844375,445500000.0,1379250000.0,0.0,38750000.0,1824750000.0,11710000000.0,77750000.0,256750000.0,4969500000.0,4596250000.0,-39000000.0,4635000000.0,0.07106174999999999,1131750000.0,3503250000.0,0.13530250000000002,0.13530250000000002,6473000000.0,6473000000.0,https://www.sec.gov/Archives/edgar/data/320193/000119312510238044/d10k.htm,2010,FY-2010
64,2010-03-31,16306250000.0,988525000.0,6421000000.0,0.09844375,445500000.0,1379250000.0,0.0,38750000.0,1824750000.0,11710000000.0,77750000.0,256750000.0,4969500000.0,4596250000.0,-39000000.0,4635000000.0,0.07106174999999999,1131750000.0,3503250000.0,0.13530250000000002,0.13530250000000002,6473000000.0,6473000000.0,https://www.sec.gov/Archives/edgar/data/320193/000119312510238044/d10k.htm,2010,FY-2010
63,2009-12-31,10726250000.0,6420750000.0,4305500000.0,0.1003495,333250000.0,1037250000.0,0.0,81500000.0,1370500000.0,7791250000.0,101750000.0,183500000.0,3301750000.0,2935000000.0,-20250000.0,3016500000.0,0.07030650000000001,957750000.0,2058750000.0,0.081065,0.081065,6349000000.0,6349000000.0,https://www.sec.gov/Archives/edgar/data/320193/000119312509214859/d10k.htm,2009,FY-2009
62,2009-09-30,10726250000.0,6420750000.0,4305500000.0,0.1003495,333250000.0,1037250000.0,0.0,81500000.0,1370500000.0,7791250000.0,101750000.0,183500000.0,3301750000.0,2935000000.0,-20250000.0,3016500000.0,0.07030650000000001,957750000.0,2058750000.0,0.081065,0.081065,6349000000.0,6349000000.0,https://www.sec.gov/Archives/edgar/data/320193/000119312509214859/d10k.htm,2009,FY-2009
61,2009-06-30,10726250000.0,6420750000.0,4305500000.0,0.1003495,333250000.0,1037250000.0,0.0,81500000.0,1370500000.0,7791250000.0,101750000.0,183500000.0,3301750000.0,2935000000.0,-20250000.0,3016500000.0,0.07030650000000001,957750000.0,2058750000.0,0.081065,0.081065,6349000000.0,6349000000.0,https://www.sec.gov/Archives/edgar/data/320193/000119312509214859/d10k.htm,2009,FY-2009
60,2009-03-31,10726250000.0,6420750000.0,4305500000.0,0.1003495,333250000.0,1037250000.0,0.0,81500000.0,1370500000.0,7791250000.0,101750000.0,183500000.0,3301750000.0,2935000000.0,-20250000.0,3016500000.0,0.07030650000000001,957750000.0,2058750000.0,0.081065,0.081065,6349000000.0,6349000000.0,https://www.sec.gov/Archives/edgar/data/320193/000119312509214859/d10k.htm,2009,FY-2009
59,2008-12-31,8119750000.0,5333500000.0,2786250000.0,0.08578625,277250000.0,940250000.0,0.0,155000000.0,1217500000.0,6551000000.0,163250000.0,118250000.0,2005250000.0,1568750000.0,-8250000.0,1723750000.0,0.053072749999999995,515250000.0,1208500000.0,0.0478425,0.0478425,6315000000.0,6315000000.0,https://www.sec.gov/Archives/edgar/data/320193/000119312508224958/d10k.htm,2008,FY-2008
58,2008-09-30,8119750000.0,5333500000.0,2786250000.0,0.08578625,277250000.0,940250000.0,0.0,155000000.0,1217500000.0,6551000000.0,163250000.0,118250000.0,2005250000.0,1568750000.0,-8250000.0,1723750000.0,0.053072749999999995,515250000.0,1208500000.0,0.0478425,0.0478425,6315000000.0,6315000000.0,https://www.sec.gov/Archives/edgar/data/320193/000119312508224958/d10k.htm,2008,FY-2008
57,2008-06-30,8119750000.0,5333500000.0,2786250000.0,0.08578625,277250000.0,940250000.0,0.0,155000000.0,1217500000.0,6551000000.0,163250000.0,118250000.0,2005250000.0,1568750000.0,-8250000.0,1723750000.0,0.053072749999999995,515250000.0,1208500000.0,0.0478425,0.0478425,6315000000.0,6315000000.0,https://www.sec.gov/Archives/edgar/data/320193/000119312508224958/d10k.htm,2008,FY-2008
56,2008-03-31,8119750000.0,5333500000.0,2786250000.0,0.08578625,277250000.0,940250000.0,0.0,155000000.0,1217500000.0,6551000000.0,163250000.0,118250000.0,2005250000.0,1568750000.0,-8250000.0,1723750000.0,0.053072749999999995,515250000.0,1208500000.0,0.0478425,0.0478425,6315000000.0,6315000000.0,https://www.sec.gov/Archives/edgar/data/320193/000119312508224958/d10k.htm,2008,FY-2008
55,2007-12-31,6001500000.0,3963000000.0,2038500000.0,0.08491625,195500000.0,740750000.0,0.0,149750000.0,936250000.0,4899250000.0,161750000.0,79250000.0,1493000000.0,1102250000.0,-12000000.0,1252000000.0,0.052153750000000006,378000000.0,874000000.0,0.0351,0.0351,6225000000.0,6225000000.0,https://www.sec.gov/Archives/edgar/data/320193/000104746907009340/a2181030z10-k.htm,2007,FY-2007
54,2007-09-30,6001500000.0,3963000000.0,2038500000.0,0.08491625,195500000.0,740750000.0,0.0,149750000.0,936250000.0,4899250000.0,161750000.0,79250000.0,1493000000.0,1102250000.0,-12000000.0,1252000000.0,0.052153750000000006,378000000.0,874000000.0,0.0351,0.0351,6225000000.0,6225000000.0,https://www.sec.gov/Archives/edgar/data/320193/000104746907009340/a2181030z10-k.htm,2007,FY-2007
53,2007-06-30,6001500000.0,3963000000.0,2038500000.0,0.08491625,195500000.0,740750000.0,0.0,149750000.0,936250000.0,4899250000.0,161750000.0,79250000.0,1493000000.0,1102250000.0,-12000000.0,1252000000.0,0.052153750000000006,378000000.0,874000000.0,0.0351,0.0351,6225000000.0,6225000000.0,https://www.sec.gov/Archives/edgar/data/320193/000104746907009340/a2181030z10-k.htm,2007,FY-2007
52,2007-03-31,6001500000.0,3963000000.0,2038500000.0,0.08491625,195500000.0,740750000.0,0.0,149750000.0,936250000.0,4899250000.0,161750000.0,79250000.0,1493000000.0,1102250000.0,-12000000.0,1252000000.0,0.052153750000000006,378000000.0,874000000.0,0.0351,0.0351,6225000000.0,6225000000.0,https://www.sec.gov/Archives/edgar/data/320193/000104746907009340/a2181030z10-k.htm,2007,FY-2007
51,2006-12-31,4828750000.0,3429250000.0,1399500000.0,0.07245663991716282,178000000.0,608250000.0,0.0,-7250000.0,786250000.0,4215500000.0,0.0,0.0,760750000.0,613250000.0,-7250000.0,704500000.0,0.03647424281646389,207250000.0,497250000.0,0.0210715,0.02026775,5908406000.0,6142682000.0,https://www.sec.gov/Archives/edgar/data/320193/000110465906084288/a06-25759_210k.htm,2006,FY-2006
50,2006-09-30,4828750000.0,3429250000.0,1399500000.0,0.07245663991716282,178000000.0,608250000.0,0.0,-7250000.0,786250000.0,4215500000.0,0.0,0.0,760750000.0,613250000.0,-7250000.0,704500000.0,0.03647424281646389,207250000.0,497250000.0,0.0210715,0.02026775,5908406000.0,6142682000.0,https://www.sec.gov/Archives/edgar/data/320193/000110465906084288/a06-25759_210k.htm,2006,FY-2006
49,2006-06-30,4828750000.0,3429250000.0,1399500000.0,0.07245663991716282,178000000.0,608250000.0,0.0,-7250000.0,786250000.0,4215500000.0,0.0,0.0,760750000.0,613250000.0,-7250000.0,704500000.0,0.03647424281646389,207250000.0,497250000.0,0.0210715,0.02026775,5908406000.0,6142682000.0,https://www.sec.gov/Archives/edgar/data/320193/000110465906084288/a06-25759_210k.htm,2006,FY-2006
48,2006-03-31,4828750000.0,3429250000.0,1399500000.0,0.07245663991716282,178000000.0,608250000.0,0.0,-7250000.0,786250000.0,4215500000.0,0.0,0.0,760750000.0,613250000.0,-7250000.0,704500000.0,0.03647424281646389,207250000.0,497250000.0,0.0210715,0.02026775,5908406000.0,6142682000.0,https://www.sec.gov/Archives/edgar/data/320193/000110465906084288/a06-25759_210k.htm,2006,FY-2006
47,2005-12-31,3482750000.0,2472000000.0,1010750000.0,0.072554,133500000.0,464750000.0,0.0,41250000.0,598250000.0,3070250000.0,45750000.0,44750000.0,544250000.0,412500000.0,-4500000.0,453750000.0,0.032571249999999996,120000000.0,333750000.0,0.0139125,0.0139125,5997000000.0,5997000000.0,https://www.sec.gov/Archives/edgar/data/320193/000110465905058421/a05-20674_110k.htm,2005,FY-2005
46,2005-09-30,3482750000.0,2472000000.0,1010750000.0,0.072554,133500000.0,464750000.0,0.0,41250000.0,598250000.0,3070250000.0,45750000.0,44750000.0,544250000.0,412500000.0,-4500000.0,453750000.0,0.032571249999999996,120000000.0,333750000.0,0.0139125,0.0139125,5997000000.0,5997000000.0,https://www.sec.gov/Archives/edgar/data/320193/000110465905058421/a05-20674_110k.htm,2005,FY-2005
45,2005-06-30,3482750000.0,2472000000.0,1010750000.0,0.072554,133500000.0,464750000.0,0.0,41250000.0,598250000.0,3070250000.0,45750000.0,44750000.0,544250000.0,412500000.0,-4500000.0,453750000.0,0.032571249999999996,120000000.0,333750000.0,0.0139125,0.0139125,5997000000.0,5997000000.0,https://www.sec.gov/Archives/edgar/data/320193/000110465905058421/a05-20674_110k.htm,2005,FY-2005
44,2005-03-31,3482750000.0,2472000000.0,1010750000.0,0.072554,133500000.0,464750000.0,0.0,41250000.0,598250000.0,3070250000.0,45750000.0,44750000.0,544250000.0,412500000.0,-4500000.0,453750000.0,0.032571249999999996,120000000.0,333750000.0,0.0139125,0.0139125,5997000000.0,5997000000.0,https://www.sec.gov/Archives/edgar/data/320193/000110465905058421/a05-20674_110k.htm,2005,FY-2005
43,2004-12-31,2069750000.0,1505000000.0,564750000.0,0.06821475,122250000.0,355250000.0,0.0,5750000.0,483250000.0,1988250000.0,16500000.0,37500000.0,149750000.0,81500000.0,-2250000.0,95750000.0,0.0115655,26750000.0,69000000.0,0.0031825,0.0031825,5422000000.0,5422000000.0,https://www.sec.gov/Archives/edgar/data/320193/000104746904035975/a2147337z10-k.htm,2004,FY-2004
42,2004-09-30,2069750000.0,1505000000.0,564750000.0,0.06821475,122250000.0,355250000.0,0.0,5750000.0,483250000.0,1988250000.0,16500000.0,37500000.0,149750000.0,81500000.0,-2250000.0,95750000.0,0.0115655,26750000.0,69000000.0,0.0031825,0.0031825,5422000000.0,5422000000.0,https://www.sec.gov/Archives/edgar/data/320193/000104746904035975/a2147337z10-k.htm,2004,FY-2004
41,2004-06-30,2069750000.0,1505000000.0,564750000.0,0.06821475,122250000.0,355250000.0,0.0,5750000.0,483250000.0,1988250000.0,16500000.0,37500000.0,149750000.0,81500000.0,-2250000.0,95750000.0,0.0115655,26750000.0,69000000.0,0.0031825,0.0031825,5422000000.0,5422000000.0,https://www.sec.gov/Archives/edgar/data/320193/000104746904035975/a2147337z10-k.htm,2004,FY-2004
40,2004-03-31,2069750000.0,1505000000.0,564750000.0,0.06821475,122250000.0,355250000.0,0.0,5750000.0,483250000.0,1988250000.0,16500000.0,37500000.0,149750000.0,81500000.0,-2250000.0,95750000.0,0.0115655,26750000.0,69000000.0,0.0031825,0.0031825,5422000000.0,5422000000.0,https://www.sec.gov/Archives/edgar/data/320193/000104746904035975/a2147337z10-k.htm,2004,FY-2004
39,2003-12-31,1551750000.0,1124750000.0,427000000.0,0.06879325,117750000.0,303000000.0,0.0,6500000.0,427250000.0,1552000000.0,23000000.0,28250000.0,74500000.0,-250000.0,250000.0,23000000.0,0.0037055,6000000.0,17250000.0,0.0008475,0.0008475,5089000000.0,5089000000.0,https://www.sec.gov/Archives/edgar/data/320193/000104746903041604/a2124888z10-k.htm,2003,FY-2003
38,2003-09-30,1551750000.0,1124750000.0,427000000.0,0.06879325,117750000.0,303000000.0,0.0,6500000.0,427250000.0,1552000000.0,23000000.0,28250000.0,74500000.0,-250000.0,250000.0,23000000.0,0.0037055,6000000.0,17250000.0,0.0008475,0.0008475,5089000000.0,5089000000.0,https://www.sec.gov/Archives/edgar/data/320193/000104746903041604/a2124888z10-k.htm,2003,FY-2003
37,2003-06-30,1551750000.0,1124750000.0,427000000.0,0.06879325,117750000.0,303000000.0,0.0,6500000.0,427250000.0,1552000000.0,23000000.0,28250000.0,74500000.0,-250000.0,250000.0,23000000.0,0.0037055,6000000.0,17250000.0,0.0008475,0.0008475,5089000000.0,5089000000.0,https://www.sec.gov/Archives/edgar/data/320193/000104746903041604/a2124888z10-k.htm,2003,FY-2003
36,2003-03-31,1551750000.0,1124750000.0,427000000.0,0.06879325,117750000.0,303000000.0,0.0,6500000.0,427250000.0,1552000000.0,23000000.0,28250000.0,74500000.0,-250000.0,250000.0,23000000.0,0.0037055,6000000.0,17250000.0,0.0008475,0.0008475,5089000000.0,5089000000.0,https://www.sec.gov/Archives/edgar/data/320193/000104746903041604/a2124888z10-k.htm,2003,FY-2003
35,2002-12-31,1435500000.0,1034750000.0,400750000.0,0.06979275,111500000.0,277250000.0,0.0,7250000.0,396500000.0,1431250000.0,16250000.0,28500000.0,66500000.0,4250000.0,1250000.0,21750000.0,0.003788,5500000.0,16250000.0,0.0008025,0.0008025,5065000000.0,5065000000.0,https://www.sec.gov/Archives/edgar/data/320193/000104746902007674/a2096490z10-k.htm,2002,FY-2002
34,2002-09-30,1435500000.0,1034750000.0,400750000.0,0.06979275,111500000.0,277250000.0,0.0,7250000.0,396500000.0,1431250000.0,16250000.0,28500000.0,66500000.0,4250000.0,1250000.0,21750000.0,0.003788,5500000.0,16250000.0,0.0008025,0.0008025,5065000000.0,5065000000.0,https://www.sec.gov/Archives/edgar/data/320193/000104746902007674/a2096490z10-k.htm,2002,FY-2002
33,2002-06-30,1435500000.0,1034750000.0,400750000.0,0.06979275,111500000.0,277250000.0,0.0,7250000.0,396500000.0,1431250000.0,16250000.0,28500000.0,66500000.0,4250000.0,1250000.0,21750000.0,0.003788,5500000.0,16250000.0,0.0008025,0.0008025,5065000000.0,5065000000.0,https://www.sec.gov/Archives/edgar/data/320193/000104746902007674/a2096490z10-k.htm,2002,FY-2002
32,2002-03-31,1435500000.0,1034750000.0,400750000.0,0.06979275,111500000.0,277250000.0,0.0,7250000.0,396500000.0,1431250000.0,16250000.0,28500000.0,66500000.0,4250000.0,1250000.0,21750000.0,0.003788,5500000.0,16250000.0,0.0008025,0.0008025,5065000000.0,5065000000.0,https://www.sec.gov/Archives/edgar/data/320193/000104746902007674/a2096490z10-k.htm,2002,FY-2002
31,2001-12-31,1340750000.0,1032000000.0,308750000.0,0.057570500000000004,107500000.0,284500000.0,0.0,2750000.0,394750000.0,1426750000.0,69250000.0,25000000.0,84250000.0,-86000000.0,3750000.0,-13000000.0,-0.002424,-3750000.0,-6250000.0,-0.00032250000000000003,-0.00032250000000000003,4839000000.0,4839000000.0,https://www.sec.gov/Archives/edgar/data/320193/000091205701544436/a2066171z10-k405.htm,2001,FY-2001
30,2001-09-30,1340750000.0,1032000000.0,308750000.0,0.057570500000000004,107500000.0,284500000.0,0.0,2750000.0,394750000.0,1426750000.0,69250000.0,25000000.0,84250000.0,-86000000.0,3750000.0,-13000000.0,-0.002424,-3750000.0,-6250000.0,-0.00032250000000000003,-0.00032250000000000003,4839000000.0,4839000000.0,https://www.sec.gov/Archives/edgar/data/320193/000091205701544436/a2066171z10-k405.htm,2001,FY-2001
29,2001-06-30,1340750000.0,1032000000.0,308750000.0,0.057570500000000004,107500000.0,284500000.0,0.0,2750000.0,394750000.0,1426750000.0,69250000.0,25000000.0,84250000.0,-86000000.0,3750000.0,-13000000.0,-0.002424,-3750000.0,-6250000.0,-0.00032250000000000003,-0.00032250000000000003,4839000000.0,4839000000.0,https://www.sec.gov/Archives/edgar/data/320193/000091205701544436/a2066171z10-k405.htm,2001,FY-2001
28,2001-03-31,1340750000.0,1032000000.0,308750000.0,0.057570500000000004,107500000.0,284500000.0,0.0,2750000.0,394750000.0,1426750000.0,69250000.0,25000000.0,84250000.0,-86000000.0,3750000.0,-13000000.0,-0.002424,-3750000.0,-6250000.0,-0.00032250000000000003,-0.00032250000000000003,4839000000.0,4839000000.0,https://www.sec.gov/Archives/edgar/data/320193/000091205701544436/a2066171z10-k405.htm,2001,FY-2001
27,2000-12-31,1995750000.0,1454250000.0,541500000.0,0.06783164223975949,95000000.0,291500000.0,0.0,1500000.0,386500000.0,1840750000.0,5250000.0,0.0,230000000.0,155000000.0,70750000.0,273000000.0,0.034197670048853816,76500000.0,196500000.0,0.010803499999999999,0.009732250000000001,4543952000.0,5044536000.0,https://www.sec.gov/Archives/edgar/data/320193/000091205700053623/a2032880z10-k.txt,2000,FY-2000
26,2000-09-30,1995750000.0,1454250000.0,541500000.0,0.06783164223975949,95000000.0,291500000.0,0.0,1500000.0,386500000.0,1840750000.0,5250000.0,0.0,230000000.0,155000000.0,70750000.0,273000000.0,0.034197670048853816,76500000.0,196500000.0,0.010803499999999999,0.009732250000000001,4543952000.0,5044536000.0,https://www.sec.gov/Archives/edgar/data/320193/000091205700053623/a2032880z10-k.txt,2000,FY-2000
25,2000-06-30,1995750000.0,1454250000.0,541500000.0,0.06783164223975949,95000000.0,291500000.0,0.0,1500000.0,386500000.0,1840750000.0,5250000.0,0.0,230000000.0,155000000.0,70750000.0,273000000.0,0.034197670048853816,76500000.0,196500000.0,0.010803499999999999,0.009732250000000001,4543952000.0,5044536000.0,https://www.sec.gov/Archives/edgar/data/320193/000091205700053623/a2032880z10-k.txt,2000,FY-2000
24,2000-03-31,1995750000.0,1454250000.0,541500000.0,0.06783164223975949,95000000.0,291500000.0,0.0,1500000.0,386500000.0,1840750000.0,5250000.0,0.0,230000000.0,155000000.0,70750000.0,273000000.0,0.034197670048853816,76500000.0,196500000.0,0.010803499999999999,0.009732250000000001,4543952000.0,5044536000.0,https://www.sec.gov/Archives/edgar/data/320193/000091205700053623/a2032880z10-k.txt,2000,FY-2000
23,1999-12-31,1893650000.0,1109500000.0,424000000.0,0.069123,78500000.0,249000000.0,0.0,0.0,334250000.0,1443750000.0,81750000.0,21250000.0,272000000.0,89750000.0,-2500000.0,169000000.0,0.02755125,18750000.0,150250000.0,0.0077025,0.0077025,4877000000.0,4877000000.0,https://www.sec.gov/Archives/edgar/data/320193/0000912057-99-010244.txt,1999,FY-1999
22,1999-09-30,1791550000.0,1109500000.0,424000000.0,0.069123,78500000.0,249000000.0,0.0,0.0,334250000.0,1443750000.0,81750000.0,21250000.0,272000000.0,89750000.0,-2500000.0,169000000.0,0.02755125,18750000.0,150250000.0,0.0077025,0.0077025,4877000000.0,4877000000.0,https://www.sec.gov/Archives/edgar/data/320193/0000912057-99-010244.txt,1999,FY-1999
21,1999-06-30,1689450000.0,1109500000.0,424000000.0,0.069123,78500000.0,249000000.0,0.0,0.0,334250000.0,1443750000.0,81750000.0,21250000.0,272000000.0,89750000.0,-2500000.0,169000000.0,0.02755125,18750000.0,150250000.0,0.0077025,0.0077025,4877000000.0,4877000000.0,https://www.sec.gov/Archives/edgar/data/320193/0000912057-99-010244.txt,1999,FY-1999
20,1999-03-31,1587350000.0,1109500000.0,424000000.0,0.069123,78500000.0,249000000.0,0.0,0.0,334250000.0,1443750000.0,81750000.0,21250000.0,272000000.0,89750000.0,-2500000.0,169000000.0,0.02755125,18750000.0,150250000.0,0.0077025,0.0077025,4877000000.0,4877000000.0,https://www.sec.gov/Archives/edgar/data/320193/0000912057-99-010244.txt,1999,FY-1999
19,1998-12-31,1485250000.0,1115500000.0,369750000.0,0.062237,75750000.0,227000000.0,0.0,0.0,304500000.0,1420000000.0,19500000.0,27750000.0,129500000.0,65250000.0,-2500000.0,82250000.0,0.0138445,5000000.0,77250000.0,0.0041075,0.0041075,4702000000.0,4702000000.0,,1998,FY-1998
18,1998-09-30,1485250000.0,1115500000.0,369750000.0,0.062237,75750000.0,227000000.0,0.0,0.0,304500000.0,1420000000.0,19500000.0,27750000.0,129500000.0,65250000.0,-2500000.0,82250000.0,0.0138445,5000000.0,77250000.0,0.0041075,0.0041075,4702000000.0,4702000000.0,,1998,FY-1998
17,1998-06-30,1485250000.0,1115500000.0,369750000.0,0.062237,75750000.0,227000000.0,0.0,0.0,304500000.0,1420000000.0,19500000.0,27750000.0,129500000.0,65250000.0,-2500000.0,82250000.0,0.0138445,5000000.0,77250000.0,0.0041075,0.0041075,4702000000.0,4702000000.0,,1998,FY-1998
16,1998-03-31,1485250000.0,1115500000.0,369750000.0,0.062237,75750000.0,227000000.0,0.0,0.0,304500000.0,1420000000.0,19500000.0,27750000.0,129500000.0,65250000.0,-2500000.0,82250000.0,0.0138445,5000000.0,77250000.0,0.0041075,0.0041075,4702000000.0,4702000000.0,,1998,FY-1998
15,1997-12-31,1770250000.0,1428250000.0,342000000.0,0.04829825,121250000.0,321500000.0,0.0,0.0,609500000.0,2037750000.0,2750000.0,29500000.0,-229000000.0,-267500000.0,3500000.0,-261250000.0,-0.0368945,0.0,-261250000.0,-0.0185025,-0.0185025,3530000000.0,3530000000.0,https://www.sec.gov/Archives/edgar/data/320193/0001047469-97-006960.txt,1997,FY-1997
14,1997-09-30,1770250000.0,1428250000.0,342000000.0,0.04829825,121250000.0,321500000.0,0.0,0.0,609500000.0,2037750000.0,2750000.0,29500000.0,-229000000.0,-267500000.0,3500000.0,-261250000.0,-0.0368945,0.0,-261250000.0,-0.0185025,-0.0185025,3530000000.0,3530000000.0,https://www.sec.gov/Archives/edgar/data/320193/0001047469-97-006960.txt,1997,FY-1997
13,1997-06-30,1770250000.0,1428250000.0,342000000.0,0.04829825,121250000.0,321500000.0,0.0,0.0,609500000.0,2037750000.0,2750000.0,29500000.0,-229000000.0,-267500000.0,3500000.0,-261250000.0,-0.0368945,0.0,-261250000.0,-0.0185025,-0.0185025,3530000000.0,3530000000.0,https://www.sec.gov/Archives/edgar/data/320193/0001047469-97-006960.txt,1997,FY-1997
12,1997-03-31,1770250000.0,1428250000.0,342000000.0,0.04829825,121250000.0,321500000.0,0.0,0.0,609500000.0,2037750000.0,2750000.0,29500000.0,-229000000.0,-267500000.0,3500000.0,-261250000.0,-0.0368945,0.0,-261250000.0,-0.0185025,-0.0185025,3530000000.0,3530000000.0,https://www.sec.gov/Archives/edgar/data/320193/0001047469-97-006960.txt,1997,FY-1997
11,1996-12-31,2458250000.0,2216250000.0,242000000.0,0.024611,151000000.0,392000000.0,0.0,0.0,587750000.0,2804000000.0,0.0,39000000.0,-284750000.0,-345750000.0,22000000.0,-323750000.0,-0.03292475,-119750000.0,-204000000.0,-0.014717500000000001,-0.014717500000000001,3465000000.0,3465000000.0,https://www.sec.gov/Archives/edgar/data/320193/0000320193-96-000023.txt,1996,FY-1996
10,1996-09-30,2458250000.0,2216250000.0,242000000.0,0.024611,151000000.0,392000000.0,0.0,0.0,587750000.0,2804000000.0,0.0,39000000.0,-284750000.0,-345750000.0,22000000.0,-323750000.0,-0.03292475,-119750000.0,-204000000.0,-0.014717500000000001,-0.014717500000000001,3465000000.0,3465000000.0,https://www.sec.gov/Archives/edgar/data/320193/0000320193-96-000023.txt,1996,FY-1996
9,1996-06-30,2458250000.0,2216250000.0,242000000.0,0.024611,151000000.0,392000000.0,0.0,0.0,587750000.0,2804000000.0,0.0,39000000.0,-284750000.0,-345750000.0,22000000.0,-323750000.0,-0.03292475,-119750000.0,-204000000.0,-0.014717500000000001,-0.014717500000000001,3465000000.0,3465000000.0,https://www.sec.gov/Archives/edgar/data/320193/0000320193-96-000023.txt,1996,FY-1996
8,1996-03-31,2458250000.0,2216250000.0,242000000.0,0.024611,151000000.0,392000000.0,0.0,0.0,587750000.0,2804000000.0,0.0,39000000.0,-284750000.0,-345750000.0,22000000.0,-323750000.0,-0.03292475,-119750000.0,-204000000.0,-0.014717500000000001,-0.014717500000000001,3465000000.0,3465000000.0,https://www.sec.gov/Archives/edgar/data/320193/0000320193-96-000023.txt,1996,FY-1996
7,1995-12-31,2765500000.0,2051000000.0,714500000.0,0.0645905,153500000.0,395750000.0,0.0,0.0,543500000.0,2594500000.0,13000000.0,31750000.0,213250000.0,171000000.0,-15500000.0,168500000.0,0.01523225,62500000.0,106000000.0,0.0076925,0.0076925,3445000000.0,3445000000.0,https://www.sec.gov/Archives/edgar/data/320193/0000320193-95-000016.txt,1995,FY-1995
6,1995-09-30,2765500000.0,2051000000.0,714500000.0,0.0645905,153500000.0,395750000.0,0.0,0.0,543500000.0,2594500000.0,13000000.0,31750000.0,213250000.0,171000000.0,-15500000.0,168500000.0,0.01523225,62500000.0,106000000.0,0.0076925,0.0076925,3445000000.0,3445000000.0,https://www.sec.gov/Archives/edgar/data/320193/0000320193-95-000016.txt,1995,FY-1995
5,1995-06-30,2765500000.0,2051000000.0,714500000.0,0.0645905,153500000.0,395750000.0,0.0,0.0,543500000.0,2594500000.0,13000000.0,31750000.0,213250000.0,171000000.0,-15500000.0,168500000.0,0.01523225,62500000.0,106000000.0,0.0076925,0.0076925,3445000000.0,3445000000.0,https://www.sec.gov/Archives/edgar/data/320193/0000320193-95-000016.txt,1995,FY-1995
4,1995-03-31,2765500000.0,2051000000.0,714500000.0,0.0645905,153500000.0,395750000.0,0.0,0.0,543500000.0,2594500000.0,13000000.0,31750000.0,213250000.0,171000000.0,-15500000.0,168500000.0,0.01523225,62500000.0,106000000.0,0.0076925,0.0076925,3445000000.0,3445000000.0,https://www.sec.gov/Archives/edgar/data/320193/0000320193-95-000016.txt,1995,FY-1995
3,1994-12-31,2297187000.0,1711228750.0,585958250.0,0.06376910652027892,141075750.0,346027750.0,0.0,2171250.0,487103500.0,2198332250.0,9913250.0,0.0,153836500.0,98854750.0,25309000.0,125071500.0,0.01361137556498448,47527000.0,77544500.0,0.005826,0.005826,3324580000.0,3326680000.0,https://www.sec.gov/Archives/edgar/data/320193/0000320193-94-000016.txt,1994,FY-1994
2,1994-09-30,2297187000.0,1711228750.0,585958250.0,0.06376910652027892,141075750.0,346027750.0,0.0,2171250.0,487103500.0,2198332250.0,9913250.0,0.0,153836500.0,98854750.0,25309000.0,125071500.0,0.01361137556498448,47527000.0,77544500.0,0.005826,0.005826,3324580000.0,3326680000.0,https://www.sec.gov/Archives/edgar/data/320193/0000320193-94-000016.txt,1994,FY-1994
1,1994-06-30,2297187000.0,1711228750.0,585958250.0,0.06376910652027892,141075750.0,346027750.0,0.0,2171250.0,487103500.0,2198332250.0,9913250.0,0.0,153836500.0,98854750.0,25309000.0,125071500.0,0.01361137556498448,47527000.0,77544500.0,0.005826,0.005826,3324580000.0,3326680000.0,https://www.sec.gov/Archives/edgar/data/320193/0000320193-94-000016.txt,1994,FY-1994
0,1994-03-31,2297187000.0,1711228750.0,585958250.0,0.06376910652027892,141075750.0,346027750.0,0.0,2171250.0,487103500.0,2198332250.0,9913250.0,0.0,153836500.0,98854750.0,25309000.0,125071500.0,0.01361137556498448,47527000.0,77544500.0,0.005826,0.005826,3324580000.0,3326680000.0,https://www.sec.gov/Archives/edgar/data/320193/0000320193-94-000016.txt,1994,FY-1994
