,date,open,high,low,close,volume,unadjustedVolume,change,changePercent,vwap,label,changeOverTime
0,2019-04-12,6.43,6.49,6.37,6.39,80211.0,80211.0,0.0,0.0,6.3996,Apr 12,-0.5638225255972698
0,2019-04-11,6.45,6.49,6.36,6.39,234214.0,234214.0,-0.06,-0.93,6.4025,Apr 11,-0.5638225255972698
0,2019-04-10,6.52,6.675,6.34,6.45,132456.0,132456.0,-0.12,-1.826,6.4696,Apr 10,-0.5597269624573378
0,2019-04-09,6.58,6.6495,6.47,6.57,416403.0,416403.0,-0.02,-0.303,6.5658,Apr 9,-0.5515358361774744
0,2019-04-08,6.72,6.828,6.56,6.59,146487.0,146487.0,-0.1,-1.495,6.6649,Apr 8,-0.5501706484641639
0,2019-04-05,6.94,7.09,6.655,6.69,309806.0,309806.0,-0.19,-2.762,6.7782,Apr 5,-0.5433447098976109
0,2019-04-04,6.37,7.01,6.36,6.88,457799.0,457799.0,0.56,8.861,6.8172,Apr 4,-0.5303754266211604
0,2019-04-03,6.0,6.43,6.0,6.32,314943.0,314943.0,0.32,5.333,6.285,Apr 3,-0.5686006825938567
0,2019-04-02,6.09,6.2491,5.99,6.0,417384.0,417384.0,-0.12,-1.961,6.0252,Apr 2,-0.590443686006826
0,2019-04-01,6.15,6.25,6.07,6.12,233396.0,233396.0,0.01,0.164,6.1462,Apr 1,-0.5822525597269625
0,2019-03-29,6.32,6.41,6.08,6.11,266844.0,266844.0,-0.22,-3.476,6.209,Mar 29,-0.5829351535836177
0,2019-03-28,6.25,6.38,6.17,6.33,158631.0,158631.0,0.1,1.605,6.2952,Mar 28,-0.5679180887372014
0,2019-03-27,6.14,6.28,6.11,6.23,220824.0,220824.0,0.07,1.136,6.2115,Mar 27,-0.5747440273037543
0,2019-03-26,6.13,6.34,6.06,6.16,220076.0,220076.0,0.07,1.149,6.1801,Mar 26,-0.5795221843003413
0,2019-03-25,6.21,6.2521,6.02,6.09,265561.0,265561.0,-0.11,-1.774,6.1307,Mar 25,-0.5843003412969283
0,2019-03-22,6.5,6.51,6.16,6.2,293213.0,293213.0,-0.32,-4.908,6.2252,Mar 22,-0.5767918088737201
0,2019-03-21,6.21,6.6,6.16,6.52,280430.0,280430.0,0.26,4.153,6.4523,Mar 21,-0.5549488054607509
0,2019-03-20,6.29,6.5397,6.2,6.26,260208.0,260208.0,-0.05,-0.792,6.3342,Mar 20,-0.5726962457337884
0,2019-03-19,6.18,6.34,6.135,6.31,331992.0,331992.0,0.11,1.774,6.221,Mar 19,-0.5692832764505119
0,2019-03-18,6.52,6.525,6.15,6.2,616747.0,616747.0,-0.35,-5.344,6.2628,Mar 18,-0.5767918088737201
0,2019-03-15,6.73,6.74,6.51,6.55,445464.0,445464.0,-0.18,-2.675,6.5772,Mar 15,-0.5529010238907851
0,2019-03-14,6.95,6.95,6.68,6.73,264015.0,264015.0,-0.17,-2.464,6.7487,"Mar 14, 19",-0.5406143344709897
0,2019-03-13,6.32,7.06,6.2204,6.9,465279.0,465279.0,-0.1,-1.429,6.8445,"Mar 13, 19",-0.5290102389078498
0,2019-03-12,6.6,7.1,6.6,7.0,520056.0,520056.0,0.3,4.478,6.9475,"Mar 12, 19",-0.5221843003412969
0,2019-03-11,6.34,6.9,6.22,6.7,672759.0,672759.0,0.36,5.678,6.6671,"Mar 11, 19",-0.5426621160409556
0,2019-03-08,6.44,6.49,6.12,6.34,379308.0,379308.0,0.12,1.929,6.3404,"Mar 8, 19",-0.5672354948805461
0,2019-03-07,6.53,6.69,5.915,6.22,1901122.0,1901122.0,-3.21,-34.04,6.2574,"Mar 7, 19",-0.5754266211604095
0,2019-03-06,9.65,9.6592,9.35,9.43,78049.0,78049.0,-0.22,-2.28,9.4653,"Mar 6, 19",-0.3563139931740615
0,2019-03-05,10.2,10.22,9.63,9.65,83047.0,83047.0,-0.62,-6.037,9.8112,"Mar 5, 19",-0.341296928327645
0,2019-03-04,10.25,10.53,10.17,10.27,265932.0,265932.0,-0.13,-1.25,10.2646,"Mar 4, 19",-0.2989761092150171
0,2019-03-01,10.44,10.47,10.29,10.4,147529.0,147529.0,0.09,0.873,10.3995,"Mar 1, 19",-0.2901023890784983
0,2019-02-28,10.05,10.55,10.05,10.31,222456.0,222456.0,0.25,2.485,10.3589,"Feb 28, 19",-0.2962457337883959
0,2019-02-27,10.27,10.37,9.98,10.06,213835.0,213835.0,-0.22,-2.14,10.0729,"Feb 27, 19",-0.31331058020477814
0,2019-02-26,10.35,10.35,10.04,10.28,225829.0,225829.0,-0.04,-0.388,10.2694,"Feb 26, 19",-0.29829351535836185
0,2019-02-25,10.0,10.36,9.99,10.32,66286.0,66286.0,0.32,3.2,10.219,"Feb 25, 19",-0.2955631399317406
0,2019-02-22,9.67,10.15,9.62,10.0,129320.0,129320.0,0.37,3.842,9.8948,"Feb 22, 19",-0.3174061433447099
0,2019-02-21,9.26,9.86,9.26,9.63,190022.0,190022.0,0.3,3.215,9.6085,"Feb 21, 19",-0.3426621160409556
0,2019-02-20,9.53,9.76,9.27,9.33,104915.0,104915.0,-0.22,-2.304,9.446,"Feb 20, 19",-0.3631399317406143
0,2019-02-19,9.33,9.74,9.33,9.55,237046.0,237046.0,0.1,1.058,9.5745,"Feb 19, 19",-0.3481228668941979
0,2019-02-15,9.31,9.55,9.31,9.45,114485.0,114485.0,0.16,1.722,9.4727,"Feb 15, 19",-0.3549488054607509
0,2019-02-14,9.35,9.48,9.25,9.29,227051.0,227051.0,-0.08,-0.854,9.3823,"Feb 14, 19",-0.36587030716723556
0,2019-02-13,9.23,9.45,9.22,9.37,132199.0,132199.0,0.19,2.07,9.3215,"Feb 13, 19",-0.36040955631399324
0,2019-02-12,9.25,9.35,9.06,9.18,101600.0,101600.0,-0.03,-0.326,9.1668,"Feb 12, 19",-0.3733788395904437
0,2019-02-11,8.89,9.48,8.73,9.21,254072.0,254072.0,0.35,3.95,9.0979,"Feb 11, 19",-0.3713310580204778
0,2019-02-08,8.62,8.94,8.62,8.86,124066.0,124066.0,0.18,2.074,8.8364,"Feb 8, 19",-0.395221843003413
0,2019-02-07,8.55,8.69,8.43,8.68,101318.0,101318.0,0.08,0.93,8.5861,"Feb 7, 19",-0.4075085324232082
0,2019-02-06,8.48,8.64,8.46,8.6,78107.0,78107.0,0.1,1.176,8.5631,"Feb 6, 19",-0.41296928327645055
0,2019-02-05,8.33,8.55,8.1,8.5,151484.0,151484.0,0.19,2.286,8.4482,"Feb 5, 19",-0.41979522184300344
0,2019-02-04,8.12,8.4,8.12,8.31,107190.0,107190.0,0.18,2.214,8.2734,"Feb 4, 19",-0.4327645051194539
0,2019-02-01,8.15,8.26,8.06,8.13,86330.0,86330.0,0.0,0.0,8.1255,"Feb 1, 19",-0.44505119453924913
0,2019-01-31,7.98,8.26,7.93,8.13,143517.0,143517.0,0.18,2.264,8.1197,"Jan 31, 19",-0.44505119453924913
0,2019-01-30,8.06,8.06,7.82,7.95,85316.0,85316.0,-0.08,-0.996,7.9218,"Jan 30, 19",-0.45733788395904434
0,2019-01-29,8.32,8.5,8.01,8.03,92905.0,92905.0,-0.34,-4.062,8.2072,"Jan 29, 19",-0.45187713310580213
0,2019-01-28,8.29,8.66,8.235,8.37,164656.0,164656.0,0.06,0.722,8.4144,"Jan 28, 19",-0.42866894197952227
0,2019-01-25,8.11,8.37,8.07,8.31,149861.0,149861.0,0.23,2.847,8.2266,"Jan 25, 19",-0.4327645051194539
0,2019-01-24,8.35,8.5481,8.0,8.08,101791.0,101791.0,-0.26,-3.118,8.1951,"Jan 24, 19",-0.44846416382252563
0,2019-01-23,8.08,8.43,8.045,8.34,189467.0,189467.0,0.34,4.25,8.2411,"Jan 23, 19",-0.4307167235494881
0,2019-01-22,8.05,8.19,7.87,8.0,172112.0,172112.0,-0.08,-0.99,8.0151,"Jan 22, 19",-0.45392491467576795
0,2019-01-18,7.93,8.195,7.91,8.08,119316.0,119316.0,0.2,2.538,8.0797,"Jan 18, 19",-0.44846416382252563
0,2019-01-17,7.76,7.94,7.74,7.88,102291.0,102291.0,0.1,1.285,7.8593,"Jan 17, 19",-0.4621160409556314
0,2019-01-16,7.94,8.03,7.73,7.78,99726.0,99726.0,-0.12,-1.519,7.88,"Jan 16, 19",-0.4689419795221843
0,2019-01-15,7.97,8.19,7.61,7.9,168829.0,168829.0,-0.05,-0.629,7.8944,"Jan 15, 19",-0.4607508532423208
0,2019-01-14,7.71,8.09,7.71,7.95,111809.0,111809.0,0.27,3.516,7.9142,"Jan 14, 19",-0.45733788395904434
0,2019-01-11,7.65,7.75,7.52,7.68,95050.0,95050.0,0.0,0.0,7.649,"Jan 11, 19",-0.47576791808873725
0,2019-01-10,7.77,7.82,7.65,7.68,70860.0,70860.0,-0.12,-1.538,7.7183,"Jan 10, 19",-0.47576791808873725
0,2019-01-09,7.84,7.91,7.67,7.8,83030.0,83030.0,0.02,0.257,7.8011,"Jan 9, 19",-0.46757679180887374
0,2019-01-08,8.12,8.16,7.72,7.78,170439.0,170439.0,-0.25,-3.113,7.9271,"Jan 8, 19",-0.4689419795221843
0,2019-01-07,7.63,8.09,7.6,8.03,109064.0,109064.0,0.42,5.519,7.9744,"Jan 7, 19",-0.45187713310580213
0,2019-01-04,7.31,7.66,7.31,7.61,150369.0,150369.0,0.36,4.966,7.5414,"Jan 4, 19",-0.4805460750853242
0,2019-01-03,7.41,7.53,7.21,7.25,82746.0,82746.0,-0.25,-3.333,7.3024,"Jan 3, 19",-0.5051194539249146
0,2019-01-02,6.94,7.53,6.86,7.5,137698.0,137698.0,0.49,6.99,7.362,"Jan 2, 19",-0.4880546075085324
0,2018-12-31,6.89,7.09,6.81,7.01,95015.0,95015.0,0.14,2.038,6.9836,"Dec 31, 18",-0.5215017064846417
0,2018-12-28,6.83,7.01,6.75,6.87,115967.0,115967.0,0.04,0.586,6.8605,"Dec 28, 18",-0.5310580204778157
0,2018-12-27,6.7,6.87,6.56,6.83,147753.0,147753.0,0.05,0.737,6.7572,"Dec 27, 18",-0.5337883959044368
0,2018-12-26,6.77,6.97,6.685,6.78,114283.0,114283.0,0.05,0.743,6.8394,"Dec 26, 18",-0.5372013651877133
0,2018-12-24,6.69,6.77,6.63,6.73,123877.0,123877.0,-0.06,-0.884,6.704,"Dec 24, 18",-0.5406143344709897
0,2018-12-21,6.85,7.12,6.76,6.79,178953.0,178953.0,-0.02,-0.294,6.9056,"Dec 21, 18",-0.5365187713310581
0,2018-12-20,7.03,7.05,6.67,6.81,192382.0,192382.0,-0.22,-3.129,6.7974,"Dec 20, 18",-0.5351535836177475
0,2018-12-19,7.5,7.59,7.01,7.03,134477.0,134477.0,-0.51,-6.764,7.2719,"Dec 19, 18",-0.520136518771331
0,2018-12-18,7.67,7.76,7.49,7.54,81717.0,81717.0,-0.06,-0.789,7.6257,"Dec 18, 18",-0.4853242320819113
0,2018-12-17,7.84,7.84,7.54,7.6,233185.0,233185.0,-0.26,-3.308,7.6738,"Dec 17, 18",-0.4812286689419796
0,2018-12-14,8.0,8.1,7.75,7.86,161547.0,161547.0,-0.18,-2.239,7.8997,"Dec 14, 18",-0.463481228668942
0,2018-12-13,7.95,8.11,7.82,8.04,112281.0,112281.0,0.12,1.515,8.0091,"Dec 13, 18",-0.4511945392491468
0,2018-12-12,7.97,8.18,7.84,7.92,112433.0,112433.0,-0.03,-0.377,8.025,"Dec 12, 18",-0.4593856655290103
0,2018-12-11,7.95,8.16,7.84,7.95,112356.0,112356.0,0.04,0.506,7.9502,"Dec 11, 18",-0.45733788395904434
0,2018-12-10,7.8,7.95,7.75,7.91,202331.0,202331.0,0.11,1.41,7.8761,"Dec 10, 18",-0.46006825938566553
0,2018-12-07,7.96,8.03,7.78,7.8,170613.0,170613.0,-0.16,-2.01,7.8591,"Dec 7, 18",-0.46757679180887374
0,2018-12-06,7.99,8.13,7.78,7.96,99794.0,99794.0,-0.12,-1.485,7.9377,"Dec 6, 18",-0.4566552901023891
0,2018-12-04,8.05,8.15,8.02,8.08,113159.0,113159.0,-0.11,-1.343,8.0653,"Dec 4, 18",-0.44846416382252563
0,2018-12-03,8.02,8.29,8.02,8.19,72981.0,72981.0,0.19,2.375,8.1617,"Dec 3, 18",-0.4409556313993174
0,2018-11-30,8.06,8.06,7.83,8.0,138225.0,138225.0,-0.03,-0.374,7.9708,"Nov 30, 18",-0.45392491467576795
0,2018-11-29,7.78,8.095,7.75,8.03,102920.0,102920.0,0.16,2.033,7.9803,"Nov 29, 18",-0.45187713310580213
0,2018-11-28,7.79,7.96,7.76,7.87,89603.0,89603.0,0.06,0.768,7.8461,"Nov 28, 18",-0.46279863481228667
0,2018-11-27,7.85,7.91,7.75,7.81,72063.0,72063.0,-0.08,-1.014,7.8176,"Nov 27, 18",-0.4668941979522185
0,2018-11-26,7.86,8.02,7.76,7.89,171039.0,171039.0,0.03,0.382,7.8761,"Nov 26, 18",-0.46143344709897616
0,2018-11-23,7.81,7.96,7.77,7.86,52179.0,52179.0,0.05,0.64,7.8779,"Nov 23, 18",-0.463481228668942
0,2018-11-21,7.81,7.8575,7.75,7.81,182481.0,182481.0,0.05,0.644,7.7923,"Nov 21, 18",-0.4668941979522185
0,2018-11-20,7.8,8.07,7.52,7.76,219709.0,219709.0,-0.32,-3.96,7.7422,"Nov 20, 18",-0.4703071672354949
0,2018-11-19,8.12,8.24,7.96,8.08,237325.0,237325.0,-0.11,-1.343,8.1158,"Nov 19, 18",-0.44846416382252563
0,2018-11-16,8.29,8.32,8.15,8.19,97594.0,97594.0,-0.13,-1.562,8.2185,"Nov 16, 18",-0.4409556313993174
0,2018-11-15,8.17,8.35,7.93,8.32,106838.0,106838.0,0.06,0.726,8.2349,"Nov 15, 18",-0.43208191126279866
0,2018-11-14,8.21,8.39,8.15,8.26,145662.0,145662.0,0.13,1.599,8.2502,"Nov 14, 18",-0.4361774744027304
0,2018-11-13,8.04,8.19,7.81,8.13,167638.0,167638.0,-0.02,-0.245,8.0656,"Nov 13, 18",-0.44505119453924913
0,2018-11-12,7.8,8.2969,7.8,8.15,295749.0,295749.0,0.33,4.22,8.162,"Nov 12, 18",-0.44368600682593856
0,2018-11-09,9.88,9.9,7.345,7.82,1004566.0,1004566.0,-2.14,-21.486,7.7987,"Nov 9, 18",-0.4662116040955631
0,2018-11-08,9.77,10.0799,9.55,9.96,142353.0,142353.0,0.14,1.426,9.8934,"Nov 8, 18",-0.32013651877133104
0,2018-11-07,9.41,10.0,9.41,9.82,125755.0,125755.0,0.41,4.357,9.763,"Nov 7, 18",-0.3296928327645051
0,2018-11-06,9.42,9.45,9.09,9.41,107412.0,107412.0,-0.04,-0.423,9.2696,"Nov 6, 18",-0.357679180887372
0,2018-11-05,9.51,9.61,9.26,9.45,127581.0,127581.0,-0.06,-0.631,9.4425,"Nov 5, 18",-0.3549488054607509
0,2018-11-02,9.74,9.75,9.45,9.51,77762.0,77762.0,-0.09,-0.938,9.5292,"Nov 2, 18",-0.35085324232081916
0,2018-11-01,9.59,9.75,9.38,9.6,88319.0,88319.0,0.0,0.0,9.5393,"Nov 1, 18",-0.3447098976109215
0,2018-10-31,9.56,9.73,9.38,9.6,141229.0,141229.0,0.14,1.48,9.557,"Oct 31, 18",-0.3447098976109215
0,2018-10-30,9.42,9.51,9.21,9.46,128198.0,128198.0,0.04,0.425,9.4167,"Oct 30, 18",-0.3542662116040955
0,2018-10-29,9.44,9.6,9.36,9.42,189294.0,189294.0,0.08,0.857,9.4294,"Oct 29, 18",-0.35699658703071674
0,2018-10-26,8.82,9.35,8.82,9.34,155991.0,155991.0,0.42,4.709,9.1921,"Oct 26, 18",-0.36245733788395906
0,2018-10-25,8.8,9.03,8.77,8.92,99164.0,99164.0,0.12,1.364,8.88,"Oct 25, 18",-0.39112627986348125
0,2018-10-24,8.8,9.0,8.75,8.8,112167.0,112167.0,-0.02,-0.227,8.8422,"Oct 24, 18",-0.39931740614334466
0,2018-10-23,8.85,8.89,8.64,8.82,170565.0,170565.0,-0.13,-1.453,8.7842,"Oct 23, 18",-0.39795221843003414
0,2018-10-22,9.16,9.24,8.95,8.95,147878.0,147878.0,-0.22,-2.399,9.1027,"Oct 22, 18",-0.38907849829351543
0,2018-10-19,9.38,9.38,9.06,9.17,113994.0,113994.0,-0.2,-2.134,9.151,"Oct 19, 18",-0.374061433447099
0,2018-10-18,9.43,9.56,9.3,9.37,93223.0,93223.0,-0.11,-1.16,9.3988,"Oct 18, 18",-0.36040955631399324
0,2018-10-17,9.67,9.91,9.3,9.48,98100.0,98100.0,-0.19,-1.965,9.4817,"Oct 17, 18",-0.352901023890785
0,2018-10-16,9.72,9.9738,9.58,9.67,119527.0,119527.0,0.02,0.207,9.6809,"Oct 16, 18",-0.3399317406143345
0,2018-10-15,9.39,9.72,9.19,9.65,184575.0,184575.0,0.2,2.116,9.6157,"Oct 15, 18",-0.341296928327645
0,2018-10-12,9.66,9.69,9.355,9.45,101160.0,101160.0,-0.12,-1.254,9.4576,"Oct 12, 18",-0.3549488054607509
0,2018-10-11,9.69,9.77,9.54,9.57,94792.0,94792.0,-0.13,-1.34,9.6494,"Oct 11, 18",-0.34675767918088735
0,2018-10-10,9.87,9.96,9.59,9.7,162105.0,162105.0,-0.13,-1.322,9.7532,"Oct 10, 18",-0.3378839590443687
0,2018-10-09,9.67,10.03,9.59,9.83,108281.0,108281.0,0.14,1.445,9.8536,"Oct 9, 18",-0.32901023890784986
0,2018-10-08,9.97,10.055,9.64,9.69,222187.0,222187.0,-0.3,-3.003,9.7502,"Oct 8, 18",-0.33856655290102394
0,2018-10-05,9.97,10.05,9.71,9.99,235538.0,235538.0,0.04,0.402,9.8932,"Oct 5, 18",-0.3180887372013652
0,2018-10-04,9.79,10.02,9.5814,9.95,132336.0,132336.0,0.16,1.634,9.8634,"Oct 4, 18",-0.3208191126279864
0,2018-10-03,9.9,10.06,9.69,9.79,213116.0,213116.0,-0.12,-1.211,9.8108,"Oct 3, 18",-0.33174061433447105
0,2018-10-02,10.03,10.22,9.7803,9.91,135387.0,135387.0,-0.16,-1.589,9.9665,"Oct 2, 18",-0.32354948805460754
0,2018-10-01,10.16,10.25,9.84,10.07,229519.0,229519.0,-0.09,-0.886,10.0543,"Oct 1, 18",-0.3126279863481229
0,2018-09-28,10.15,10.409,10.14,10.16,175204.0,175204.0,0.0,0.0,10.2591,"Sep 28, 18",-0.30648464163822525
0,2018-09-27,10.0,10.19,9.6727,10.16,127505.0,127505.0,0.16,1.6,10.0463,"Sep 27, 18",-0.30648464163822525
0,2018-09-26,10.49,10.61,10.0,10.0,140876.0,140876.0,-0.45,-4.306,10.1693,"Sep 26, 18",-0.3174061433447099
0,2018-09-25,10.0,10.45,9.97,10.45,372922.0,372922.0,0.46,4.605,10.2979,"Sep 25, 18",-0.2866894197952219
0,2018-09-24,10.01,10.068,9.92,9.99,176303.0,176303.0,-0.08,-0.794,9.9968,"Sep 24, 18",-0.3180887372013652
0,2018-09-21,10.2,10.2653,9.985,10.07,359497.0,359497.0,-0.13,-1.275,10.0575,"Sep 21, 18",-0.3126279863481229
0,2018-09-20,10.42,10.45,10.1656,10.2,97056.0,97056.0,-0.17,-1.639,10.2247,"Sep 20, 18",-0.3037542662116042
0,2018-09-19,10.43,10.52,10.1,10.37,155090.0,155090.0,-0.05,-0.48,10.2907,"Sep 19, 18",-0.2921501706484642
0,2018-09-18,10.31,10.59,9.99,10.42,531435.0,531435.0,0.1,0.969,10.3629,"Sep 18, 18",-0.2887372013651877
0,2018-09-17,10.21,10.385,10.09,10.32,329728.0,329728.0,0.15,1.475,10.3057,"Sep 17, 18",-0.2955631399317406
0,2018-09-14,10.22,10.25,10.02,10.17,117149.0,117149.0,-0.06,-0.587,10.1609,"Sep 14, 18",-0.30580204778157
0,2018-09-13,10.2,10.42,10.17,10.23,121078.0,121078.0,0.03,0.294,10.2782,"Sep 13, 18",-0.30170648464163824
0,2018-09-12,10.53,10.62,10.09,10.2,238387.0,238387.0,-0.44,-4.135,10.2331,"Sep 12, 18",-0.3037542662116042
0,2018-09-11,10.68,10.81,10.58,10.64,103234.0,103234.0,-0.11,-1.023,10.6827,"Sep 11, 18",-0.2737201365187713
0,2018-09-10,10.79,10.98,10.5205,10.75,260297.0,260297.0,0.01,0.093,10.8028,"Sep 10, 18",-0.26621160409556316
0,2018-09-07,11.06,11.3,10.7,10.74,182745.0,182745.0,-0.38,-3.417,10.9355,"Sep 7, 18",-0.2668941979522184
0,2018-09-06,11.16,11.36,10.7,11.12,281708.0,281708.0,-0.04,-0.358,11.0753,"Sep 6, 18",-0.24095563139931747
0,2018-09-05,11.6,11.6132,11.14,11.16,158159.0,158159.0,-0.5,-4.288,11.2711,"Sep 5, 18",-0.23822525597269625
0,2018-09-04,11.74,11.94,11.65,11.66,221135.0,221135.0,-0.1,-0.85,11.7933,"Sep 4, 18",-0.20409556313993174
0,2018-08-31,11.74,11.81,11.58,11.76,187536.0,187536.0,0.03,0.256,11.7366,"Aug 31, 18",-0.19726962457337888
0,2018-08-30,11.82,11.94,11.52,11.73,190058.0,190058.0,-0.06,-0.509,11.6996,"Aug 30, 18",-0.1993174061433447
0,2018-08-29,12.78,12.79,11.75,11.79,341576.0,341576.0,-1.0,-7.819,12.1162,"Aug 29, 18",-0.19522184300341305
0,2018-08-28,12.91,12.94,12.35,12.79,395268.0,395268.0,-0.08,-0.622,12.657,"Aug 28, 18",-0.12696245733788403
0,2018-08-27,12.68,13.0,12.54,12.87,281719.0,281719.0,0.12,0.941,12.8437,"Aug 27, 18",-0.12150170648464172
0,2018-08-24,13.0,13.0,12.68,12.75,144597.0,144597.0,-0.25,-1.923,12.7562,"Aug 24, 18",-0.12969283276450513
0,2018-08-23,13.05,13.09,12.8109,13.0,184173.0,184173.0,-0.01,-0.077,12.9908,"Aug 23, 18",-0.11262798634812289
0,2018-08-22,13.05,13.2,12.96,13.01,229151.0,229151.0,-0.03,-0.23,13.0662,"Aug 22, 18",-0.11194539249146761
0,2018-08-21,13.45,13.6299,12.89,13.04,297569.0,297569.0,-0.38,-2.832,13.1724,"Aug 21, 18",-0.10989761092150178
0,2018-08-20,13.23,13.51,13.11,13.42,318942.0,318942.0,0.26,1.976,13.283,"Aug 20, 18",-0.08395904436860072
0,2018-08-17,13.21,13.42,12.8,13.16,289789.0,289789.0,-0.19,-1.423,13.1263,"Aug 17, 18",-0.10170648464163824
0,2018-08-16,13.25,13.53,12.9,13.35,630174.0,630174.0,0.23,1.753,13.3471,"Aug 16, 18",-0.08873720136518776
0,2018-08-15,13.03,13.21,12.95,13.12,290884.0,290884.0,0.04,0.306,13.0887,"Aug 15, 18",-0.10443686006825946
0,2018-08-14,13.03,13.1478,12.85,13.08,270157.0,270157.0,0.05,0.384,13.0439,"Aug 14, 18",-0.10716723549488057
0,2018-08-13,12.84,13.09,12.66,13.03,239494.0,239494.0,0.12,0.93,13.0049,"Aug 13, 18",-0.11058020477815707
0,2018-08-10,13.21,13.28,12.87,12.91,209795.0,209795.0,-0.31,-2.345,13.0326,"Aug 10, 18",-0.11877133105802049
0,2018-08-09,13.04,13.3,13.02,13.22,360008.0,360008.0,0.17,1.303,13.1888,"Aug 9, 18",-0.09761092150170646
0,2018-08-08,13.14,13.14,12.91,13.05,223390.0,223390.0,-0.16,-1.211,13.0184,"Aug 8, 18",-0.10921501706484639
0,2018-08-07,12.94,13.3303,12.87,13.21,310503.0,310503.0,0.32,2.483,13.101,"Aug 7, 18",-0.09829351535836174
0,2018-08-06,13.0,13.1,12.84,12.89,277654.0,277654.0,-0.21,-1.603,12.9144,"Aug 6, 18",-0.12013651877133104
0,2018-08-03,13.02,13.38,12.84,13.1,553403.0,553403.0,0.08,0.614,13.0943,"Aug 3, 18",-0.10580204778157001
0,2018-08-02,13.22,13.22,12.8,13.02,456585.0,456585.0,-0.2,-1.513,12.993,"Aug 2, 18",-0.11126279863481234
0,2018-08-01,13.13,13.22,12.7,13.22,851935.0,851935.0,0.11,0.839,12.9853,"Aug 1, 18",-0.09761092150170646
0,2018-07-31,12.79,13.12,12.7,13.11,601316.0,601316.0,0.34,2.662,12.9213,"Jul 31, 18",-0.10511945392491473
0,2018-07-30,12.63,13.28,12.45,12.77,1427816.0,1427816.0,0.34,2.735,12.884,"Jul 30, 18",-0.1283276450511946
0,2018-07-27,12.15,12.72,11.95,12.43,1441358.0,1441358.0,0.06,0.485,12.3462,"Jul 27, 18",-0.15153583617747443
0,2018-07-26,10.0,12.81,9.66,12.37,4837687.0,4837687.0,4.28,52.905,11.6333,"Jul 26, 18",-0.15563139931740622
0,2018-07-25,8.0,8.22,7.933,8.09,215937.0,215937.0,0.08,0.999,8.1138,"Jul 25, 18",-0.4477815699658703
0,2018-07-24,7.97,8.03,7.72,8.01,251811.0,251811.0,0.05,0.628,7.9115,"Jul 24, 18",-0.45324232081911264
0,2018-07-23,7.59,8.02,7.55,7.96,288775.0,288775.0,0.38,5.013,7.8428,"Jul 23, 18",-0.4566552901023891
0,2018-07-20,7.33,7.59,7.24,7.58,143903.0,143903.0,0.23,3.129,7.4946,"Jul 20, 18",-0.4825938566552901
0,2018-07-19,7.37,7.51,7.33,7.35,137771.0,137771.0,-0.03,-0.407,7.3893,"Jul 19, 18",-0.4982935153583618
0,2018-07-18,7.0,7.48,6.94,7.38,139735.0,139735.0,0.38,5.429,7.3007,"Jul 18, 18",-0.4962457337883959
0,2018-07-17,6.75,7.02,6.75,7.0,112307.0,112307.0,0.21,3.093,6.9495,"Jul 17, 18",-0.5221843003412969
0,2018-07-16,6.44,6.97,6.42,6.79,277644.0,277644.0,0.33,5.108,6.7276,"Jul 16, 18",-0.5365187713310581
0,2018-07-13,6.43,6.67,6.42,6.46,140834.0,140834.0,0.01,0.155,6.4977,"Jul 13, 18",-0.5590443686006826
0,2018-07-12,6.49,6.49,6.29,6.45,236743.0,236743.0,-0.01,-0.155,6.4125,"Jul 12, 18",-0.5597269624573378
0,2018-07-11,6.34,6.52,6.29,6.46,217251.0,217251.0,0.04,0.623,6.4343,"Jul 11, 18",-0.5590443686006826
0,2018-07-10,6.59,6.59,6.37,6.42,81085.0,81085.0,-0.15,-2.283,6.4554,"Jul 10, 18",-0.5617747440273038
0,2018-07-09,6.61,6.71,6.53,6.57,173354.0,173354.0,0.02,0.305,6.609,"Jul 9, 18",-0.5515358361774744
0,2018-07-06,6.57,6.62,6.54,6.55,90763.0,90763.0,0.01,0.153,6.5761,"Jul 6, 18",-0.5529010238907851
0,2018-07-05,6.63,6.67,6.53,6.54,78885.0,78885.0,-0.08,-1.208,6.5919,"Jul 5, 18",-0.5535836177474402
0,2018-07-03,6.58,6.71,6.51,6.62,103212.0,103212.0,0.09,1.378,6.6249,"Jul 3, 18",-0.548122866894198
0,2018-07-02,6.52,6.64,6.39,6.53,140378.0,140378.0,0.0,0.0,6.5242,"Jul 2, 18",-0.5542662116040956
0,2018-06-29,6.68,6.76,6.37,6.53,206121.0,206121.0,-0.12,-1.805,6.4957,"Jun 29, 18",-0.5542662116040956
0,2018-06-28,6.68,6.75,6.61,6.65,137467.0,137467.0,-0.07,-1.042,6.6524,"Jun 28, 18",-0.5460750853242321
0,2018-06-27,6.87,6.87,6.66,6.72,178430.0,178430.0,-0.15,-2.183,6.7089,"Jun 27, 18",-0.5412969283276451
0,2018-06-26,6.78,6.98,6.77,6.87,161403.0,161403.0,0.11,1.627,6.9041,"Jun 26, 18",-0.5310580204778157
0,2018-06-25,6.71,6.84,6.66,6.76,277687.0,277687.0,0.09,1.349,6.7557,"Jun 25, 18",-0.538566552901024
0,2018-06-22,6.96,7.03,6.59,6.67,3063103.0,3063103.0,-0.29,-4.167,6.6773,"Jun 22, 18",-0.5447098976109215
0,2018-06-21,7.18,7.22,6.92,6.96,387902.0,387902.0,-0.23,-3.199,7.0537,"Jun 21, 18",-0.5249146757679181
0,2018-06-20,7.2,7.35,7.12,7.19,369236.0,369236.0,0.01,0.139,7.2303,"Jun 20, 18",-0.5092150170648464
0,2018-06-19,7.15,7.26,7.1,7.18,191400.0,191400.0,0.01,0.139,7.1821,"Jun 19, 18",-0.5098976109215018
0,2018-06-18,7.16,7.26,7.07,7.17,203458.0,203458.0,-0.01,-0.139,7.1534,"Jun 18, 18",-0.510580204778157
0,2018-06-15,7.16,7.23,7.11,7.18,195153.0,195153.0,0.0,0.0,7.1616,"Jun 15, 18",-0.5098976109215018
0,2018-06-14,7.24,7.28,7.13,7.18,226843.0,226843.0,-0.06,-0.829,7.2021,"Jun 14, 18",-0.5098976109215018
0,2018-06-13,7.24,7.3,7.11,7.24,293569.0,293569.0,-0.04,-0.549,7.2367,"Jun 13, 18",-0.50580204778157
0,2018-06-12,7.34,7.43,7.23,7.28,124400.0,124400.0,-0.08,-1.087,7.308,"Jun 12, 18",-0.5030716723549488
0,2018-06-11,7.27,7.39,7.19,7.36,181072.0,181072.0,0.1,1.377,7.2965,"Jun 11, 18",-0.4976109215017065
0,2018-06-08,7.13,7.314,7.13,7.26,175639.0,175639.0,0.11,1.538,7.2473,"Jun 8, 18",-0.5044368600682594
0,2018-06-07,7.21,7.22,6.95,7.15,167318.0,167318.0,-0.02,-0.279,7.0935,"Jun 7, 18",-0.5119453924914675
0,2018-06-06,7.36,7.38,7.01,7.17,189444.0,189444.0,-0.18,-2.449,7.1538,"Jun 6, 18",-0.510580204778157
0,2018-06-05,7.23,7.46,7.22,7.35,208999.0,208999.0,0.12,1.66,7.3416,"Jun 5, 18",-0.4982935153583618
0,2018-06-04,7.13,7.27,7.09,7.23,231344.0,231344.0,0.15,2.119,7.2062,"Jun 4, 18",-0.5064846416382253
0,2018-06-01,6.91,7.16,6.84,7.08,179690.0,179690.0,0.19,2.758,7.0306,"Jun 1, 18",-0.5167235494880547
0,2018-05-31,6.82,6.92,6.73,6.89,164802.0,164802.0,0.1,1.473,6.8489,"May 31, 18",-0.5296928327645052
0,2018-05-30,6.69,6.87,6.68,6.79,137093.0,137093.0,0.16,2.413,6.7946,"May 30, 18",-0.5365187713310581
0,2018-05-29,6.72,6.8,6.61,6.63,140875.0,140875.0,-0.13,-1.923,6.6791,"May 29, 18",-0.5474402730375426
0,2018-05-25,6.56,6.83,6.56,6.76,126956.0,126956.0,0.21,3.206,6.7436,"May 25, 18",-0.538566552901024
0,2018-05-24,6.52,6.62,6.49,6.55,140192.0,140192.0,0.03,0.46,6.5518,"May 24, 18",-0.5529010238907851
0,2018-05-23,6.5,6.55,6.38,6.52,226252.0,226252.0,-0.03,-0.458,6.4707,"May 23, 18",-0.5549488054607509
0,2018-05-22,6.08,6.58,6.08,6.55,260986.0,260986.0,0.47,7.73,6.4105,"May 22, 18",-0.5529010238907851
0,2018-05-21,6.02,6.1,6.015,6.08,111996.0,111996.0,0.1,1.672,6.0579,"May 21, 18",-0.5849829351535836
0,2018-05-18,6.02,6.12,5.97,5.98,198388.0,198388.0,-0.02,-0.333,6.0319,"May 18, 18",-0.5918088737201365
0,2018-05-17,5.93,6.07,5.93,6.0,113295.0,113295.0,0.07,1.18,6.0201,"May 17, 18",-0.590443686006826
0,2018-05-16,5.65,6.06,5.65,5.93,127652.0,127652.0,0.27,4.77,5.9409,"May 16, 18",-0.595221843003413
0,2018-05-15,5.69,5.83,5.65,5.66,143264.0,143264.0,-0.06,-1.049,5.7256,"May 15, 18",-0.6136518771331058
0,2018-05-14,5.73,5.86,5.65,5.72,137418.0,137418.0,-0.01,-0.175,5.7618,"May 14, 18",-0.609556313993174
0,2018-05-11,5.66,5.79,5.65,5.73,85495.0,85495.0,0.07,1.237,5.7238,"May 11, 18",-0.6088737201365187
0,2018-05-10,5.78,5.825,5.62,5.66,168108.0,168108.0,-0.12,-2.076,5.6807,"May 10, 18",-0.6136518771331058
0,2018-05-09,5.92,5.93,5.77,5.78,194039.0,194039.0,-0.11,-1.868,5.8161,"May 9, 18",-0.6054607508532424
0,2018-05-08,5.87,5.94,5.8,5.89,208357.0,208357.0,-0.03,-0.507,5.8644,"May 8, 18",-0.5979522184300342
0,2018-05-07,5.9,6.0,5.87,5.92,95493.0,95493.0,0.03,0.509,5.916,"May 7, 18",-0.5959044368600682
0,2018-05-04,5.67,5.91,5.66,5.89,121514.0,121514.0,0.19,3.333,5.8298,"May 4, 18",-0.5979522184300342
0,2018-05-03,5.42,5.77,5.37,5.7,202685.0,202685.0,0.25,4.587,5.6026,"May 3, 18",-0.6109215017064846
0,2018-05-02,5.44,5.95,5.31,5.45,316228.0,316228.0,-0.15,-2.679,5.4857,"May 2, 18",-0.6279863481228668
0,2018-05-01,5.83,5.83,5.49,5.6,152991.0,152991.0,-0.24,-4.11,5.5924,"May 1, 18",-0.6177474402730376
0,2018-04-30,5.91,5.955,5.77,5.84,91566.0,91566.0,-0.06,-1.017,5.8425,"Apr 30, 18",-0.6013651877133106
0,2018-04-27,6.0,6.01,5.9,5.9,113963.0,113963.0,-0.09,-1.503,5.9163,"Apr 27, 18",-0.5972696245733788
0,2018-04-26,6.07,6.095,5.96,5.99,82641.0,82641.0,-0.06,-0.992,6.0373,"Apr 26, 18",-0.5911262798634812
0,2018-04-25,6.14,6.14,6.05,6.05,83463.0,83463.0,-0.07,-1.144,6.0556,"Apr 25, 18",-0.5870307167235496
0,2018-04-24,6.11,6.29,6.08,6.12,88635.0,88635.0,0.05,0.824,6.1526,"Apr 24, 18",-0.5822525597269625
0,2018-04-23,6.07,6.1,6.03,6.07,143412.0,143412.0,0.01,0.165,6.0566,"Apr 23, 18",-0.5856655290102389
0,2018-04-20,6.05,6.15,6.05,6.06,80994.0,80994.0,0.0,0.0,6.0671,"Apr 20, 18",-0.5863481228668942
0,2018-04-19,6.08,6.08,6.05,6.06,88004.0,88004.0,-0.02,-0.329,6.056,"Apr 19, 18",-0.5863481228668942
0,2018-04-18,6.08,6.21,6.06,6.08,83627.0,83627.0,0.02,0.33,6.1187,"Apr 18, 18",-0.5849829351535836
0,2018-04-17,6.12,6.13,6.05,6.06,76076.0,76076.0,-0.04,-0.656,6.0661,"Apr 17, 18",-0.5863481228668942
0,2018-04-16,5.95,6.27,5.95,6.1,116374.0,116374.0,0.15,2.521,6.1102,"Apr 16, 18",-0.5836177474402731
0,2018-04-13,6.0,6.07,5.91,5.95,78021.0,78021.0,-0.04,-0.668,5.9746,"Apr 13, 18",-0.5938566552901023
0,2018-04-12,6.04,6.13,5.92,5.99,95199.0,95199.0,-0.04,-0.663,5.9818,"Apr 12, 18",-0.5911262798634812
0,2018-04-11,6.19,6.23,5.96,6.03,88099.0,88099.0,-0.2,-3.21,6.0637,"Apr 11, 18",-0.5883959044368601
0,2018-04-10,6.35,6.35,6.18,6.23,119254.0,119254.0,-0.03,-0.479,6.2475,"Apr 10, 18",-0.5747440273037543
0,2018-04-09,6.42,6.42,6.19,6.26,108020.0,108020.0,-0.13,-2.034,6.306,"Apr 9, 18",-0.5726962457337884
0,2018-04-06,6.56,6.63,6.35,6.39,78160.0,78160.0,-0.19,-2.888,6.4476,"Apr 6, 18",-0.5638225255972698
0,2018-04-05,6.62,6.62,6.46,6.58,105390.0,105390.0,0.01,0.152,6.5579,"Apr 5, 18",-0.5508532423208191
0,2018-04-04,6.38,6.64,6.33,6.57,135832.0,135832.0,0.13,2.019,6.512,"Apr 4, 18",-0.5515358361774744
0,2018-04-03,6.64,6.64,6.36,6.44,136783.0,136783.0,-0.18,-2.719,6.473,"Apr 3, 18",-0.5604095563139933
0,2018-04-02,6.71,6.74,6.46,6.62,137832.0,137832.0,-0.12,-1.78,6.5615,"Apr 2, 18",-0.548122866894198
0,2018-03-29,6.75,6.91,6.7,6.74,168978.0,168978.0,0.08,1.201,6.77,"Mar 29, 18",-0.5399317406143345
0,2018-03-28,6.72,6.81,6.57,6.66,129905.0,129905.0,-0.07,-1.04,6.6522,"Mar 28, 18",-0.5453924914675768
0,2018-03-27,6.66,6.83,6.56,6.73,155746.0,155746.0,0.08,1.203,6.6863,"Mar 27, 18",-0.5406143344709897
0,2018-03-26,6.78,6.78,6.525,6.65,106799.0,106799.0,-0.04,-0.598,6.6293,"Mar 26, 18",-0.5460750853242321
0,2018-03-23,6.94,6.94,6.68,6.69,68328.0,68328.0,-0.25,-3.602,6.7756,"Mar 23, 18",-0.5433447098976109
0,2018-03-22,7.06,7.11,6.9,6.94,119067.0,119067.0,-0.2,-2.801,6.9793,"Mar 22, 18",-0.5262798634812287
0,2018-03-21,7.1,7.21,7.06,7.14,109886.0,109886.0,0.02,0.281,7.1357,"Mar 21, 18",-0.5126279863481229
0,2018-03-20,7.41,7.43,7.11,7.12,100807.0,100807.0,-0.29,-3.914,7.1666,"Mar 20, 18",-0.5139931740614334
0,2018-03-19,7.32,7.49,7.18,7.41,138691.0,138691.0,0.07,0.954,7.379,"Mar 19, 18",-0.49419795221843005
0,2018-03-16,7.18,7.45,7.17,7.34,685523.0,685523.0,0.16,2.228,7.3361,"Mar 16, 18",-0.49897610921501706
0,2018-03-15,7.3,7.43,7.15,7.18,148606.0,148606.0,-0.11,-1.509,7.2358,"Mar 15, 18",-0.5098976109215018
0,2018-03-14,7.36,7.36,7.11,7.29,215957.0,215957.0,-0.06,-0.816,7.2413,"Mar 14, 18",-0.5023890784982935
0,2018-03-13,7.23,7.74,7.23,7.35,224734.0,224734.0,0.15,2.083,7.472,"Mar 13, 18",-0.4982935153583618
0,2018-03-12,7.25,7.3,7.17,7.2,109335.0,109335.0,-0.04,-0.552,7.2294,"Mar 12, 18",-0.5085324232081911
0,2018-03-09,7.18,7.3,7.06,7.24,159736.0,159736.0,0.11,1.543,7.2378,"Mar 9, 18",-0.50580204778157
0,2018-03-08,7.24,7.28,7.03,7.13,147051.0,147051.0,-0.06,-0.834,7.1097,"Mar 8, 18",-0.5133105802047782
0,2018-03-07,7.0,7.26,6.9612,7.19,132002.0,132002.0,0.14,1.986,7.1373,"Mar 7, 18",-0.5092150170648464
0,2018-03-06,6.8,7.33,6.68,7.05,232184.0,232184.0,0.3,4.444,6.9902,"Mar 6, 18",-0.5187713310580205
0,2018-03-05,6.5,6.79,6.5,6.75,198391.0,198391.0,0.23,3.528,6.6412,"Mar 5, 18",-0.5392491467576792
0,2018-03-02,6.39,6.62,6.35,6.52,156689.0,156689.0,0.02,0.308,6.505,"Mar 2, 18",-0.5549488054607509
0,2018-03-01,6.65,6.76,6.44,6.5,210923.0,210923.0,-0.17,-2.549,6.5802,"Mar 1, 18",-0.5563139931740615
0,2018-02-28,6.5,6.76,6.41,6.67,162257.0,162257.0,0.23,3.571,6.6522,"Feb 28, 18",-0.5447098976109215
0,2018-02-27,7.07,7.07,6.41,6.44,181472.0,181472.0,-0.66,-9.296,6.5695,"Feb 27, 18",-0.5604095563139933
0,2018-02-26,6.48,7.18,6.48,7.1,287456.0,287456.0,0.65,10.078,6.9698,"Feb 26, 18",-0.515358361774744
0,2018-02-23,6.44,6.66,6.33,6.45,632395.0,632395.0,0.03,0.467,6.4555,"Feb 23, 18",-0.5597269624573378
0,2018-02-22,6.0,6.46,5.7104,6.42,583026.0,583026.0,-0.46,-6.686,6.0148,"Feb 22, 18",-0.5617747440273038
0,2018-02-21,6.96,7.05,6.83,6.88,122353.0,122353.0,-0.09,-1.291,6.9074,"Feb 21, 18",-0.5303754266211604
0,2018-02-20,7.02,7.2,6.87,6.97,136586.0,136586.0,-0.08,-1.135,7.0196,"Feb 20, 18",-0.5242320819112628
0,2018-02-16,7.06,7.26,7.03,7.05,101976.0,101976.0,-0.04,-0.564,7.1391,"Feb 16, 18",-0.5187713310580205
0,2018-02-15,7.24,7.24,7.0301,7.09,90655.0,90655.0,-0.05,-0.7,7.092,"Feb 15, 18",-0.5160409556313993
0,2018-02-14,7.1,7.31,7.1,7.14,102309.0,102309.0,-0.04,-0.557,7.1874,"Feb 14, 18",-0.5126279863481229
0,2018-02-13,7.12,7.19,7.06,7.18,66272.0,66272.0,0.04,0.56,7.1427,"Feb 13, 18",-0.5098976109215018
0,2018-02-12,7.33,7.33,7.04,7.14,134186.0,134186.0,-0.17,-2.326,7.1522,"Feb 12, 18",-0.5126279863481229
0,2018-02-09,7.29,7.38,7.07,7.31,174124.0,174124.0,0.11,1.528,7.232,"Feb 9, 18",-0.501023890784983
0,2018-02-08,7.2,7.33,7.2,7.2,161392.0,161392.0,-0.02,-0.277,7.2184,"Feb 8, 18",-0.5085324232081911
0,2018-02-07,7.35,7.35,7.14,7.22,119735.0,119735.0,-0.16,-2.168,7.2358,"Feb 7, 18",-0.5071672354948806
0,2018-02-06,7.02,7.48,7.02,7.38,131040.0,131040.0,0.18,2.5,7.3033,"Feb 6, 18",-0.4962457337883959
0,2018-02-05,7.49,7.56,7.08,7.2,185981.0,185981.0,-0.39,-5.138,7.3464,"Feb 5, 18",-0.5085324232081911
0,2018-02-02,7.79,7.79,7.51,7.59,106640.0,106640.0,-0.28,-3.558,7.6052,"Feb 2, 18",-0.48191126279863483
0,2018-02-01,7.68,7.92,7.59,7.87,156026.0,156026.0,0.14,1.811,7.7757,"Feb 1, 18",-0.46279863481228667
0,2018-01-31,8.08,8.12,7.66,7.73,213145.0,213145.0,-0.36,-4.45,7.7889,"Jan 31, 18",-0.47235494880546075
0,2018-01-30,8.14,8.21,7.93,8.09,118707.0,118707.0,-0.1,-1.221,8.0387,"Jan 30, 18",-0.4477815699658703
0,2018-01-29,8.1,8.21,8.07,8.19,147205.0,147205.0,0.04,0.491,8.1665,"Jan 29, 18",-0.4409556313993174
0,2018-01-26,8.07,8.23,7.96,8.15,120541.0,120541.0,0.1,1.242,8.145,"Jan 26, 18",-0.44368600682593856
0,2018-01-25,8.28,8.31,7.96,8.05,149585.0,149585.0,-0.27,-3.245,8.069,"Jan 25, 18",-0.45051194539249145
0,2018-01-24,8.28,8.48,8.16,8.32,156946.0,156946.0,0.08,0.971,8.3549,"Jan 24, 18",-0.43208191126279866
0,2018-01-23,8.02,8.25,8.0,8.24,120785.0,120785.0,0.21,2.615,8.1507,"Jan 23, 18",-0.437542662116041
0,2018-01-22,8.13,8.13,7.94,8.03,148392.0,148392.0,-0.13,-1.593,8.0053,"Jan 22, 18",-0.45187713310580213
0,2018-01-19,7.93,8.2,7.91,8.16,139376.0,139376.0,0.21,2.642,8.1156,"Jan 19, 18",-0.4430034129692833
0,2018-01-18,8.21,8.21,7.87,7.95,130033.0,130033.0,-0.26,-3.167,7.9996,"Jan 18, 18",-0.45733788395904434
0,2018-01-17,8.44,8.44,8.09,8.21,115159.0,115159.0,-0.21,-2.494,8.196,"Jan 17, 18",-0.4395904436860068
0,2018-01-16,8.63,8.74,8.3,8.42,162149.0,162149.0,-0.14,-1.636,8.4904,"Jan 16, 18",-0.42525597269624577
0,2018-01-12,8.58,8.635,8.41,8.56,104642.0,104642.0,-0.06,-0.696,8.5207,"Jan 12, 18",-0.41569965870307163
0,2018-01-11,8.22,8.71,8.22,8.62,309723.0,309723.0,0.41,4.994,8.6024,"Jan 11, 18",-0.41160409556314
0,2018-01-10,8.08,8.2679,8.08,8.21,139116.0,139116.0,0.17,2.114,8.1942,"Jan 10, 18",-0.4395904436860068
0,2018-01-09,8.15,8.39,7.9,8.04,415292.0,415292.0,-0.24,-2.899,8.087,"Jan 9, 18",-0.4511945392491468
0,2018-01-08,7.62,8.75,7.57,8.28,950766.0,950766.0,0.68,8.947,8.2764,"Jan 8, 18",-0.43481228668941985
0,2018-01-05,7.92,7.92,7.53,7.6,200424.0,200424.0,-0.32,-4.04,7.6576,"Jan 5, 18",-0.4812286689419796
0,2018-01-04,8.06,8.16,7.9,7.92,135564.0,135564.0,-0.08,-1.0,7.9759,"Jan 4, 18",-0.4593856655290103
0,2018-01-03,8.11,8.18,7.89,8.0,257192.0,257192.0,-0.14,-1.72,8.0342,"Jan 3, 18",-0.45392491467576795
0,2018-01-02,8.36,8.36,8.04,8.14,281783.0,281783.0,-0.16,-1.928,8.1726,"Jan 2, 18",-0.4443686006825938
0,2017-12-29,8.44,8.49,8.27,8.3,152453.0,152453.0,-0.14,-1.659,8.3339,"Dec 29, 17",-0.43344709897610917
0,2017-12-28,8.56,8.57,8.38,8.44,146127.0,146127.0,-0.11,-1.287,8.4454,"Dec 28, 17",-0.4238907849829352
0,2017-12-27,8.5,8.67,8.459,8.55,290642.0,290642.0,0.08,0.945,8.54,"Dec 27, 17",-0.41638225255972694
0,2017-12-26,8.55,8.62,8.42,8.47,151550.0,151550.0,-0.04,-0.47,8.4918,"Dec 26, 17",-0.42184300341296926
0,2017-12-22,8.63,8.7,8.48,8.51,99382.0,99382.0,-0.17,-1.959,8.5596,"Dec 22, 17",-0.41911262798634813
0,2017-12-21,8.76,8.92,8.67,8.68,160093.0,160093.0,-0.18,-2.032,8.7445,"Dec 21, 17",-0.4075085324232082
0,2017-12-20,9.04,9.08,8.85,8.86,130510.0,130510.0,-0.19,-2.099,8.9233,"Dec 20, 17",-0.395221843003413
0,2017-12-19,9.17,9.21,9.01,9.05,345364.0,345364.0,0.06,0.667,9.0948,"Dec 19, 17",-0.3822525597269624
0,2017-12-18,9.03,9.17,8.91,8.99,237967.0,237967.0,0.16,1.812,9.0233,"Dec 18, 17",-0.3863481228668942
0,2017-12-15,8.69,8.94,8.48,8.83,670708.0,670708.0,0.32,3.76,8.7884,"Dec 15, 17",-0.39726962457337883
0,2017-12-14,8.6,8.66,8.455,8.51,306283.0,306283.0,-0.09,-1.047,8.5342,"Dec 14, 17",-0.41911262798634813
0,2017-12-13,8.8,8.83,8.5,8.6,375721.0,375721.0,-0.19,-2.162,8.6382,"Dec 13, 17",-0.41296928327645055
0,2017-12-12,8.8,9.02,8.79,8.79,203858.0,203858.0,-0.04,-0.453,8.9003,"Dec 12, 17",-0.4000000000000001
0,2017-12-11,8.99,9.05,8.82,8.83,195688.0,195688.0,-0.18,-1.998,8.8764,"Dec 11, 17",-0.39726962457337883
0,2017-12-08,9.12,9.23,8.99,9.01,175644.0,175644.0,-0.08,-0.88,9.0503,"Dec 8, 17",-0.38498293515358367
0,2017-12-07,8.94,9.3,8.94,9.09,402058.0,402058.0,0.16,1.792,9.0838,"Dec 7, 17",-0.37952218430034135
0,2017-12-06,8.88,9.02,8.83,8.93,204596.0,204596.0,0.05,0.563,8.9076,"Dec 6, 17",-0.390443686006826
0,2017-12-05,8.91,8.98,8.8,8.88,225954.0,225954.0,-0.07,-0.782,8.8878,"Dec 5, 17",-0.39385665529010233
0,2017-12-04,9.16,9.29,8.93,8.95,238421.0,238421.0,-0.09,-0.996,9.0418,"Dec 4, 17",-0.38907849829351543
0,2017-12-01,9.11,9.21,8.69,9.04,554783.0,554783.0,-0.09,-0.986,9.0176,"Dec 1, 17",-0.3829351535836178
0,2017-11-30,9.16,9.355,9.06,9.13,687239.0,687239.0,0.0,0.0,9.1901,"Nov 30, 17",-0.3767918088737201
0,2017-11-29,9.16,9.52,9.03,9.13,1137252.0,1137252.0,0.0,0.0,9.2822,"Nov 29, 17",-0.3767918088737201
0,2017-11-28,8.93,9.13,8.93,9.13,352431.0,352431.0,0.23,2.584,9.0658,"Nov 28, 17",-0.3767918088737201
0,2017-11-27,8.73,8.95,8.73,8.9,308436.0,308436.0,0.18,2.064,8.884,"Nov 27, 17",-0.3924914675767918
0,2017-11-24,8.98,9.0125,8.69,8.72,195148.0,195148.0,-0.25,-2.787,8.8106,"Nov 24, 17",-0.404778156996587
0,2017-11-22,8.91,9.2595,8.88,8.97,387493.0,387493.0,0.17,1.932,9.0285,"Nov 22, 17",-0.38771331058020475
0,2017-11-21,8.74,8.89,8.71,8.8,366261.0,366261.0,0.08,0.917,8.7836,"Nov 21, 17",-0.39931740614334466
0,2017-11-20,8.32,8.77,8.24,8.72,621075.0,621075.0,0.48,5.825,8.6103,"Nov 20, 17",-0.404778156996587
0,2017-11-17,8.42,8.59,8.18,8.24,2867738.0,2867738.0,-0.98,-10.629,8.355,"Nov 17, 17",-0.437542662116041
0,2017-11-16,9.09,9.23,9.04,9.22,246134.0,246134.0,0.17,1.878,9.1901,"Nov 16, 17",-0.3706484641638225
0,2017-11-15,9.13,9.19,9.04,9.05,185749.0,185749.0,-0.21,-2.268,9.0893,"Nov 15, 17",-0.3822525597269624
0,2017-11-14,9.21,9.27,9.08,9.26,267763.0,267763.0,0.03,0.325,9.2035,"Nov 14, 17",-0.3679180887372014
0,2017-11-13,9.24,9.42,9.18,9.23,563044.0,563044.0,-0.15,-1.599,9.246,"Nov 13, 17",-0.3699658703071672
0,2017-11-10,9.39,9.54,9.35,9.38,191940.0,191940.0,-0.07,-0.741,9.4626,"Nov 10, 17",-0.3597269624573379
0,2017-11-09,9.37,9.48,9.24,9.45,154697.0,154697.0,0.0,0.0,9.3927,"Nov 9, 17",-0.3549488054607509
0,2017-11-08,9.32,9.47,9.22,9.45,215358.0,215358.0,0.14,1.504,9.4156,"Nov 8, 17",-0.3549488054607509
0,2017-11-07,9.65,9.7,9.28,9.31,256786.0,256786.0,-0.44,-4.513,9.3922,"Nov 7, 17",-0.3645051194539249
0,2017-11-06,9.67,9.78,9.61,9.75,228817.0,228817.0,0.1,1.036,9.742,"Nov 6, 17",-0.3344709897610922
0,2017-11-03,9.62,9.75,9.6,9.65,149864.0,149864.0,-0.03,-0.31,9.6727,"Nov 3, 17",-0.341296928327645
0,2017-11-02,9.69,9.88,9.61,9.68,130750.0,130750.0,-0.01,-0.103,9.7564,"Nov 2, 17",-0.3392491467576792
0,2017-11-01,9.81,9.86,9.51,9.69,325477.0,325477.0,0.01,0.103,9.6917,"Nov 1, 17",-0.33856655290102394
0,2017-10-31,9.67,9.77,9.58,9.68,173165.0,173165.0,0.05,0.519,9.6719,"Oct 31, 17",-0.3392491467576792
0,2017-10-30,9.86,9.86,9.48,9.63,225996.0,225996.0,-0.16,-1.634,9.6112,"Oct 30, 17",-0.3426621160409556
0,2017-10-27,9.82,10.02,9.74,9.79,171192.0,171192.0,-0.03,-0.305,9.8831,"Oct 27, 17",-0.33174061433447105
0,2017-10-26,10.4,10.4,9.65,9.82,377904.0,377904.0,-0.07,-0.708,9.9286,"Oct 26, 17",-0.3296928327645051
0,2017-10-25,9.86,9.96,9.68,9.89,149954.0,149954.0,0.01,0.101,9.8572,"Oct 25, 17",-0.32491467576791805
0,2017-10-24,9.67,9.92,9.6,9.88,179100.0,179100.0,0.19,1.961,9.7961,"Oct 24, 17",-0.32559726962457336
0,2017-10-23,9.69,9.71,9.56,9.69,102384.0,102384.0,0.04,0.415,9.6448,"Oct 23, 17",-0.33856655290102394
0,2017-10-20,9.72,9.84,9.57,9.65,169714.0,169714.0,0.07,0.731,9.6725,"Oct 20, 17",-0.341296928327645
0,2017-10-19,9.65,9.69,9.47,9.58,84876.0,84876.0,-0.18,-1.844,9.5694,"Oct 19, 17",-0.3460750853242321
0,2017-10-18,9.52,9.78,9.47,9.76,172313.0,172313.0,0.25,2.629,9.6574,"Oct 18, 17",-0.3337883959044369
0,2017-10-17,9.6,9.75,9.41,9.51,161427.0,161427.0,-0.14,-1.451,9.5475,"Oct 17, 17",-0.35085324232081916
0,2017-10-16,9.59,9.91,9.57,9.65,144453.0,144453.0,0.08,0.836,9.6998,"Oct 16, 17",-0.341296928327645
0,2017-10-13,9.5,9.8,9.5,9.57,152067.0,152067.0,-0.09,-0.932,9.646,"Oct 13, 17",-0.34675767918088735
0,2017-10-12,9.81,9.84,9.66,9.66,121992.0,121992.0,-0.15,-1.529,9.7444,"Oct 12, 17",-0.34061433447098977
0,2017-10-11,10.0,10.02,9.7,9.81,167242.0,167242.0,-0.19,-1.9,9.7895,"Oct 11, 17",-0.3303754266211604
0,2017-10-10,9.87,10.03,9.85,10.0,86412.0,86412.0,0.17,1.729,9.9639,"Oct 10, 17",-0.3174061433447099
0,2017-10-09,9.94,10.08,9.77,9.83,154445.0,154445.0,-0.13,-1.305,9.8899,"Oct 9, 17",-0.32901023890784986
0,2017-10-06,9.83,10.0,9.79,9.96,85450.0,85450.0,0.03,0.302,9.9233,"Oct 6, 17",-0.32013651877133104
0,2017-10-05,9.91,10.04,9.85,9.93,134655.0,134655.0,0.04,0.404,9.9503,"Oct 5, 17",-0.32218430034129697
0,2017-10-04,9.92,10.02,9.7828,9.89,120748.0,120748.0,-0.05,-0.503,9.9037,"Oct 4, 17",-0.32491467576791805
0,2017-10-03,10.05,10.09,9.88,9.94,145091.0,145091.0,-0.08,-0.798,9.9458,"Oct 3, 17",-0.3215017064846417
0,2017-10-02,9.59,10.05,9.5,10.02,322189.0,322189.0,0.42,4.375,9.8772,"Oct 2, 17",-0.3160409556313994
0,2017-09-29,9.7,9.71,9.54,9.6,192267.0,192267.0,-0.09,-0.929,9.6219,"Sep 29, 17",-0.3447098976109215
0,2017-09-28,9.6,9.7,9.46,9.69,181444.0,181444.0,0.06,0.623,9.6292,"Sep 28, 17",-0.33856655290102394
0,2017-09-27,9.25,9.65,9.1,9.63,209991.0,209991.0,0.45,4.902,9.4589,"Sep 27, 17",-0.3426621160409556
0,2017-09-26,9.01,9.22,8.92,9.18,324926.0,324926.0,0.21,2.341,9.1646,"Sep 26, 17",-0.3733788395904437
0,2017-09-25,8.93,9.0,8.83,8.97,112311.0,112311.0,0.0,0.0,8.9262,"Sep 25, 17",-0.38771331058020475
0,2017-09-22,8.86,9.065,8.84,8.97,151045.0,151045.0,0.11,1.242,8.9807,"Sep 22, 17",-0.38771331058020475
0,2017-09-21,8.96,8.96,8.86,8.86,88846.0,88846.0,-0.1,-1.116,8.8982,"Sep 21, 17",-0.395221843003413
0,2017-09-20,8.8,8.97,8.8,8.96,146089.0,146089.0,0.15,1.703,8.9,"Sep 20, 17",-0.38839590443686
0,2017-09-19,8.88,8.94,8.67,8.81,270115.0,270115.0,-0.04,-0.452,8.7931,"Sep 19, 17",-0.3986348122866894
0,2017-09-18,8.87,8.9525,8.75,8.85,244827.0,244827.0,-0.01,-0.113,8.8453,"Sep 18, 17",-0.3959044368600683
0,2017-09-15,9.16,9.22,8.8069,8.86,592832.0,592832.0,-0.29,-3.169,8.898,"Sep 15, 17",-0.395221843003413
0,2017-09-14,8.93,9.31,8.92,9.15,785825.0,785825.0,0.16,1.78,9.1589,"Sep 14, 17",-0.37542662116040953
0,2017-09-13,8.79,9.09,8.78,8.99,338488.0,338488.0,0.18,2.043,8.9594,"Sep 13, 17",-0.3863481228668942
0,2017-09-12,8.56,8.87,8.56,8.81,327533.0,327533.0,0.28,3.283,8.7375,"Sep 12, 17",-0.3986348122866894
0,2017-09-11,8.62,8.79,8.53,8.53,233840.0,233840.0,-0.02,-0.234,8.5995,"Sep 11, 17",-0.4177474402730376
0,2017-09-08,8.65,8.66,8.5,8.55,237488.0,237488.0,-0.11,-1.27,8.5803,"Sep 8, 17",-0.41638225255972694
0,2017-09-07,8.5,8.67,8.44,8.66,273376.0,273376.0,0.16,1.882,8.5642,"Sep 7, 17",-0.4088737201365188
0,2017-09-06,8.6,8.89,8.47,8.5,296305.0,296305.0,-0.04,-0.468,8.5661,"Sep 6, 17",-0.41979522184300344
0,2017-09-05,8.85,8.85,8.45,8.54,211790.0,211790.0,-0.35,-3.937,8.5833,"Sep 5, 17",-0.4170648464163823
0,2017-09-01,8.88,9.0,8.83,8.89,214911.0,214911.0,0.06,0.68,8.8632,"Sep 1, 17",-0.3931740614334471
0,2017-08-31,8.69,8.865,8.64,8.83,357350.0,357350.0,0.21,2.436,8.7945,"Aug 31, 17",-0.39726962457337883
0,2017-08-30,8.85,8.935,8.55,8.62,250615.0,250615.0,-0.22,-2.489,8.6797,"Aug 30, 17",-0.41160409556314
0,2017-08-29,8.77,8.89,8.71,8.84,198347.0,198347.0,-0.01,-0.113,8.8321,"Aug 29, 17",-0.3965870307167236
0,2017-08-28,8.93,8.95,8.77,8.85,375076.0,375076.0,-0.07,-0.785,8.8473,"Aug 28, 17",-0.3959044368600683
0,2017-08-25,9.03,9.03,8.9,8.92,358329.0,358329.0,-0.07,-0.779,8.9447,"Aug 25, 17",-0.39112627986348125
0,2017-08-24,9.13,9.14,8.98,8.99,140366.0,140366.0,-0.08,-0.882,9.0351,"Aug 24, 17",-0.3863481228668942
0,2017-08-23,8.93,9.15,8.91,9.07,212785.0,212785.0,0.08,0.89,9.0447,"Aug 23, 17",-0.38088737201365186
0,2017-08-22,8.84,9.03,8.82,8.99,220302.0,220302.0,0.17,1.927,8.9297,"Aug 22, 17",-0.3863481228668942
0,2017-08-21,8.76,8.845,8.65,8.82,267124.0,267124.0,0.07,0.8,8.7599,"Aug 21, 17",-0.39795221843003414
0,2017-08-18,8.69,8.91,8.61,8.75,376807.0,376807.0,0.08,0.923,8.7733,"Aug 18, 17",-0.40273037542662116
0,2017-08-17,8.9,8.98,8.65,8.67,400751.0,400751.0,-0.33,-3.667,8.7397,"Aug 17, 17",-0.4081911262798635
0,2017-08-16,8.72,9.23,8.72,9.0,834717.0,834717.0,0.33,3.806,9.0829,"Aug 16, 17",-0.3856655290102389
0,2017-08-15,9.35,9.35,8.65,8.67,1370187.0,1370187.0,-1.39,-13.817,8.8832,"Aug 15, 17",-0.4081911262798635
0,2017-08-14,9.76,10.25,9.76,10.06,310971.0,310971.0,0.35,3.605,10.0844,"Aug 14, 17",-0.31331058020477814
0,2017-08-11,9.75,9.92,9.65,9.71,202949.0,202949.0,-0.01,-0.103,9.755,"Aug 11, 17",-0.33720136518771326
0,2017-08-10,9.7,9.8,9.65,9.72,141291.0,141291.0,-0.08,-0.816,9.7223,"Aug 10, 17",-0.336518771331058
0,2017-08-09,9.8,10.02,9.69,9.8,193142.0,193142.0,-0.16,-1.606,9.8292,"Aug 9, 17",-0.3310580204778157
0,2017-08-08,10.09,10.18,9.87,9.96,200910.0,200910.0,-0.08,-0.797,10.0032,"Aug 8, 17",-0.32013651877133104
0,2017-08-07,9.86,10.28,9.7783,10.04,516025.0,516025.0,0.28,2.869,10.0849,"Aug 7, 17",-0.3146757679180888
0,2017-08-04,9.76,10.035,9.62,9.76,350401.0,350401.0,0.05,0.515,9.8271,"Aug 4, 17",-0.3337883959044369
0,2017-08-03,9.75,9.98,9.66,9.71,317512.0,317512.0,-0.05,-0.512,9.7609,"Aug 3, 17",-0.33720136518771326
0,2017-08-02,9.72,9.95,9.51,9.76,375003.0,375003.0,0.04,0.412,9.7324,"Aug 2, 17",-0.3337883959044369
0,2017-08-01,9.72,9.77,9.55,9.72,266937.0,266937.0,0.01,0.103,9.7035,"Aug 1, 17",-0.336518771331058
0,2017-07-31,9.83,10.0,9.59,9.71,427413.0,427413.0,-0.05,-0.512,9.7886,"Jul 31, 17",-0.33720136518771326
0,2017-07-28,10.19,10.24,9.5201,9.76,491340.0,491340.0,-0.55,-5.335,9.8085,"Jul 28, 17",-0.3337883959044369
0,2017-07-27,11.93,12.05,9.7401,10.31,1237687.0,1237687.0,-1.98,-16.111,10.1335,"Jul 27, 17",-0.2962457337883959
0,2017-07-26,13.27,13.29,12.191,12.29,211100.0,211100.0,-0.98,-7.385,12.4864,"Jul 26, 17",-0.16109215017064854
0,2017-07-25,13.22,13.5,13.22,13.27,108837.0,108837.0,0.13,0.989,13.3251,"Jul 25, 17",-0.09419795221843008
0,2017-07-24,13.57,13.71,12.98,13.14,159014.0,159014.0,-0.37,-2.739,13.1846,"Jul 24, 17",-0.10307167235494878
0,2017-07-21,13.81,13.845,13.45,13.51,176118.0,176118.0,-0.16,-1.17,13.5943,"Jul 21, 17",-0.07781569965870311
0,2017-07-20,13.89,13.89,13.5362,13.67,99706.0,99706.0,-0.12,-0.87,13.7098,"Jul 20, 17",-0.06689419795221846
0,2017-07-19,13.81,13.96,13.5954,13.79,151638.0,151638.0,0.0,0.0,13.7728,"Jul 19, 17",-0.05870307167235503
0,2017-07-18,13.83,13.84,13.62,13.79,79753.0,79753.0,0.02,0.145,13.761,"Jul 18, 17",-0.05870307167235503
0,2017-07-17,13.63,13.84,13.42,13.77,137978.0,137978.0,0.05,0.364,13.6972,"Jul 17, 17",-0.06006825938566558
0,2017-07-14,13.83,13.97,13.62,13.72,76898.0,76898.0,-0.15,-1.081,13.7344,"Jul 14, 17",-0.06348122866894196
0,2017-07-13,13.82,13.87,13.56,13.87,134488.0,134488.0,0.05,0.362,13.7379,"Jul 13, 17",-0.053242320819112704
0,2017-07-12,13.8,14.16,13.65,13.82,117574.0,117574.0,0.1,0.729,13.8527,"Jul 12, 17",-0.05665529010238908
0,2017-07-11,13.46,13.77,13.25,13.72,244117.0,244117.0,0.29,2.159,13.6282,"Jul 11, 17",-0.06348122866894196
0,2017-07-10,13.92,13.96,13.42,13.43,153559.0,153559.0,-0.64,-4.549,13.6535,"Jul 10, 17",-0.08327645051194543
0,2017-07-07,13.8,14.095,13.72,14.07,215018.0,215018.0,0.26,1.883,13.9137,"Jul 7, 17",-0.03959044368600683
0,2017-07-06,14.18,14.39,13.78,13.81,167432.0,167432.0,-0.46,-3.224,14.0301,"Jul 6, 17",-0.05733788395904436
0,2017-07-05,14.6,14.765,13.905,14.27,223317.0,223317.0,-0.34,-2.327,14.1901,"Jul 5, 17",-0.025938566552901075
0,2017-07-03,14.87,15.1247,14.5,14.61,88933.0,88933.0,-0.15,-1.016,14.7155,"Jul 3, 17",-0.0027303754266212233
0,2017-06-30,15.11,15.15,14.625,14.76,136229.0,136229.0,-0.25,-1.666,14.8351,"Jun 30, 17",0.007508532423208152
0,2017-06-29,15.19,15.2751,14.66,15.01,303167.0,303167.0,-0.18,-1.185,14.9436,"Jun 29, 17",0.024573378839590404
0,2017-06-28,14.63,15.4,14.3926,15.19,615401.0,615401.0,0.64,4.399,15.1454,"Jun 28, 17",0.036860068259385606
0,2017-06-27,14.8,14.8,14.42,14.55,171995.0,171995.0,-0.15,-1.02,14.5042,"Jun 27, 17",-0.006825938566552877
0,2017-06-26,14.33,14.83,14.32,14.7,245479.0,245479.0,0.5,3.521,14.5556,"Jun 26, 17",0.0034129692832763777
0,2017-06-23,14.23,14.4499,13.981,14.2,615086.0,615086.0,0.02,0.141,14.2093,"Jun 23, 17",-0.030716723549488126
0,2017-06-22,14.25,14.33,14.09,14.18,89765.0,89765.0,-0.11,-0.77,14.2053,"Jun 22, 17",-0.032081911262798676
0,2017-06-21,14.4,14.58,14.21,14.29,190610.0,190610.0,-0.09,-0.626,14.3711,"Jun 21, 17",-0.024573378839590525
0,2017-06-20,14.75,14.79,14.21,14.38,230028.0,230028.0,-0.22,-1.507,14.451,"Jun 20, 17",-0.018430034129692803
0,2017-06-19,14.55,14.91,14.32,14.6,466775.0,466775.0,0.48,3.399,14.6055,"Jun 19, 17",-0.003412969283276499
0,2017-06-16,13.9,14.18,13.85,14.12,238088.0,238088.0,0.06,0.427,14.041,"Jun 16, 17",-0.036177474402730454
0,2017-06-15,13.94,14.19,13.84,14.06,158924.0,158924.0,0.02,0.142,14.0494,"Jun 15, 17",-0.04027303754266211
0,2017-06-14,14.24,14.31,13.621,14.04,271858.0,271858.0,-0.27,-1.887,13.8826,"Jun 14, 17",-0.04163822525597278
0,2017-06-13,14.04,14.32,13.84,14.31,198574.0,198574.0,0.36,2.581,14.1161,"Jun 13, 17",-0.023208191126279854
0,2017-06-12,13.88,14.7699,13.83,13.95,299272.0,299272.0,-0.14,-0.994,14.282,"Jun 12, 17",-0.04778156996587038
0,2017-06-09,13.81,14.1,13.73,14.09,201912.0,201912.0,0.34,2.473,13.9854,"Jun 9, 17",-0.03822525597269628
0,2017-06-08,13.9,14.0,13.67,13.75,122615.0,122615.0,-0.14,-1.008,13.8477,"Jun 8, 17",-0.061433447098976135
0,2017-06-07,13.59,13.99,13.546,13.89,182520.0,182520.0,0.25,1.833,13.8453,"Jun 7, 17",-0.05187713310580203
0,2017-06-06,13.86,13.86,13.53,13.64,140625.0,140625.0,-0.22,-1.587,13.6619,"Jun 6, 17",-0.06894197952218428
0,2017-06-05,13.6,14.09,13.57,13.86,310783.0,310783.0,-0.23,-1.632,13.8793,"Jun 5, 17",-0.05392491467576798
0,2017-06-02,13.93,14.3344,13.5,14.09,342380.0,342380.0,-0.09,-0.635,14.0582,"Jun 2, 17",-0.03822525597269628
0,2017-06-01,13.6,14.34,13.51,14.18,235112.0,235112.0,0.34,2.457,14.1123,"Jun 1, 17",-0.032081911262798676
0,2017-05-31,14.59,14.59,13.83,13.84,202945.0,202945.0,-0.73,-5.01,14.0361,"May 31, 17",-0.055290102389078534
0,2017-05-30,14.01,14.6,13.87,14.57,226125.0,226125.0,0.63,4.519,14.3094,"May 30, 17",-0.005460750853242325
0,2017-05-26,13.9,14.11,13.761,13.94,145551.0,145551.0,0.03,0.216,13.9305,"May 26, 17",-0.048464163822525656
0,2017-05-25,14.11,14.27,13.82,13.91,170279.0,170279.0,-0.17,-1.207,13.993,"May 25, 17",-0.05051194539249148
0,2017-05-24,14.22,14.55,13.9844,14.08,225448.0,225448.0,-0.13,-0.915,14.2331,"May 24, 17",-0.038907849829351554
0,2017-05-23,13.84,14.32,13.79,14.21,154029.0,154029.0,0.37,2.673,14.086,"May 23, 17",-0.03003412969283273
0,2017-05-22,13.83,14.11,13.8,13.84,185980.0,185980.0,0.01,0.072,13.9068,"May 22, 17",-0.055290102389078534
0,2017-05-19,13.86,14.05,13.6756,13.83,133503.0,133503.0,0.0,0.0,13.835,"May 19, 17",-0.055972696245733804
0,2017-05-18,14.17,14.17,13.812,13.83,141516.0,141516.0,-0.31,-2.192,13.9353,"May 18, 17",-0.055972696245733804
0,2017-05-17,14.9,14.9,14.13,14.14,178150.0,178150.0,-0.89,-5.921,14.3947,"May 17, 17",-0.03481228668941978
0,2017-05-16,15.07,15.165,14.94,15.03,175539.0,175539.0,0.02,0.133,15.0628,"May 16, 17",0.025938566552900954
0,2017-05-15,15.1,15.57,14.9169,15.01,331205.0,331205.0,0.11,0.738,15.0813,"May 15, 17",0.024573378839590404
0,2017-05-12,14.83,14.99,14.6188,14.9,324704.0,324704.0,0.09,0.608,14.878,"May 12, 17",0.017064846416382253
0,2017-05-11,14.9,14.9,14.62,14.81,242044.0,242044.0,-0.08,-0.537,14.8279,"May 11, 17",0.01092150170648465
0,2017-05-10,14.74,14.95,14.67,14.89,374984.0,374984.0,0.11,0.744,14.8628,"May 10, 17",0.016382252559726976
0,2017-05-09,14.59,14.92,14.59,14.78,275487.0,275487.0,0.23,1.581,14.8248,"May 9, 17",0.008873720136518702
0,2017-05-08,13.97,14.64,13.97,14.55,350111.0,350111.0,0.65,4.676,14.2563,"May 8, 17",-0.006825938566552877
0,2017-05-05,14.34,14.44,13.6,13.9,420776.0,420776.0,-0.74,-5.055,13.9611,"May 5, 17",-0.051194539249146756
0,2017-05-04,15.2,15.4,14.55,14.64,268883.0,268883.0,-0.37,-2.465,14.8942,"May 4, 17",-0.0006825938566552756
0,2017-05-03,14.4,15.85,12.6,15.01,501653.0,501653.0,2.7,21.933,15.2454,"May 3, 17",0.024573378839590404
0,2017-05-02,12.4,12.66,12.27,12.31,89385.0,89385.0,-0.05,-0.405,12.3692,"May 2, 17",-0.15972696245733786
0,2017-05-01,12.22,12.4,12.145,12.36,48330.0,48330.0,0.16,1.311,12.2962,"May 1, 17",-0.1563139931740615
0,2017-04-28,12.27,12.32,12.14,12.2,102828.0,102828.0,-0.09,-0.732,12.2149,"Apr 28, 17",-0.16723549488054615
0,2017-04-27,12.58,12.7,12.285,12.29,58786.0,58786.0,-0.3,-2.383,12.4436,"Apr 27, 17",-0.16109215017064854
0,2017-04-26,12.36,12.715,12.29,12.59,126787.0,126787.0,0.26,2.109,12.5845,"Apr 26, 17",-0.14061433447098978
0,2017-04-25,12.35,12.5,12.23,12.33,84430.0,84430.0,0.15,1.232,12.3412,"Apr 25, 17",-0.15836177474402732
0,2017-04-24,11.9,12.2625,11.9,12.18,75952.0,75952.0,0.41,3.483,12.1342,"Apr 24, 17",-0.1686006825938567
0,2017-04-21,11.78,11.83,11.7,11.77,84773.0,84773.0,-0.06,-0.507,11.777,"Apr 21, 17",-0.1965870307167236
0,2017-04-20,11.78,11.99,11.78,11.83,91587.0,91587.0,0.12,1.025,11.8686,"Apr 20, 17",-0.19249146757679184
0,2017-04-19,11.45,11.77,11.33,11.71,93933.0,93933.0,0.29,2.539,11.6684,"Apr 19, 17",-0.20068259385665524
0,2017-04-18,11.38,11.47,11.27,11.42,42863.0,42863.0,-0.01,-0.087,11.3957,"Apr 18, 17",-0.2204778156996587
0,2017-04-17,11.09,11.47,11.09,11.43,76851.0,76851.0,0.33,2.973,11.331,"Apr 17, 17",-0.21979522184300346
0,2017-04-13,11.21,11.39,10.99,11.1,47579.0,47579.0,-0.17,-1.508,11.1396,"Apr 13, 17",-0.24232081911262804
0,2017-04-12,11.77,11.77,11.23,11.27,75063.0,75063.0,-0.48,-4.085,11.3429,"Apr 12, 17",-0.2307167235494881
0,2017-04-11,11.21,11.8,11.2,11.75,160998.0,160998.0,0.57,5.098,11.6131,"Apr 11, 17",-0.19795221843003416
0,2017-04-10,11.56,11.83,11.17,11.18,178885.0,178885.0,-0.38,-3.287,11.4329,"Apr 10, 17",-0.23686006825938571
0,2017-04-07,11.42,11.7,11.31,11.56,146368.0,146368.0,0.1,0.873,11.582,"Apr 7, 17",-0.21092150170648463
0,2017-04-06,10.92,11.48,10.88,11.46,128050.0,128050.0,0.48,4.372,11.3191,"Apr 6, 17",-0.2177474402730375
0,2017-04-05,10.92,11.11,10.87,10.98,129184.0,129184.0,0.05,0.457,10.9938,"Apr 5, 17",-0.25051194539249144
0,2017-04-04,10.65,10.98,10.45,10.93,122071.0,122071.0,0.22,2.054,10.8106,"Apr 4, 17",-0.25392491467576794
0,2017-04-03,10.68,10.93,10.68,10.71,107659.0,107659.0,0.04,0.375,10.7837,"Apr 3, 17",-0.26894197952218424
0,2017-03-31,10.72,10.72,10.59,10.67,87310.0,87310.0,-0.02,-0.187,10.686,"Mar 31, 17",-0.2716723549488055
0,2017-03-30,10.46,10.705,10.4128,10.69,78962.0,78962.0,0.25,2.395,10.6682,"Mar 30, 17",-0.2703071672354949
0,2017-03-29,10.57,10.69,10.42,10.44,43700.0,43700.0,-0.2,-1.88,10.5307,"Mar 29, 17",-0.2873720136518772
0,2017-03-28,10.62,10.7,10.51,10.64,83624.0,83624.0,-0.05,-0.468,10.6464,"Mar 28, 17",-0.2737201365187713
0,2017-03-27,10.4,10.7,10.4,10.69,83802.0,83802.0,0.14,1.327,10.6602,"Mar 27, 17",-0.2703071672354949
0,2017-03-24,10.65,10.66,10.505,10.55,75587.0,75587.0,-0.09,-0.846,10.5689,"Mar 24, 17",-0.2798634812286689
0,2017-03-23,10.5,10.7,10.5,10.64,101180.0,101180.0,0.07,0.662,10.6717,"Mar 23, 17",-0.2737201365187713
0,2017-03-22,10.34,10.59,10.27,10.57,122403.0,122403.0,0.22,2.126,10.438,"Mar 22, 17",-0.2784982935153584
0,2017-03-21,10.54,10.63,10.34,10.35,109624.0,109624.0,-0.15,-1.429,10.4567,"Mar 21, 17",-0.2935153583617748
0,2017-03-20,10.36,10.53,10.18,10.5,78763.0,78763.0,0.13,1.254,10.4186,"Mar 20, 17",-0.2832764505119454
0,2017-03-17,9.94,10.42,9.94,10.37,125432.0,125432.0,0.37,3.7,10.1912,"Mar 17, 17",-0.2921501706484642
0,2017-03-16,9.89,10.24,9.89,10.0,94366.0,94366.0,0.03,0.301,10.0315,"Mar 16, 17",-0.3174061433447099
0,2017-03-15,9.65,10.03,9.56,9.97,88208.0,88208.0,0.38,3.962,9.8243,"Mar 15, 17",-0.3194539249146757
0,2017-03-14,9.56,9.6899,9.38,9.59,95562.0,95562.0,-0.13,-1.337,9.548,"Mar 14, 17",-0.34539249146757683
0,2017-03-13,9.65,9.89,9.62,9.72,89997.0,89997.0,0.07,0.725,9.7302,"Mar 13, 17",-0.336518771331058
0,2017-03-10,9.56,9.84,9.4686,9.65,78175.0,78175.0,0.26,2.769,9.6323,"Mar 10, 17",-0.341296928327645
0,2017-03-09,9.0,9.455,8.98,9.39,89677.0,89677.0,0.39,4.333,9.307,"Mar 9, 17",-0.35904436860068256
0,2017-03-08,8.85,9.17,8.26,9.0,181560.0,181560.0,-0.31,-3.33,8.8303,"Mar 8, 17",-0.3856655290102389
0,2017-03-07,9.36,9.47,9.29,9.31,84671.0,84671.0,-0.09,-0.957,9.3438,"Mar 7, 17",-0.3645051194539249
0,2017-03-06,9.33,9.5,9.205,9.4,76253.0,76253.0,0.0,0.0,9.3069,"Mar 6, 17",-0.3583617747440273
0,2017-03-03,9.34,9.47,9.24,9.4,85899.0,85899.0,0.12,1.293,9.3749,"Mar 3, 17",-0.3583617747440273
0,2017-03-02,9.39,9.42,9.25,9.28,53156.0,53156.0,-0.08,-0.855,9.3425,"Mar 2, 17",-0.3665529010238908
0,2017-03-01,9.43,9.49,9.32,9.36,52697.0,52697.0,0.03,0.322,9.3842,"Mar 1, 17",-0.3610921501706485
0,2017-02-28,9.56,9.56,9.13,9.33,63248.0,63248.0,-0.13,-1.374,9.2971,"Feb 28, 17",-0.3631399317406143
0,2017-02-27,9.34,9.55,9.34,9.46,67839.0,67839.0,0.06,0.638,9.477,"Feb 27, 17",-0.3542662116040955
0,2017-02-24,9.67,9.71,9.2649,9.4,165722.0,165722.0,-0.36,-3.689,9.4262,"Feb 24, 17",-0.3583617747440273
0,2017-02-23,9.82,9.87,9.7,9.76,75666.0,75666.0,-0.08,-0.813,9.7957,"Feb 23, 17",-0.3337883959044369
0,2017-02-22,9.64,9.88,9.64,9.84,30466.0,30466.0,0.02,0.204,9.7759,"Feb 22, 17",-0.32832764505119455
0,2017-02-21,10.0,10.0,9.73,9.82,62322.0,62322.0,-0.11,-1.108,9.8351,"Feb 21, 17",-0.3296928327645051
0,2017-02-17,9.93,9.95,9.79,9.93,48509.0,48509.0,0.02,0.202,9.9046,"Feb 17, 17",-0.32218430034129697
0,2017-02-16,10.03,10.03,9.75,9.91,72160.0,72160.0,-0.14,-1.393,9.8953,"Feb 16, 17",-0.32354948805460754
0,2017-02-15,9.98,10.14,9.93,10.05,40207.0,40207.0,0.04,0.4,10.0432,"Feb 15, 17",-0.3139931740614334
0,2017-02-14,10.15,10.15,9.93,10.01,56447.0,56447.0,-0.22,-2.151,10.0242,"Feb 14, 17",-0.31672354948805465
0,2017-02-13,10.39,10.41,10.19,10.23,42674.0,42674.0,-0.08,-0.776,10.2629,"Feb 13, 17",-0.30170648464163824
0,2017-02-10,10.32,10.45,10.18,10.31,31547.0,31547.0,0.04,0.389,10.2857,"Feb 10, 17",-0.2962457337883959
0,2017-02-09,10.12,10.29,10.02,10.27,44548.0,44548.0,0.17,1.683,10.2122,"Feb 9, 17",-0.2989761092150171
0,2017-02-08,10.28,10.28,10.07,10.1,52422.0,52422.0,-0.26,-2.51,10.1346,"Feb 8, 17",-0.31058020477815707
0,2017-02-07,10.37,10.47,10.32,10.36,37492.0,37492.0,0.04,0.388,10.3726,"Feb 7, 17",-0.2928327645051195
0,2017-02-06,10.48,10.59,10.271,10.32,116948.0,116948.0,-0.28,-2.642,10.392,"Feb 6, 17",-0.2955631399317406
0,2017-02-03,10.61,10.64,10.4,10.6,51703.0,51703.0,0.09,0.856,10.5381,"Feb 3, 17",-0.27645051194539255
0,2017-02-02,10.52,10.58,10.36,10.51,57490.0,57490.0,-0.02,-0.19,10.4774,"Feb 2, 17",-0.28259385665529013
0,2017-02-01,10.53,10.67,10.43,10.53,47895.0,47895.0,-0.11,-1.034,10.5337,"Feb 1, 17",-0.28122866894197956
0,2017-01-31,10.48,10.66,10.24,10.64,93576.0,93576.0,0.15,1.43,10.5447,"Jan 31, 17",-0.2737201365187713
0,2017-01-30,10.61,10.61,10.36,10.49,92001.0,92001.0,-0.22,-2.054,10.4787,"Jan 30, 17",-0.2839590443686007
0,2017-01-27,11.03,11.03,10.62,10.71,107546.0,107546.0,-0.33,-2.989,10.7442,"Jan 27, 17",-0.26894197952218424
0,2017-01-26,11.23,11.31,11.01,11.04,59182.0,59182.0,-0.07,-0.63,11.1115,"Jan 26, 17",-0.2464163822525598
0,2017-01-25,11.16,11.345,11.0001,11.11,74398.0,74398.0,-0.05,-0.448,11.1677,"Jan 25, 17",-0.24163822525597276
0,2017-01-24,11.24,11.36,11.11,11.16,75640.0,75640.0,-0.11,-0.976,11.2248,"Jan 24, 17",-0.23822525597269625
0,2017-01-23,11.51,11.52,11.25,11.27,79680.0,79680.0,-0.22,-1.915,11.304,"Jan 23, 17",-0.2307167235494881
0,2017-01-20,11.35,11.56,11.1578,11.49,189632.0,189632.0,0.09,0.789,11.4232,"Jan 20, 17",-0.21569965870307167
0,2017-01-19,11.48,11.56,11.24,11.4,195505.0,195505.0,-0.06,-0.524,11.3816,"Jan 19, 17",-0.22184300341296928
0,2017-01-18,10.22,11.58,10.22,11.46,1243802.0,1243802.0,1.21,11.805,10.653,"Jan 18, 17",-0.2177474402730375
0,2017-01-17,10.24,10.32,10.15,10.25,74208.0,74208.0,0.03,0.294,10.2373,"Jan 17, 17",-0.3003412969283277
0,2017-01-13,10.23,10.29,10.18,10.22,55754.0,55754.0,0.02,0.196,10.2236,"Jan 13, 17",-0.3023890784982935
0,2017-01-12,10.38,10.38,10.15,10.2,63985.0,63985.0,-0.19,-1.829,10.1977,"Jan 12, 17",-0.3037542662116042
0,2017-01-11,10.34,10.39,10.23,10.39,39294.0,39294.0,0.01,0.096,10.3395,"Jan 11, 17",-0.29078498293515354
0,2017-01-10,10.41,10.525,10.31,10.38,79552.0,79552.0,-0.03,-0.288,10.3886,"Jan 10, 17",-0.29146757679180885
0,2017-01-09,10.37,10.46,10.23,10.41,103330.0,103330.0,0.05,0.483,10.3863,"Jan 9, 17",-0.289419795221843
0,2017-01-06,10.26,10.42,10.14,10.36,104170.0,104170.0,0.1,0.975,10.3623,"Jan 6, 17",-0.2928327645051195
0,2017-01-05,10.43,10.43,10.18,10.26,57066.0,57066.0,-0.16,-1.536,10.2851,"Jan 5, 17",-0.29965870307167236
0,2017-01-04,10.34,10.5,10.33,10.42,231153.0,231153.0,0.14,1.362,10.46,"Jan 4, 17",-0.2887372013651877
0,2017-01-03,10.15,10.34,10.07,10.28,141930.0,141930.0,0.15,1.481,10.1848,"Jan 3, 17",-0.29829351535836185
0,2016-12-30,10.36,10.36,10.08,10.13,54752.0,54752.0,-0.25,-2.408,10.1729,"Dec 30, 16",-0.3085324232081911
0,2016-12-29,10.41,10.5,10.28,10.38,62221.0,62221.0,-0.01,-0.096,10.363,"Dec 29, 16",-0.29146757679180885
0,2016-12-28,10.5,10.5,10.34,10.39,72976.0,72976.0,-0.11,-1.048,10.4312,"Dec 28, 16",-0.29078498293515354
0,2016-12-27,10.2,10.5,10.19,10.5,225206.0,225206.0,0.3,2.941,10.4826,"Dec 27, 16",-0.2832764505119454
0,2016-12-23,10.32,10.35,10.16,10.2,68864.0,68864.0,-0.1,-0.971,10.2305,"Dec 23, 16",-0.3037542662116042
0,2016-12-22,10.37,10.38,10.21,10.3,123333.0,123333.0,-0.06,-0.579,10.3382,"Dec 22, 16",-0.29692832764505117
0,2016-12-21,10.48,10.48,10.35,10.36,217149.0,217149.0,-0.09,-0.861,10.4048,"Dec 21, 16",-0.2928327645051195
0,2016-12-20,10.5,10.5,10.43,10.45,1202449.0,1202449.0,-0.03,-0.286,10.4818,"Dec 20, 16",-0.2866894197952219
0,2016-12-19,10.43,10.55,10.38,10.48,103853.0,103853.0,0.13,1.256,10.4764,"Dec 19, 16",-0.28464163822525596
0,2016-12-16,10.43,10.5,10.35,10.35,198284.0,198284.0,-0.02,-0.193,10.4162,"Dec 16, 16",-0.2935153583617748
0,2016-12-15,10.31,10.5,10.13,10.37,83871.0,83871.0,0.1,0.974,10.4023,"Dec 15, 16",-0.2921501706484642
0,2016-12-14,10.34,10.39,10.25,10.27,56413.0,56413.0,-0.07,-0.677,10.305,"Dec 14, 16",-0.2989761092150171
0,2016-12-13,10.5,10.51,10.29,10.34,235505.0,235505.0,-0.16,-1.524,10.4813,"Dec 13, 16",-0.29419795221843004
0,2016-12-12,10.48,10.53,10.39,10.5,103872.0,103872.0,0.03,0.287,10.4849,"Dec 12, 16",-0.2832764505119454
0,2016-12-09,10.53,10.6,10.43,10.47,151428.0,151428.0,-0.01,-0.095,10.5073,"Dec 9, 16",-0.2853242320819112
0,2016-12-08,10.4,10.52,10.4,10.48,328484.0,328484.0,-0.02,-0.19,10.4997,"Dec 8, 16",-0.28464163822525596
0,2016-12-07,10.52,10.58,10.47,10.5,272499.0,272499.0,-0.06,-0.568,10.5117,"Dec 7, 16",-0.2832764505119454
0,2016-12-06,10.44,10.855,10.4,10.56,147485.0,147485.0,0.11,1.053,10.601,"Dec 6, 16",-0.27918088737201363
0,2016-12-05,10.35,10.51,10.35,10.45,315792.0,315792.0,0.15,1.456,10.4841,"Dec 5, 16",-0.2866894197952219
0,2016-12-02,10.3,10.39,10.26,10.3,62703.0,62703.0,-0.06,-0.579,10.311,"Dec 2, 16",-0.29692832764505117
0,2016-12-01,10.14,10.37,10.14,10.36,90782.0,90782.0,0.2,1.969,10.2856,"Dec 1, 16",-0.2928327645051195
0,2016-11-30,10.45,10.45,10.14,10.16,119538.0,119538.0,-0.19,-1.836,10.2493,"Nov 30, 16",-0.30648464163822525
0,2016-11-29,10.56,10.65,10.32,10.35,246826.0,246826.0,-0.15,-1.429,10.5039,"Nov 29, 16",-0.2935153583617748
0,2016-11-28,10.79,10.79,10.4,10.5,416903.0,416903.0,-0.29,-2.688,10.5996,"Nov 28, 16",-0.2832764505119454
0,2016-11-25,10.55,10.8,10.55,10.79,47512.0,47512.0,0.17,1.601,10.7098,"Nov 25, 16",-0.2634812286689421
0,2016-11-23,10.27,10.63,10.11,10.62,154642.0,154642.0,0.36,3.509,10.5227,"Nov 23, 16",-0.275085324232082
0,2016-11-22,9.84,10.29,9.53,10.26,190422.0,190422.0,0.37,3.741,9.9842,"Nov 22, 16",-0.29965870307167236
0,2016-11-21,9.87,9.9,9.765,9.89,114935.0,114935.0,0.09,0.918,9.8357,"Nov 21, 16",-0.32491467576791805
0,2016-11-18,9.48,9.95,9.45,9.8,121587.0,121587.0,0.28,2.941,9.7898,"Nov 18, 16",-0.3310580204778157
0,2016-11-17,9.43,9.71,9.3,9.52,138678.0,138678.0,0.04,0.422,9.5094,"Nov 17, 16",-0.35017064846416385
0,2016-11-16,9.25,9.5,9.25,9.48,88218.0,88218.0,0.14,1.499,9.4234,"Nov 16, 16",-0.352901023890785
0,2016-11-15,9.27,9.5,9.25,9.34,115920.0,115920.0,0.19,2.077,9.4021,"Nov 15, 16",-0.36245733788395906
0,2016-11-14,9.07,9.2,8.97,9.15,122949.0,122949.0,0.13,1.441,9.1259,"Nov 14, 16",-0.37542662116040953
0,2016-11-11,8.83,9.02,8.69,9.02,141763.0,141763.0,0.2,2.268,8.8757,"Nov 11, 16",-0.38430034129692836
0,2016-11-10,8.46,9.08,8.4001,8.82,526564.0,526564.0,0.36,4.255,8.8749,"Nov 10, 16",-0.39795221843003414
0,2016-11-09,7.52,8.49,7.5,8.46,264771.0,264771.0,1.22,16.851,8.0026,"Nov 9, 16",-0.4225255972696245
0,2016-11-08,7.0,7.33,6.91,7.24,107676.0,107676.0,0.22,3.134,7.1623,"Nov 8, 16",-0.50580204778157
0,2016-11-07,6.48,7.13,6.45,7.02,175668.0,175668.0,0.67,10.551,6.9866,"Nov 7, 16",-0.5208191126279864
0,2016-11-04,6.45,6.56,6.34,6.35,35180.0,35180.0,-0.1,-1.55,6.4161,"Nov 4, 16",-0.5665529010238908
0,2016-11-03,6.63,6.68,6.39,6.45,33842.0,33842.0,-0.15,-2.273,6.4772,"Nov 3, 16",-0.5597269624573378
0,2016-11-02,6.75,6.78,6.58,6.6,40894.0,40894.0,-0.18,-2.655,6.6494,"Nov 2, 16",-0.5494880546075086
0,2016-11-01,6.79,6.86,6.76,6.78,40201.0,40201.0,0.02,0.296,6.7709,"Nov 1, 16",-0.5372013651877133
0,2016-10-31,6.77,6.82,6.76,6.76,45340.0,45340.0,0.0,0.0,6.7657,"Oct 31, 16",-0.538566552901024
0,2016-10-28,6.82,6.8997,6.76,6.76,41348.0,41348.0,-0.03,-0.442,6.7637,"Oct 28, 16",-0.538566552901024
0,2016-10-27,6.93,6.95,6.76,6.79,35710.0,35710.0,-0.14,-2.02,6.8441,"Oct 27, 16",-0.5365187713310581
0,2016-10-26,6.76,7.0,6.76,6.93,32568.0,32568.0,0.08,1.168,6.9476,"Oct 26, 16",-0.5269624573378839
0,2016-10-25,6.81,6.865,6.8,6.85,32444.0,32444.0,0.04,0.587,6.8236,"Oct 25, 16",-0.5324232081911263
0,2016-10-24,6.82,6.945,6.8,6.81,40290.0,40290.0,-0.04,-0.584,6.861,"Oct 24, 16",-0.5351535836177475
0,2016-10-21,6.95,7.0,6.84,6.85,34034.0,34034.0,-0.19,-2.699,6.9041,"Oct 21, 16",-0.5324232081911263
0,2016-10-20,6.71,7.0825,6.71,7.04,71066.0,71066.0,0.25,3.682,6.9452,"Oct 20, 16",-0.5194539249146758
0,2016-10-19,6.77,6.9,6.68,6.79,27910.0,27910.0,0.03,0.444,6.7995,"Oct 19, 16",-0.5365187713310581
0,2016-10-18,6.67,6.89,6.655,6.76,44276.0,44276.0,0.16,2.424,6.7861,"Oct 18, 16",-0.538566552901024
0,2016-10-17,6.63,6.67,6.56,6.6,38479.0,38479.0,-0.05,-0.752,6.6082,"Oct 17, 16",-0.5494880546075086
0,2016-10-14,6.68,6.765,6.54,6.65,31986.0,31986.0,-0.02,-0.3,6.643,"Oct 14, 16",-0.5460750853242321
0,2016-10-13,6.72,6.79,6.63,6.67,67043.0,67043.0,-0.07,-1.039,6.6927,"Oct 13, 16",-0.5447098976109215
0,2016-10-12,6.74,6.85,6.72,6.74,25158.0,25158.0,-0.01,-0.148,6.7619,"Oct 12, 16",-0.5399317406143345
0,2016-10-11,6.78,6.81,6.73,6.75,21550.0,21550.0,-0.03,-0.442,6.7604,"Oct 11, 16",-0.5392491467576792
0,2016-10-10,6.75,6.84,6.75,6.78,26532.0,26532.0,0.02,0.296,6.7936,"Oct 10, 16",-0.5372013651877133
0,2016-10-07,6.86,6.86,6.7399,6.76,27704.0,27704.0,-0.05,-0.734,6.7702,"Oct 7, 16",-0.538566552901024
0,2016-10-06,6.87,6.92,6.78,6.81,24271.0,24271.0,-0.12,-1.732,6.8492,"Oct 6, 16",-0.5351535836177475
0,2016-10-05,6.72,6.93,6.72,6.93,43697.0,43697.0,0.2,2.972,6.8935,"Oct 5, 16",-0.5269624573378839
0,2016-10-04,6.75,6.89,6.69,6.73,20913.0,20913.0,-0.04,-0.591,6.7575,"Oct 4, 16",-0.5406143344709897
0,2016-10-03,6.74,6.86,6.74,6.77,35615.0,35615.0,-0.1,-1.456,6.7831,"Oct 3, 16",-0.5378839590443686
0,2016-09-30,6.7,6.9,6.7,6.87,75509.0,75509.0,0.18,2.691,6.8563,"Sep 30, 16",-0.5310580204778157
0,2016-09-29,6.82,6.87,6.69,6.69,33823.0,33823.0,-0.16,-2.336,6.7468,"Sep 29, 16",-0.5433447098976109
0,2016-09-28,6.73,6.88,6.73,6.85,53484.0,53484.0,0.09,1.331,6.815,"Sep 28, 16",-0.5324232081911263
0,2016-09-27,6.5,6.77,6.5,6.76,83047.0,83047.0,0.23,3.522,6.6529,"Sep 27, 16",-0.538566552901024
0,2016-09-26,6.9,6.9,6.505,6.53,113626.0,113626.0,-0.29,-4.252,6.6427,"Sep 26, 16",-0.5542662116040956
0,2016-09-23,6.99,6.99,6.79,6.82,25528.0,25528.0,-0.18,-2.571,6.8462,"Sep 23, 16",-0.5344709897610922
0,2016-09-22,6.81,7.04,6.81,7.0,61672.0,61672.0,0.18,2.639,6.9574,"Sep 22, 16",-0.5221843003412969
0,2016-09-21,6.9,6.93,6.77,6.82,39500.0,39500.0,-0.06,-0.872,6.8301,"Sep 21, 16",-0.5344709897610922
0,2016-09-20,7.04,7.0475,6.87,6.88,81197.0,81197.0,-0.15,-2.134,6.9423,"Sep 20, 16",-0.5303754266211604
0,2016-09-19,6.97,7.0599,6.811,7.03,156445.0,156445.0,0.06,0.861,6.9913,"Sep 19, 16",-0.520136518771331
0,2016-09-16,7.07,7.07,6.8,6.97,119983.0,119983.0,-0.1,-1.414,6.9801,"Sep 16, 16",-0.5242320819112628
0,2016-09-15,7.01,7.1,7.0,7.07,48446.0,48446.0,0.03,0.426,7.0589,"Sep 15, 16",-0.5174061433447099
0,2016-09-14,7.09,7.2,6.92,7.04,66755.0,66755.0,-0.09,-1.262,7.03,"Sep 14, 16",-0.5194539249146758
0,2016-09-13,6.98,7.15,6.91,7.13,153563.0,153563.0,0.06,0.849,7.0451,"Sep 13, 16",-0.5133105802047782
0,2016-09-12,7.12,7.33,5.3825,7.07,1783841.0,1783841.0,-0.07,-0.98,6.7234,"Sep 12, 16",-0.5174061433447099
0,2016-09-09,7.18,7.26,7.13,7.14,69361.0,69361.0,-0.18,-2.459,7.1705,"Sep 9, 16",-0.5126279863481229
0,2016-09-08,7.32,7.37,7.29,7.32,58114.0,58114.0,-0.04,-0.543,7.3255,"Sep 8, 16",-0.5003412969283276
0,2016-09-07,7.37,7.41,7.31,7.36,41778.0,41778.0,0.0,0.0,7.3651,"Sep 7, 16",-0.4976109215017065
0,2016-09-06,7.29,7.4,7.29,7.36,44893.0,44893.0,0.07,0.96,7.3547,"Sep 6, 16",-0.4976109215017065
0,2016-09-02,7.36,7.4,7.23,7.29,33799.0,33799.0,-0.05,-0.681,7.2749,"Sep 2, 16",-0.5023890784982935
0,2016-09-01,7.23,7.35,7.15,7.34,69452.0,69452.0,0.09,1.241,7.2695,"Sep 1, 16",-0.49897610921501706
0,2016-08-31,7.3,7.4,7.06,7.25,110698.0,110698.0,-0.17,-2.291,7.1761,"Aug 31, 16",-0.5051194539249146
0,2016-08-30,7.44,7.44,7.33,7.42,28424.0,28424.0,0.07,0.952,7.3865,"Aug 30, 16",-0.49351535836177474
0,2016-08-29,7.4,7.4,7.23,7.35,41410.0,41410.0,-0.07,-0.943,7.3177,"Aug 29, 16",-0.4982935153583618
0,2016-08-26,7.55,7.66,7.36,7.42,58102.0,58102.0,-0.23,-3.007,7.501,"Aug 26, 16",-0.49351535836177474
0,2016-08-25,7.71,7.81,7.6,7.65,91879.0,91879.0,-0.07,-0.907,7.6992,"Aug 25, 16",-0.4778156996587031
0,2016-08-24,7.82,7.82,7.63,7.72,56647.0,56647.0,-0.09,-1.152,7.6842,"Aug 24, 16",-0.47303754266211606
0,2016-08-23,7.95,8.05,7.74,7.81,44096.0,44096.0,-0.15,-1.884,7.8462,"Aug 23, 16",-0.4668941979522185
0,2016-08-22,8.1,8.14,7.89,7.96,54923.0,54923.0,-0.15,-1.85,7.953,"Aug 22, 16",-0.4566552901023891
0,2016-08-19,7.77,8.33,7.77,8.11,120249.0,120249.0,0.3,3.841,8.0979,"Aug 19, 16",-0.4464163822525598
0,2016-08-18,7.65,7.82,7.65,7.81,40608.0,40608.0,0.08,1.035,7.7719,"Aug 18, 16",-0.4668941979522185
0,2016-08-17,7.52,7.75,7.46,7.73,63321.0,63321.0,0.19,2.52,7.6425,"Aug 17, 16",-0.47235494880546075
0,2016-08-16,7.82,7.82,7.54,7.54,76459.0,76459.0,-0.3,-3.827,7.6924,"Aug 16, 16",-0.4853242320819113
0,2016-08-15,7.53,7.85,7.51,7.84,76742.0,76742.0,0.31,4.117,7.7029,"Aug 15, 16",-0.4648464163822526
0,2016-08-12,7.58,7.64,7.41,7.53,30446.0,30446.0,-0.08,-1.051,7.5077,"Aug 12, 16",-0.48600682593856653
0,2016-08-11,7.51,7.66,7.485,7.61,39063.0,39063.0,0.1,1.332,7.6022,"Aug 11, 16",-0.4805460750853242
0,2016-08-10,7.6,7.63,7.51,7.51,45631.0,45631.0,-0.11,-1.444,7.5494,"Aug 10, 16",-0.48737201365187716
0,2016-08-09,7.6,7.63,7.49,7.62,30672.0,30672.0,-0.01,-0.131,7.5884,"Aug 9, 16",-0.47986348122866895
0,2016-08-08,7.6,7.72,7.535,7.63,32366.0,32366.0,0.05,0.66,7.6281,"Aug 8, 16",-0.4791808873720137
0,2016-08-05,7.39,7.64,7.39,7.58,33491.0,33491.0,0.16,2.156,7.5699,"Aug 5, 16",-0.4825938566552901
0,2016-08-04,7.5,7.5,7.26,7.42,70281.0,70281.0,-0.07,-0.935,7.4144,"Aug 4, 16",-0.49351535836177474
0,2016-08-03,7.8,7.84,6.65,7.49,301358.0,301358.0,-0.31,-3.974,7.278,"Aug 3, 16",-0.4887372013651877
0,2016-08-02,7.73,7.86,7.46,7.8,146933.0,146933.0,0.06,0.775,7.727,"Aug 2, 16",-0.46757679180887374
0,2016-08-01,7.1,7.755,7.07,7.74,99854.0,99854.0,0.61,8.555,7.5037,"Aug 1, 16",-0.47167235494880544
0,2016-07-29,7.05,7.19,6.98,7.13,97521.0,97521.0,0.06,0.849,7.0826,"Jul 29, 16",-0.5133105802047782
0,2016-07-28,7.05,7.09,6.94,7.07,76955.0,76955.0,0.04,0.569,7.0155,"Jul 28, 16",-0.5174061433447099
0,2016-07-27,7.27,7.34,6.98,7.03,55419.0,55419.0,-0.25,-3.434,7.0736,"Jul 27, 16",-0.520136518771331
0,2016-07-26,6.93,7.35,6.93,7.28,49258.0,49258.0,0.35,5.051,7.1606,"Jul 26, 16",-0.5030716723549488
0,2016-07-25,7.24,7.3,6.89,6.93,39469.0,39469.0,-0.32,-4.414,7.0696,"Jul 25, 16",-0.5269624573378839
0,2016-07-22,7.37,7.4,7.17,7.25,27926.0,27926.0,-0.17,-2.291,7.2591,"Jul 22, 16",-0.5051194539249146
0,2016-07-21,7.34,7.46,7.32,7.42,32499.0,32499.0,0.04,0.542,7.3948,"Jul 21, 16",-0.49351535836177474
0,2016-07-20,7.2,7.3927,7.11,7.38,45643.0,45643.0,0.18,2.5,7.3092,"Jul 20, 16",-0.4962457337883959
0,2016-07-19,7.28,7.29,7.17,7.2,19910.0,19910.0,-0.07,-0.963,7.2134,"Jul 19, 16",-0.5085324232081911
0,2016-07-18,7.32,7.4,7.27,7.27,26083.0,26083.0,-0.1,-1.357,7.3066,"Jul 18, 16",-0.5037542662116041
0,2016-07-15,7.42,7.42,7.3,7.37,31504.0,31504.0,0.0,0.0,7.3774,"Jul 15, 16",-0.4969283276450512
0,2016-07-14,7.47,7.59,7.34,7.37,46560.0,46560.0,-0.06,-0.808,7.4393,"Jul 14, 16",-0.4969283276450512
0,2016-07-13,7.44,7.53,7.39,7.43,44630.0,44630.0,0.01,0.135,7.4421,"Jul 13, 16",-0.4928327645051195
0,2016-07-12,7.51,7.61,7.27,7.42,75111.0,75111.0,-0.14,-1.852,7.4619,"Jul 12, 16",-0.49351535836177474
0,2016-07-11,7.52,7.65,7.47,7.56,95263.0,95263.0,0.05,0.666,7.5597,"Jul 11, 16",-0.4839590443686007
0,2016-07-08,7.3,7.55,7.28,7.51,70020.0,70020.0,0.27,3.729,7.437,"Jul 8, 16",-0.48737201365187716
0,2016-07-07,7.19,7.37,7.18,7.24,56188.0,56188.0,0.08,1.117,7.2534,"Jul 7, 16",-0.50580204778157
0,2016-07-06,7.2,7.3,7.11,7.16,68222.0,68222.0,-0.09,-1.241,7.1977,"Jul 6, 16",-0.5112627986348123
0,2016-07-05,7.27,7.33,7.19,7.25,61168.0,61168.0,-0.07,-0.956,7.2588,"Jul 5, 16",-0.5051194539249146
0,2016-07-01,7.21,7.35,7.19,7.32,61005.0,61005.0,0.08,1.105,7.283,"Jul 1, 16",-0.5003412969283276
0,2016-06-30,7.16,7.3,7.04,7.24,87471.0,87471.0,0.1,1.401,7.2043,"Jun 30, 16",-0.50580204778157
0,2016-06-29,7.04,7.2,6.95,7.14,50540.0,50540.0,0.21,3.03,7.1007,"Jun 29, 16",-0.5126279863481229
0,2016-06-28,6.94,7.11,6.84,6.93,70895.0,70895.0,0.01,0.145,6.9308,"Jun 28, 16",-0.5269624573378839
0,2016-06-27,7.16,7.17,6.885,6.92,110563.0,110563.0,-0.3,-4.155,6.9764,"Jun 27, 16",-0.5276450511945393
0,2016-06-24,7.24,7.34,7.12,7.22,254771.0,254771.0,-0.27,-3.605,7.2183,"Jun 24, 16",-0.5071672354948806
0,2016-06-23,7.54,7.65,7.47,7.49,45759.0,45759.0,0.07,0.943,7.5359,"Jun 23, 16",-0.4887372013651877
0,2016-06-22,7.61,7.66,7.39,7.42,35930.0,35930.0,-0.13,-1.722,7.483,"Jun 22, 16",-0.49351535836177474
0,2016-06-21,7.74,7.775,7.51,7.55,47326.0,47326.0,-0.19,-2.455,7.57,"Jun 21, 16",-0.484641638225256
0,2016-06-20,7.85,7.96,7.73,7.74,97488.0,97488.0,-0.01,-0.129,7.8124,"Jun 20, 16",-0.47167235494880544
0,2016-06-17,7.69,7.83,7.65,7.75,120497.0,120497.0,0.07,0.911,7.7204,"Jun 17, 16",-0.4709897610921502
0,2016-06-16,7.76,7.76,7.55,7.68,39851.0,39851.0,-0.1,-1.285,7.6696,"Jun 16, 16",-0.47576791808873725
0,2016-06-15,7.79,7.95,7.7301,7.78,45571.0,45571.0,0.04,0.517,7.8403,"Jun 15, 16",-0.4689419795221843
0,2016-06-14,7.74,7.86,7.67,7.74,39573.0,39573.0,-0.03,-0.386,7.7347,"Jun 14, 16",-0.47167235494880544
0,2016-06-13,7.76,7.91,7.75,7.77,65449.0,65449.0,-0.06,-0.766,7.7816,"Jun 13, 16",-0.4696245733788396
0,2016-06-10,7.74,7.88,7.73,7.83,48424.0,48424.0,-0.03,-0.382,7.8284,"Jun 10, 16",-0.46552901023890786
0,2016-06-09,7.88,7.93,7.79,7.86,71650.0,71650.0,-0.09,-1.132,7.8606,"Jun 9, 16",-0.463481228668942
0,2016-06-08,7.9,7.98,7.79,7.95,84355.0,84355.0,0.1,1.274,7.8951,"Jun 8, 16",-0.45733788395904434
0,2016-06-07,7.98,8.06,7.8,7.85,60675.0,60675.0,-0.17,-2.12,7.8717,"Jun 7, 16",-0.4641638225255973
0,2016-06-06,7.81,8.15,7.81,8.02,46008.0,46008.0,0.2,2.558,8.0644,"Jun 6, 16",-0.4525597269624574
0,2016-06-03,7.83,7.88,7.69,7.82,87455.0,87455.0,-0.02,-0.255,7.7886,"Jun 3, 16",-0.4662116040955631
0,2016-06-02,7.7,7.89,7.5,7.84,94849.0,94849.0,0.06,0.771,7.8036,"Jun 2, 16",-0.4648464163822526
0,2016-06-01,7.72,7.86,7.57,7.78,110445.0,110445.0,0.01,0.129,7.7497,"Jun 1, 16",-0.4689419795221843
0,2016-05-31,7.81,7.83,7.72,7.77,65740.0,65740.0,0.01,0.129,7.7625,"May 31, 16",-0.4696245733788396
0,2016-05-27,7.83,7.88,7.72,7.76,52092.0,52092.0,-0.09,-1.146,7.7818,"May 27, 16",-0.4703071672354949
0,2016-05-26,7.75,7.92,7.7,7.85,62089.0,62089.0,0.14,1.816,7.8332,"May 26, 16",-0.4641638225255973
0,2016-05-25,8.21,8.2992,7.63,7.71,122131.0,122131.0,-0.58,-6.996,7.8548,"May 25, 16",-0.4737201365187714
0,2016-05-24,8.35,8.44,8.21,8.29,80838.0,80838.0,0.03,0.363,8.3342,"May 24, 16",-0.4341296928327646
0,2016-05-23,8.15,8.41,8.07,8.26,52813.0,52813.0,0.03,0.365,8.2724,"May 23, 16",-0.4361774744027304
0,2016-05-20,8.16,8.42,8.16,8.23,41441.0,41441.0,0.08,0.982,8.2561,"May 20, 16",-0.43822525597269624
0,2016-05-19,8.2,8.28,8.05,8.15,92775.0,92775.0,-0.1,-1.212,8.1557,"May 19, 16",-0.44368600682593856
0,2016-05-18,8.13,8.37,8.1105,8.25,64723.0,64723.0,0.08,0.979,8.2392,"May 18, 16",-0.43686006825938567
0,2016-05-17,8.38,8.45,8.1,8.17,162612.0,162612.0,-0.21,-2.506,8.2394,"May 17, 16",-0.442320819112628
0,2016-05-16,8.35,8.5,8.31,8.38,90978.0,90978.0,0.03,0.359,8.3986,"May 16, 16",-0.42798634812286684
0,2016-05-13,8.44,8.5189,8.305,8.35,98112.0,98112.0,-0.17,-1.995,8.404,"May 13, 16",-0.4300341296928328
0,2016-05-12,8.47,8.59,8.26,8.52,119679.0,119679.0,0.05,0.59,8.4526,"May 12, 16",-0.4184300341296929
0,2016-05-11,8.6,8.68,8.42,8.47,82966.0,82966.0,-0.2,-2.307,8.5204,"May 11, 16",-0.42184300341296926
0,2016-05-10,8.57,8.86,8.52,8.67,113938.0,113938.0,0.04,0.463,8.6843,"May 10, 16",-0.4081911262798635
0,2016-05-09,8.7,8.8,8.48,8.63,119453.0,119453.0,-0.1,-1.145,8.6504,"May 9, 16",-0.4109215017064846
0,2016-05-06,8.56,8.87,8.48,8.73,256793.0,256793.0,0.17,1.986,8.688,"May 6, 16",-0.4040955631399317
0,2016-05-05,9.08,9.08,8.19,8.56,290812.0,290812.0,-0.48,-5.31,8.5707,"May 5, 16",-0.41569965870307163
0,2016-05-04,9.8,10.0499,8.92,9.04,228141.0,228141.0,-0.38,-4.034,9.2884,"May 4, 16",-0.3829351535836178
0,2016-05-03,9.43,9.51,9.2945,9.42,137353.0,137353.0,-0.07,-0.738,9.414,"May 3, 16",-0.35699658703071674
0,2016-05-02,9.69,9.78,9.45,9.49,115383.0,115383.0,-0.05,-0.524,9.5172,"May 2, 16",-0.35221843003412967
0,2016-04-29,9.73,9.74,9.44,9.54,61205.0,61205.0,-0.26,-2.653,9.5689,"Apr 29, 16",-0.34880546075085334
0,2016-04-28,9.78,10.0,9.73,9.8,61562.0,61562.0,-0.07,-0.709,9.8686,"Apr 28, 16",-0.3310580204778157
0,2016-04-27,9.695,9.92,9.61,9.87,62771.0,62771.0,0.17,1.753,9.8363,"Apr 27, 16",-0.3262798634812287
0,2016-04-26,9.52,9.76,9.39,9.7,56421.0,56421.0,0.3,3.191,9.6611,"Apr 26, 16",-0.3378839590443687
0,2016-04-25,9.56,9.65,9.29,9.4,54818.0,54818.0,-0.18,-1.879,9.4255,"Apr 25, 16",-0.3583617747440273
0,2016-04-22,9.42,9.6799,9.33,9.58,94966.0,94966.0,0.19,2.023,9.5713,"Apr 22, 16",-0.3460750853242321
0,2016-04-21,9.6,9.64,9.27,9.39,103779.0,103779.0,-0.31,-3.196,9.3919,"Apr 21, 16",-0.35904436860068256
0,2016-04-20,9.65,9.83,9.63,9.7,77325.0,77325.0,0.0,0.0,9.703,"Apr 20, 16",-0.3378839590443687
0,2016-04-19,9.63,9.8,9.6107,9.7,115567.0,115567.0,0.14,1.464,9.7117,"Apr 19, 16",-0.3378839590443687
0,2016-04-18,9.84,9.86,9.51,9.56,72912.0,72912.0,-0.43,-4.304,9.6494,"Apr 18, 16",-0.34744027303754266
0,2016-04-15,9.62,10.24,9.62,9.99,117560.0,117560.0,0.32,3.309,10.0418,"Apr 15, 16",-0.3180887372013652
0,2016-04-14,9.91,9.91,9.59,9.67,86024.0,86024.0,-0.23,-2.323,9.7052,"Apr 14, 16",-0.3399317406143345
0,2016-04-13,9.47,9.94,9.47,9.9,100942.0,100942.0,0.34,3.556,9.7658,"Apr 13, 16",-0.3242320819112628
0,2016-04-12,9.43,9.7,9.31,9.56,83249.0,83249.0,0.16,1.702,9.5752,"Apr 12, 16",-0.34744027303754266
0,2016-04-11,9.42,9.66,9.32,9.4,177344.0,177344.0,-0.13,-1.364,9.4496,"Apr 11, 16",-0.3583617747440273
0,2016-04-08,9.64,9.75,9.4,9.53,132188.0,132188.0,0.01,0.105,9.5384,"Apr 8, 16",-0.3494880546075086
0,2016-04-07,9.7,9.76,9.405,9.52,157397.0,157397.0,-0.31,-3.154,9.5394,"Apr 7, 16",-0.35017064846416385
0,2016-04-06,9.83,9.9,9.67,9.83,78293.0,78293.0,0.03,0.306,9.8061,"Apr 6, 16",-0.32901023890784986
0,2016-04-05,10.12,10.12,9.66,9.8,156115.0,156115.0,-0.36,-3.543,9.8257,"Apr 5, 16",-0.3310580204778157
0,2016-04-04,10.36,10.49,10.15,10.16,143817.0,143817.0,-0.2,-1.931,10.3054,"Apr 4, 16",-0.30648464163822525
0,2016-04-01,10.04,10.46,9.95,10.36,130224.0,130224.0,0.28,2.778,10.2791,"Apr 1, 16",-0.2928327645051195
0,2016-03-31,10.16,10.21,9.94,10.08,223340.0,223340.0,-0.08,-0.787,10.0349,"Mar 31, 16",-0.3119453924914676
0,2016-03-30,10.62,10.7099,10.0,10.16,128190.0,128190.0,-0.43,-4.06,10.2143,"Mar 30, 16",-0.30648464163822525
0,2016-03-29,10.16,10.6511,10.04,10.59,140200.0,140200.0,0.37,3.62,10.441,"Mar 29, 16",-0.2771331058020478
0,2016-03-28,10.3,10.31,10.0001,10.22,85458.0,85458.0,-0.02,-0.195,10.1875,"Mar 28, 16",-0.3023890784982935
0,2016-03-24,10.03,10.33,9.79,10.24,110297.0,110297.0,0.18,1.789,10.1844,"Mar 24, 16",-0.30102389078498293
0,2016-03-23,10.33,10.33,9.92,10.06,163175.0,163175.0,-0.27,-2.614,10.0706,"Mar 23, 16",-0.31331058020477814
0,2016-03-22,10.5,10.5,10.01,10.33,227673.0,227673.0,-0.11,-1.054,10.287,"Mar 22, 16",-0.29488054607508535
0,2016-03-21,10.64,10.65,10.32,10.44,266952.0,266952.0,-0.17,-1.602,10.483,"Mar 21, 16",-0.2873720136518772
0,2016-03-18,10.75,10.75,10.43,10.61,150340.0,150340.0,-0.02,-0.188,10.6152,"Mar 18, 16",-0.27576791808873724
0,2016-03-17,10.41,10.84,10.301,10.63,95392.0,95392.0,0.31,3.004,10.579,"Mar 17, 16",-0.27440273037542656
0,2016-03-16,10.15,10.41,10.08,10.32,128446.0,128446.0,0.18,1.775,10.2665,"Mar 16, 16",-0.2955631399317406
0,2016-03-15,10.32,10.93,10.1,10.14,202474.0,202474.0,-0.15,-1.458,10.4286,"Mar 15, 16",-0.3078498293515358
0,2016-03-14,10.0,10.45,9.85,10.29,225466.0,225466.0,0.3,3.003,10.2221,"Mar 14, 16",-0.29761092150170654
0,2016-03-11,9.56,10.17,9.56,9.99,221426.0,221426.0,0.43,4.498,9.9369,"Mar 11, 16",-0.3180887372013652
0,2016-03-10,9.19,9.66,8.9601,9.56,299521.0,299521.0,0.46,5.055,9.4285,"Mar 10, 16",-0.34744027303754266
0,2016-03-09,7.23,9.48,7.23,9.1,861225.0,861225.0,2.33,34.417,8.9455,"Mar 9, 16",-0.37883959044368604
0,2016-03-08,6.9,6.99,6.49,6.77,333718.0,333718.0,-0.12,-1.742,6.7372,"Mar 8, 16",-0.5378839590443686
0,2016-03-07,6.64,6.9,6.57,6.89,159760.0,159760.0,0.12,1.773,6.7728,"Mar 7, 16",-0.5296928327645052
0,2016-03-04,6.61,6.91,6.55,6.77,130113.0,130113.0,0.17,2.576,6.783,"Mar 4, 16",-0.5378839590443686
0,2016-03-03,6.45,6.64,6.45,6.6,74652.0,74652.0,0.15,2.326,6.5641,"Mar 3, 16",-0.5494880546075086
0,2016-03-02,6.31,6.55,6.31,6.45,64412.0,64412.0,0.05,0.781,6.47,"Mar 2, 16",-0.5597269624573378
0,2016-03-01,6.36,6.6,6.36,6.4,102820.0,102820.0,0.07,1.106,6.4577,"Mar 1, 16",-0.5631399317406143
0,2016-02-29,6.35,6.46,6.32,6.33,87112.0,87112.0,0.03,0.476,6.3763,"Feb 29, 16",-0.5679180887372014
0,2016-02-26,6.35,6.38,6.26,6.3,36727.0,36727.0,-0.03,-0.474,6.3209,"Feb 26, 16",-0.5699658703071673
0,2016-02-25,6.27,6.38,6.27,6.33,31966.0,31966.0,0.08,1.28,6.3318,"Feb 25, 16",-0.5679180887372014
0,2016-02-24,6.34,6.46,6.22,6.25,81230.0,81230.0,-0.15,-2.344,6.3042,"Feb 24, 16",-0.5733788395904437
0,2016-02-23,6.36,6.5199,6.35,6.4,31058.0,31058.0,0.02,0.313,6.3898,"Feb 23, 16",-0.5631399317406143
0,2016-02-22,6.45,6.56,6.27,6.38,57914.0,57914.0,-0.06,-0.932,6.415,"Feb 22, 16",-0.5645051194539249
0,2016-02-19,6.65,6.71,6.41,6.44,62681.0,62681.0,-0.22,-3.303,6.5332,"Feb 19, 16",-0.5604095563139933
0,2016-02-18,6.6,6.71,6.51,6.66,74420.0,74420.0,0.07,1.062,6.6505,"Feb 18, 16",-0.5453924914675768
0,2016-02-17,6.57,6.78,6.55,6.59,46817.0,46817.0,0.05,0.765,6.6545,"Feb 17, 16",-0.5501706484641639
0,2016-02-16,6.35,6.62,6.35,6.54,51685.0,51685.0,0.19,2.992,6.5182,"Feb 16, 16",-0.5535836177474402
