,date,close,volume,unadjustedVolume,change,changePercent,label,changeOverTime,open,high,low,vwap
0,2019-02-15,234.66,400.0,400.0,0.0,0.0,Feb 15,17.05076923076923,,,,
0,2019-02-14,234.66,783309.0,783309.0,-0.07,-0.03,Feb 14,17.05076923076923,234.7,234.88,234.66,234.7157
0,2019-02-13,234.73,268109.0,268109.0,0.02,0.009,Feb 13,17.056153846153844,234.71,234.93,234.61,234.7231
0,2019-02-12,234.71,296095.0,296095.0,0.21,0.09,Feb 12,17.054615384615385,234.59,234.78,234.45,234.6418
0,2019-02-11,234.5,781712.0,781712.0,0.07,0.03,Feb 11,17.03846153846154,234.5,234.59,234.43,234.4871
0,2019-02-08,234.43,824517.0,824517.0,-0.11,-0.047,Feb 8,17.033076923076923,234.52,234.63,234.35,234.4774
0,2019-02-07,234.54,666001.0,666001.0,-0.09,-0.038,Feb 7,17.04153846153846,234.59,234.72,234.46,234.5661
0,2019-02-06,234.63,509314.0,509314.0,-0.12,-0.051,Feb 6,17.048461538461538,234.73,234.75,234.53,234.6256
0,2019-02-05,234.75,634333.0,634333.0,0.31,0.132,Feb 5,17.057692307692307,234.42,234.75,234.26,234.5237
0,2019-02-04,234.44,288614.0,288614.0,-0.19,-0.081,Feb 4,17.033846153846152,234.73,234.73,234.38,234.5004
0,2019-02-01,234.63,600249.0,600249.0,0.03,0.013,Feb 1,17.048461538461538,234.61,234.68,234.42,234.5919
0,2019-01-31,234.6,741517.0,741517.0,0.66,0.282,Jan 31,17.046153846153846,233.81,234.74,233.81,234.2648
0,2019-01-30,233.94,737840.0,737840.0,-0.09,-0.038,Jan 30,16.995384615384616,233.96,234.49,233.75,233.8625
0,2019-01-29,234.03,549316.0,549316.0,0.27,0.116,Jan 29,17.002307692307692,233.76,234.04,233.76,233.9087
0,2019-01-28,233.76,494737.0,494737.0,-0.02,-0.009,Jan 28,16.98153846153846,233.66,233.99,233.63,233.8185
0,2019-01-25,233.78,751714.0,751714.0,0.15,0.064,Jan 25,16.983076923076922,233.87,233.99,233.6,233.7903
0,2019-01-24,233.63,668682.0,668682.0,-0.07,-0.03,Jan 24,16.97153846153846,233.5,233.99,233.47,233.7366
0,2019-01-23,233.7,675636.0,675636.0,-0.08,-0.034,Jan 23,16.976923076923075,233.99,233.99,233.51,233.6849
0,2019-01-22,233.78,1039129.0,1039129.0,0.28,0.12,Jan 22,16.983076923076922,233.35,233.85,233.31,233.5985
0,2019-01-18,233.5,1541340.0,1541340.0,0.25,0.107,Jan 18,16.96153846153846,233.58,233.59,233.25,233.3839
0,2019-01-17,233.25,2479692.0,2479692.0,-0.01,-0.004,Jan 17,16.942307692307693,233.31,233.85,233.24,233.4988
0,2019-01-16,233.26,2673827.0,2673827.0,-0.41,-0.175,Jan 16,16.943076923076923,233.5,233.9,233.1415,233.3115
0,2019-01-15,233.67,1590575.0,1590575.0,1.14,0.49,Jan 15,16.974615384615383,232.52,233.69,232.51,233.1543
0,2019-01-14,232.53,2236092.0,2236092.0,0.02,0.009,Jan 14,16.886923076923075,232.54,232.62,232.38,232.4644
0,2019-01-11,232.51,1388289.0,1388289.0,-0.02,-0.009,Jan 11,16.885384615384616,232.55,232.81,232.45,232.5264
0,2019-01-10,232.53,6278176.0,6278176.0,0.13,0.056,"Jan 10, 19",16.886923076923075,232.36,232.79,232.36,232.459
0,2019-01-09,232.4,6110642.0,6110642.0,0.11,0.047,"Jan 9, 19",16.876923076923077,232.3,232.71,232.25,232.4758
0,2019-01-08,232.29,3818029.0,3818029.0,-0.36,-0.155,"Jan 8, 19",16.86846153846154,232.1,232.91,232.0,232.3742
0,2019-01-07,232.65,10364136.0,10364136.0,92.78,66.333,"Jan 7, 19",16.896153846153847,231.15,233.755,231.06,232.2302
0,2019-01-04,139.87,328950.0,328950.0,8.85,6.755,"Jan 4, 19",9.75923076923077,133.0,140.6199,133.0,138.3704
0,2019-01-03,131.02,358702.0,358702.0,-8.75,-6.26,"Jan 3, 19",9.07846153846154,140.32,140.5,130.75,134.0155
0,2019-01-02,139.77,332451.0,332451.0,-0.3,-0.214,"Jan 2, 19",9.751538461538463,137.3,139.98,132.9525,137.363
0,2018-12-31,140.07,239937.0,239937.0,5.81,4.327,"Dec 31, 18",9.774615384615384,135.24,140.18,134.3382,137.8115
0,2018-12-28,134.26,154295.0,154295.0,-0.37,-0.275,"Dec 28, 18",9.327692307692306,135.0,137.735,133.2263,135.3369
0,2018-12-27,134.63,264850.0,264850.0,-3.45,-2.499,"Dec 27, 18",9.356153846153846,135.0,138.91,130.245,133.1505
0,2018-12-26,138.08,298950.0,298950.0,8.68,6.708,"Dec 26, 18",9.621538461538462,129.7,138.2,129.7,135.8072
0,2018-12-24,129.4,156464.0,156464.0,1.6,1.252,"Dec 24, 18",8.953846153846154,125.94,130.96,125.0001,128.5524
0,2018-12-21,127.8,433910.0,433910.0,-4.69,-3.54,"Dec 21, 18",8.830769230769231,132.96,133.87,127.18,130.0179
0,2018-12-20,132.49,451213.0,451213.0,-4.47,-3.264,"Dec 20, 18",9.191538461538462,136.67,138.0,130.86,134.3407
0,2018-12-19,136.96,763007.0,763007.0,-2.77,-1.982,"Dec 19, 18",9.535384615384617,139.77,144.14,135.17,140.2831
0,2018-12-18,139.73,392893.0,392893.0,4.25,3.137,"Dec 18, 18",9.748461538461537,138.88,141.7425,136.43,139.3976
0,2018-12-17,135.48,384752.0,384752.0,-3.39,-2.441,"Dec 17, 18",9.42153846153846,137.72,143.89,135.12,138.0413
0,2018-12-14,138.87,284915.0,284915.0,-1.13,-0.807,"Dec 14, 18",9.682307692307692,138.95,142.395,136.84,140.1527
0,2018-12-13,140.0,402427.0,402427.0,0.55,0.394,"Dec 13, 18",9.76923076923077,139.51,140.415,136.52,138.6926
0,2018-12-12,139.45,301062.0,301062.0,2.08,1.514,"Dec 12, 18",9.726923076923075,140.0,141.43,138.67,140.3783
0,2018-12-11,137.37,352085.0,352085.0,1.99,1.47,"Dec 11, 18",9.566923076923077,137.4,140.86,134.28,138.1604
0,2018-12-10,135.38,279685.0,279685.0,0.38,0.281,"Dec 10, 18",9.413846153846153,134.44,138.59,129.35,133.7183
0,2018-12-07,135.0,475733.0,475733.0,-0.17,-0.126,"Dec 7, 18",9.384615384615385,134.25,137.38,132.1442,134.2217
0,2018-12-06,135.17,336319.0,336319.0,1.72,1.289,"Dec 6, 18",9.397692307692306,131.64,136.79,130.1388,134.6298
0,2018-12-04,133.45,735715.0,735715.0,-9.0,-6.318,"Dec 4, 18",9.265384615384615,141.44,144.64,133.062,140.057
0,2018-12-03,142.45,389082.0,389082.0,2.03,1.446,"Dec 3, 18",9.957692307692307,143.0,146.0,139.91,142.592
0,2018-11-30,140.42,353781.0,353781.0,0.79,0.566,"Nov 30, 18",9.80153846153846,138.81,141.8999,138.01,139.5302
0,2018-11-29,139.63,323393.0,323393.0,-4.91,-3.397,"Nov 29, 18",9.74076923076923,145.17,147.9499,139.46,142.7768
0,2018-11-28,144.54,585993.0,585993.0,5.44,3.911,"Nov 28, 18",10.118461538461538,142.48,150.7856,138.0232,142.7118
0,2018-11-27,139.1,920069.0,920069.0,-13.6,-8.906,"Nov 27, 18",9.7,153.5,153.57,137.285,141.9791
0,2018-11-26,152.7,230954.0,230954.0,-0.56,-0.365,"Nov 26, 18",10.746153846153845,153.75,157.46,150.37,152.9913
0,2018-11-23,153.26,136029.0,136029.0,3.08,2.051,"Nov 23, 18",10.789230769230768,149.57,155.915,148.78,153.8494
0,2018-11-21,150.18,235195.0,235195.0,2.66,1.803,"Nov 21, 18",10.552307692307693,149.17,152.49,145.66,150.5667
0,2018-11-20,147.52,235562.0,235562.0,-2.66,-1.771,"Nov 20, 18",10.34769230769231,146.83,152.46,144.815,148.0418
0,2018-11-19,150.18,294576.0,294576.0,-6.34,-4.051,"Nov 19, 18",10.552307692307693,156.65,157.44,145.8,149.998
0,2018-11-16,156.52,306542.0,306542.0,4.99,3.293,"Nov 16, 18",11.040000000000001,148.47,158.72,148.4603,153.4331
0,2018-11-15,151.53,441520.0,441520.0,8.11,5.655,"Nov 15, 18",10.656153846153845,146.26,151.72,143.42,148.3794
0,2018-11-14,143.42,557283.0,557283.0,-15.66,-9.844,"Nov 14, 18",10.032307692307691,161.58,164.25,143.13,148.3608
0,2018-11-13,159.08,315238.0,315238.0,-2.39,-1.48,"Nov 13, 18",11.236923076923079,161.77,165.04,158.14,161.4992
0,2018-11-12,161.47,355391.0,355391.0,-5.3,-3.178,"Nov 12, 18",11.420769230769231,167.24,167.79,159.78,162.3679
0,2018-11-09,166.77,281936.0,281936.0,-7.06,-4.061,"Nov 9, 18",11.82846153846154,173.14,173.42,164.11,166.6517
0,2018-11-08,173.83,303534.0,303534.0,-2.52,-1.429,"Nov 8, 18",12.371538461538462,173.73,183.24,173.395,177.6566
0,2018-11-07,176.35,410302.0,410302.0,5.5,3.219,"Nov 7, 18",12.565384615384614,170.42,179.96,170.15,176.2687
0,2018-11-06,170.85,264371.0,264371.0,-3.07,-1.765,"Nov 6, 18",12.142307692307693,172.82,176.69,170.04,172.8944
0,2018-11-05,173.92,333695.0,333695.0,3.73,2.192,"Nov 5, 18",12.378461538461538,170.0,174.49,165.155,171.3897
0,2018-11-02,170.19,345643.0,345643.0,5.89,3.585,"Nov 2, 18",12.09153846153846,165.0,174.15,163.07,169.2483
0,2018-11-01,164.3,369462.0,369462.0,11.64,7.625,"Nov 1, 18",11.63846153846154,153.13,164.53,151.645,159.6529
0,2018-10-31,152.66,325439.0,325439.0,2.15,1.428,"Oct 31, 18",10.743076923076924,153.48,157.57,151.15,153.8163
0,2018-10-30,150.51,357494.0,357494.0,2.46,1.662,"Oct 30, 18",10.577692307692306,147.74,151.18,145.05,148.2125
0,2018-10-29,148.05,295475.0,295475.0,-4.86,-3.178,"Oct 29, 18",10.38846153846154,155.61,155.79,145.455,149.7107
0,2018-10-26,152.91,246279.0,246279.0,0.11,0.072,"Oct 26, 18",10.762307692307692,149.99,155.15,147.16,151.1792
0,2018-10-25,152.8,325467.0,325467.0,5.83,3.967,"Oct 25, 18",10.753846153846155,147.12,155.99,145.0,152.466
0,2018-10-24,146.97,469325.0,469325.0,-12.61,-7.902,"Oct 24, 18",10.305384615384614,158.55,159.9,146.22,150.6909
0,2018-10-23,159.58,395146.0,395146.0,-2.22,-1.372,"Oct 23, 18",11.275384615384617,159.3,163.43,152.52,158.1395
0,2018-10-22,161.8,453870.0,453870.0,1.82,1.138,"Oct 22, 18",11.446153846153846,160.5,165.25,158.055,161.3704
0,2018-10-19,159.98,352628.0,352628.0,-7.54,-4.501,"Oct 19, 18",11.306153846153846,167.94,172.4,159.78,164.7753
0,2018-10-18,167.52,236908.0,236908.0,-0.72,-0.428,"Oct 18, 18",11.886153846153848,166.95,170.645,164.84,167.9592
0,2018-10-17,168.24,272584.0,272584.0,-1.43,-0.843,"Oct 17, 18",11.941538461538462,169.08,170.065,164.625,167.931
0,2018-10-16,169.67,258660.0,258660.0,11.01,6.939,"Oct 16, 18",12.05153846153846,160.75,170.21,160.03,166.0119
0,2018-10-15,158.66,190442.0,190442.0,-5.4,-3.291,"Oct 15, 18",11.204615384615384,164.0,164.0,158.47,160.0726
0,2018-10-12,164.06,243339.0,243339.0,4.54,2.846,"Oct 12, 18",11.620000000000001,164.65,167.14,160.52,164.0333
0,2018-10-11,159.52,241119.0,241119.0,-3.3,-2.027,"Oct 11, 18",11.27076923076923,159.25,165.72,157.057,160.1166
0,2018-10-10,162.82,254104.0,254104.0,-5.34,-3.176,"Oct 10, 18",11.524615384615384,169.31,170.685,162.62,166.8671
0,2018-10-09,168.16,243714.0,243714.0,4.66,2.85,"Oct 9, 18",11.935384615384615,162.69,172.98,160.8201,168.7412
0,2018-10-08,163.5,241455.0,241455.0,3.9,2.444,"Oct 8, 18",11.576923076923077,158.83,164.87,155.68,160.7623
0,2018-10-05,159.6,353468.0,353468.0,-3.0,-1.845,"Oct 5, 18",11.276923076923076,163.24,164.98,153.26,158.3191
0,2018-10-04,162.6,236042.0,236042.0,-5.9,-3.501,"Oct 4, 18",11.507692307692308,167.48,167.48,159.79,162.6525
0,2018-10-03,168.5,277763.0,277763.0,2.33,1.402,"Oct 3, 18",11.961538461538462,166.66,170.0,164.5,167.4297
0,2018-10-02,166.17,337108.0,337108.0,-0.99,-0.592,"Oct 2, 18",11.782307692307691,167.15,168.45,165.5,166.5869
0,2018-10-01,167.16,215826.0,215826.0,-3.67,-2.148,"Oct 1, 18",11.858461538461539,172.03,172.03,166.895,169.234
0,2018-09-28,170.83,361117.0,361117.0,-3.54,-2.03,"Sep 28, 18",12.140769230769232,174.3,177.75,169.87,172.3462
0,2018-09-27,174.37,354563.0,354563.0,2.62,1.525,"Sep 27, 18",12.413076923076924,172.01,174.91,169.89,173.2247
0,2018-09-26,171.75,490433.0,490433.0,5.0,2.999,"Sep 26, 18",12.211538461538462,167.33,174.22,160.695,168.4961
0,2018-09-25,166.75,260953.0,260953.0,3.65,2.238,"Sep 25, 18",11.826923076923077,164.99,166.81,163.26,165.6534
0,2018-09-24,163.1,301209.0,301209.0,3.83,2.405,"Sep 24, 18",11.546153846153846,158.95,165.17,158.04,161.8673
0,2018-09-21,159.27,620551.0,620551.0,0.01,0.006,"Sep 21, 18",11.251538461538463,158.93,160.34,158.305,159.1871
0,2018-09-20,159.26,270158.0,270158.0,3.51,2.254,"Sep 20, 18",11.25076923076923,156.16,159.56,155.88,158.3554
0,2018-09-19,155.75,273281.0,273281.0,-1.84,-1.168,"Sep 19, 18",10.98076923076923,158.16,159.75,153.665,156.3885
0,2018-09-18,157.59,270131.0,270131.0,2.13,1.37,"Sep 18, 18",11.122307692307693,155.09,159.57,154.1775,157.3937
0,2018-09-17,155.46,420962.0,420962.0,-8.54,-5.207,"Sep 17, 18",10.958461538461538,161.99,162.325,153.81,156.3253
0,2018-09-14,164.0,297362.0,297362.0,-1.38,-0.834,"Sep 14, 18",11.615384615384615,165.4,166.88,161.43,164.4243
0,2018-09-13,165.38,208330.0,208330.0,0.66,0.401,"Sep 13, 18",11.721538461538461,165.09,168.5299,164.815,166.4553
0,2018-09-12,164.72,238780.0,238780.0,-5.84,-3.424,"Sep 12, 18",11.670769230769231,170.31,171.56,163.5693,166.3777
0,2018-09-11,170.56,304747.0,304747.0,5.32,3.22,"Sep 11, 18",12.120000000000001,166.0,172.33,164.6,169.254
0,2018-09-10,165.24,177656.0,177656.0,4.27,2.653,"Sep 10, 18",11.710769230769232,161.55,166.15,160.11,163.66
0,2018-09-07,160.97,135960.0,135960.0,-0.64,-0.396,"Sep 7, 18",11.382307692307693,161.11,164.03,159.43,161.3882
0,2018-09-06,161.61,332876.0,332876.0,-6.95,-4.123,"Sep 6, 18",11.431538461538462,168.76,168.98,160.44,162.7593
0,2018-09-05,168.56,295558.0,295558.0,1.18,0.705,"Sep 5, 18",11.966153846153846,169.1,170.62,165.14,168.1713
0,2018-09-04,167.38,249069.0,249069.0,-1.6,-0.947,"Sep 4, 18",11.875384615384615,165.3,168.44,163.25,166.5718
0,2018-08-31,168.98,216835.0,216835.0,2.97,1.789,"Aug 31, 18",11.998461538461537,165.74,170.0,165.35,167.927
0,2018-08-30,166.01,266786.0,266786.0,1.31,0.795,"Aug 30, 18",11.77,164.63,167.82,164.63,166.3156
0,2018-08-29,164.7,253545.0,253545.0,-4.21,-2.492,"Aug 29, 18",11.669230769230769,169.0,169.5315,164.33,166.6752
0,2018-08-28,168.91,219927.0,219927.0,3.94,2.388,"Aug 28, 18",11.993076923076924,165.81,169.68,164.03,167.2161
0,2018-08-27,164.97,297135.0,297135.0,4.32,2.689,"Aug 27, 18",11.69,161.25,165.3,160.01,162.6708
0,2018-08-24,160.65,200656.0,200656.0,1.54,0.968,"Aug 24, 18",11.357692307692307,159.0,161.44,159.0,160.5162
0,2018-08-23,159.11,308852.0,308852.0,-0.99,-0.618,"Aug 23, 18",11.23923076923077,160.54,161.21,156.4,159.0431
0,2018-08-22,160.1,185520.0,185520.0,1.1,0.692,"Aug 22, 18",11.315384615384614,158.09,161.79,158.0,159.6641
0,2018-08-21,159.0,242859.0,242859.0,-0.57,-0.357,"Aug 21, 18",11.23076923076923,160.38,163.3786,158.21,160.9137
0,2018-08-20,159.57,205654.0,205654.0,1.23,0.777,"Aug 20, 18",11.274615384615384,157.56,160.9,156.4093,159.055
0,2018-08-17,158.34,159812.0,159812.0,-0.21,-0.132,"Aug 17, 18",11.18,158.33,159.17,156.52,158.0669
0,2018-08-16,158.55,202570.0,202570.0,1.31,0.833,"Aug 16, 18",11.196153846153846,158.6,160.92,156.84,159.1841
0,2018-08-15,157.24,234087.0,234087.0,-2.42,-1.516,"Aug 15, 18",11.095384615384615,159.37,160.6,156.125,157.4228
0,2018-08-14,159.66,267420.0,267420.0,0.7,0.44,"Aug 14, 18",11.281538461538462,159.49,162.025,158.34,160.0909
0,2018-08-13,158.96,386678.0,386678.0,-0.34,-0.213,"Aug 13, 18",11.227692307692308,159.01,161.47,156.94,159.0209
0,2018-08-10,159.3,344550.0,344550.0,-0.07,-0.044,"Aug 10, 18",11.253846153846155,157.81,163.94,156.19,160.3535
0,2018-08-09,159.37,482912.0,482912.0,-12.32,-7.176,"Aug 9, 18",11.25923076923077,162.08,171.465,158.72,164.4999
0,2018-08-08,171.69,246203.0,246203.0,-2.05,-1.18,"Aug 8, 18",12.206923076923077,173.64,173.71,169.59,171.2595
0,2018-08-07,173.74,363930.0,363930.0,4.27,2.52,"Aug 7, 18",12.364615384615385,170.5,174.98,169.52,172.7067
0,2018-08-06,169.47,363621.0,363621.0,2.83,1.698,"Aug 6, 18",12.036153846153846,166.05,172.5,165.0,169.4286
0,2018-08-03,166.64,229161.0,229161.0,-2.39,-1.414,"Aug 3, 18",11.818461538461538,168.77,169.65,165.85,167.5707
0,2018-08-02,169.03,200759.0,200759.0,-0.5,-0.295,"Aug 2, 18",12.002307692307692,169.76,171.88,167.03,169.0171
0,2018-08-01,169.53,338047.0,338047.0,1.94,1.158,"Aug 1, 18",12.04076923076923,166.67,169.87,166.03,168.387
0,2018-07-31,167.59,265761.0,265761.0,3.5,2.133,"Jul 31, 18",11.891538461538461,165.32,169.95,164.44,167.9528
0,2018-07-30,164.09,327975.0,327975.0,-0.21,-0.128,"Jul 30, 18",11.622307692307693,164.05,165.55,160.331,163.2772
0,2018-07-27,164.3,393465.0,393465.0,-4.66,-2.758,"Jul 27, 18",11.63846153846154,168.22,168.841,161.4,164.5805
0,2018-07-26,168.96,350913.0,350913.0,-0.7,-0.413,"Jul 26, 18",11.996923076923078,168.68,171.75,167.02,169.2845
0,2018-07-25,169.66,353311.0,353311.0,1.48,0.88,"Jul 25, 18",12.05076923076923,166.66,171.7845,166.66,170.1364
0,2018-07-24,168.18,455867.0,455867.0,-6.58,-3.765,"Jul 24, 18",11.936923076923078,176.21,177.74,165.165,169.9629
0,2018-07-23,174.76,572210.0,572210.0,-0.15,-0.086,"Jul 23, 18",12.443076923076923,174.22,177.75,173.32,174.9982
0,2018-07-20,174.91,499276.0,499276.0,-2.28,-1.287,"Jul 20, 18",12.454615384615384,176.97,178.09,173.8,175.6262
0,2018-07-19,177.19,262300.0,262300.0,-1.55,-0.867,"Jul 19, 18",12.629999999999999,178.56,179.47,175.75,176.9172
0,2018-07-18,178.74,196185.0,196185.0,0.97,0.546,"Jul 18, 18",12.74923076923077,177.79,179.53,175.02,177.9625
0,2018-07-17,177.77,496820.0,496820.0,2.77,1.583,"Jul 17, 18",12.674615384615386,175.81,179.84,172.43,176.7747
0,2018-07-16,175.0,438576.0,438576.0,-4.03,-2.251,"Jul 16, 18",12.461538461538462,179.0,181.0,174.08,175.8352
0,2018-07-13,179.03,255067.0,255067.0,-1.25,-0.693,"Jul 13, 18",12.771538461538462,179.48,182.98,178.53,179.9551
0,2018-07-12,180.28,290783.0,290783.0,-0.78,-0.431,"Jul 12, 18",12.867692307692307,183.94,183.94,179.43,181.4202
0,2018-07-11,181.06,620109.0,620109.0,5.07,2.881,"Jul 11, 18",12.927692307692308,175.44,182.24,174.56,180.6226
0,2018-07-10,175.99,1060396.0,1060396.0,-10.91,-5.837,"Jul 10, 18",12.537692307692309,180.0,183.91,175.04,179.1382
0,2018-07-09,186.9,522277.0,522277.0,-3.06,-1.611,"Jul 9, 18",13.376923076923077,189.71,192.0,184.2599,186.8331
0,2018-07-06,189.96,463747.0,463747.0,1.76,0.935,"Jul 6, 18",13.612307692307693,189.15,191.84,187.61,189.8796
0,2018-07-05,188.2,507023.0,507023.0,8.02,4.451,"Jul 5, 18",13.476923076923075,181.93,188.89,180.6627,186.828
0,2018-07-03,180.18,142538.0,142538.0,1.95,1.094,"Jul 3, 18",12.860000000000001,180.25,180.93,177.51,179.363
0,2018-07-02,178.23,500483.0,500483.0,4.75,2.738,"Jul 2, 18",12.709999999999999,172.22,179.61,170.09,177.0311
0,2018-06-29,173.48,422346.0,422346.0,3.65,2.149,"Jun 29, 18",12.344615384615384,170.87,175.65,167.885,173.9731
0,2018-06-28,169.83,577314.0,577314.0,0.07,0.041,"Jun 28, 18",12.063846153846155,169.05,170.39,163.79,167.5867
0,2018-06-27,169.76,379771.0,379771.0,-5.08,-2.906,"Jun 27, 18",12.058461538461538,174.78,175.78,169.5002,171.9008
0,2018-06-26,174.84,506504.0,506504.0,-0.81,-0.461,"Jun 26, 18",12.44923076923077,177.1,179.27,173.79,176.1114
0,2018-06-25,175.65,603287.0,603287.0,-8.16,-4.439,"Jun 25, 18",12.511538461538462,181.58,183.64,174.18,177.7791
0,2018-06-22,183.81,1103059.0,1103059.0,0.26,0.142,"Jun 22, 18",13.13923076923077,183.96,185.36,179.28,182.9321
0,2018-06-21,183.55,707404.0,707404.0,4.94,2.766,"Jun 21, 18",13.11923076923077,178.67,187.75,176.34,182.9439
0,2018-06-20,178.61,582546.0,582546.0,-1.86,-1.031,"Jun 20, 18",12.73923076923077,182.24,182.24,178.01,179.1561
0,2018-06-19,180.47,478514.0,478514.0,1.3,0.726,"Jun 19, 18",12.882307692307693,176.42,180.865,175.25,177.9314
0,2018-06-18,179.17,693564.0,693564.0,2.24,1.266,"Jun 18, 18",12.782307692307691,176.85,182.995,174.55,179.0296
0,2018-06-15,176.93,994878.0,994878.0,-1.99,-1.112,"Jun 15, 18",12.610000000000001,177.13,180.55,175.25,177.4888
0,2018-06-14,178.92,618893.0,618893.0,-2.06,-1.138,"Jun 14, 18",12.763076923076921,181.29,185.02,177.55,180.9588
0,2018-06-13,180.98,471555.0,471555.0,1.91,1.067,"Jun 13, 18",12.92153846153846,180.0,183.77,178.41,180.9786
0,2018-06-12,179.07,608693.0,608693.0,-0.62,-0.345,"Jun 12, 18",12.774615384615384,180.5,184.55,178.64,181.0085
0,2018-06-11,179.69,699451.0,699451.0,0.7,0.391,"Jun 11, 18",12.822307692307692,177.67,183.77,176.68,180.4808
0,2018-06-08,178.99,550121.0,550121.0,5.28,3.04,"Jun 8, 18",12.768461538461539,173.19,181.92,172.26,177.8323
0,2018-06-07,173.71,814092.0,814092.0,-3.07,-1.737,"Jun 7, 18",12.362307692307693,177.29,177.72,169.12,173.5542
0,2018-06-06,176.78,718116.0,718116.0,-5.6,-3.071,"Jun 6, 18",12.598461538461539,182.18,188.27,175.04,180.3377
0,2018-06-05,182.38,964418.0,964418.0,-1.45,-0.789,"Jun 5, 18",13.029230769230768,182.47,186.56,177.035,181.8821
0,2018-06-04,183.83,2823401.0,2823401.0,-2.86,-1.532,"Jun 4, 18",13.140769230769232,207.78,208.95,181.02,189.3337
0,2018-06-01,186.69,603415.0,603415.0,9.36,5.278,"Jun 1, 18",13.36076923076923,178.01,187.38,176.2,182.9357
0,2018-05-31,177.33,453001.0,453001.0,3.69,2.125,"May 31, 18",12.640769230769232,175.0,183.94,174.44,178.7983
0,2018-05-30,173.64,321407.0,321407.0,5.25,3.118,"May 30, 18",12.356923076923076,169.89,174.18,168.06,171.9728
0,2018-05-29,168.39,390224.0,390224.0,2.68,1.617,"May 29, 18",11.953076923076923,165.8,170.43,163.42,166.7887
0,2018-05-25,165.71,285332.0,285332.0,-1.81,-1.08,"May 25, 18",11.746923076923078,167.8,169.81,165.02,167.1732
0,2018-05-24,167.52,297556.0,297556.0,1.43,0.861,"May 24, 18",11.886153846153848,166.49,169.98,165.6773,168.0718
0,2018-05-23,166.09,330174.0,330174.0,-0.59,-0.354,"May 23, 18",11.776153846153846,165.47,170.77,163.48,166.4849
0,2018-05-22,166.68,405509.0,405509.0,-2.36,-1.396,"May 22, 18",11.821538461538463,169.61,172.73,166.02,169.3659
0,2018-05-21,169.04,501267.0,501267.0,-1.4,-0.821,"May 21, 18",12.003076923076922,172.77,175.99,168.02,171.3611
0,2018-05-18,170.44,787025.0,787025.0,2.91,1.737,"May 18, 18",12.11076923076923,167.54,170.92,165.02,168.3
0,2018-05-17,167.53,2757852.0,2757852.0,28.03,20.093,"May 17, 18",11.886923076923077,160.5,171.989,158.01,165.8143
0,2018-05-16,139.5,872058.0,872058.0,-1.08,-0.768,"May 16, 18",9.73076923076923,141.57,143.62,138.86,141.0485
0,2018-05-15,140.58,415077.0,415077.0,4.62,3.398,"May 15, 18",9.813846153846155,135.37,141.0,133.018,138.7325
0,2018-05-14,135.96,540161.0,540161.0,-3.49,-2.503,"May 14, 18",9.458461538461538,139.84,139.84,132.025,135.6362
0,2018-05-11,139.45,291910.0,291910.0,9.94,7.675,"May 11, 18",9.726923076923075,129.51,141.0,129.51,137.672
0,2018-05-10,129.51,259809.0,259809.0,1.43,1.116,"May 10, 18",8.962307692307691,128.39,134.24,126.59,131.4635
0,2018-05-09,128.08,377092.0,377092.0,3.91,3.149,"May 9, 18",8.852307692307694,128.5246,129.1,124.01,126.7822
0,2018-05-08,124.17,655460.0,655460.0,0.66,0.534,"May 8, 18",8.551538461538462,124.02,124.89,116.18,121.5029
0,2018-05-07,123.51,178395.0,178395.0,3.82,3.192,"May 7, 18",8.500769230769231,120.15,123.81,120.06,122.5653
0,2018-05-04,119.69,297320.0,297320.0,0.56,0.47,"May 4, 18",8.206923076923077,118.15,121.54,117.21,119.6629
0,2018-05-03,119.13,382065.0,382065.0,-6.98,-5.535,"May 3, 18",8.163846153846153,125.92,127.49,118.72,120.9616
0,2018-05-02,126.11,313039.0,313039.0,0.11,0.087,"May 2, 18",8.70076923076923,126.3,128.87,125.85,127.176
0,2018-05-01,126.0,317260.0,317260.0,0.09,0.071,"May 1, 18",8.692307692307692,125.74,127.125,125.19,126.0356
0,2018-04-30,125.91,250571.0,250571.0,-3.49,-2.697,"Apr 30, 18",8.685384615384615,130.66,131.6722,125.85,127.2724
0,2018-04-27,129.4,227844.0,227844.0,-3.54,-2.663,"Apr 27, 18",8.953846153846154,133.27,135.1549,129.245,130.0048
0,2018-04-26,132.94,153336.0,153336.0,0.39,0.294,"Apr 26, 18",9.226153846153846,133.87,135.53,132.01,133.5361
0,2018-04-25,132.55,251505.0,251505.0,3.04,2.347,"Apr 25, 18",9.196153846153846,128.14,132.95,127.1254,130.9616
0,2018-04-24,129.51,302266.0,302266.0,-3.55,-2.668,"Apr 24, 18",8.962307692307691,133.67,135.0,128.78,130.8771
0,2018-04-23,133.06,253590.0,253590.0,0.0,0.0,"Apr 23, 18",9.235384615384616,133.07,135.35,131.19,132.9877
0,2018-04-20,133.06,211675.0,211675.0,-0.39,-0.292,"Apr 20, 18",9.235384615384616,132.98,134.73,131.22,132.9576
0,2018-04-19,133.45,216562.0,216562.0,-0.62,-0.462,"Apr 19, 18",9.265384615384615,133.2,137.9,132.761,134.648
0,2018-04-18,134.07,172218.0,172218.0,-1.13,-0.836,"Apr 18, 18",9.313076923076922,135.64,136.979,132.45,134.5508
0,2018-04-17,135.2,610586.0,610586.0,1.75,1.311,"Apr 17, 18",9.399999999999999,134.13,138.54,129.62,133.5451
0,2018-04-16,133.45,824617.0,824617.0,10.46,8.505,"Apr 16, 18",9.265384615384615,130.93,136.525,125.25,130.9079
0,2018-04-13,122.99,346688.0,346688.0,-3.25,-2.574,"Apr 13, 18",8.46076923076923,127.51,128.22,121.865,124.5708
0,2018-04-12,126.24,319042.0,319042.0,4.38,3.594,"Apr 12, 18",8.71076923076923,122.53,126.82,122.221,125.6333
0,2018-04-11,121.86,298747.0,298747.0,-0.47,-0.384,"Apr 11, 18",8.373846153846154,120.68,124.98,119.5901,122.9214
0,2018-04-10,122.33,336289.0,336289.0,9.28,8.209,"Apr 10, 18",8.41,114.8,122.95,114.37,119.7273
0,2018-04-09,113.05,264092.0,264092.0,2.2,1.985,"Apr 9, 18",7.696153846153846,112.35,115.765,111.7818,113.9284
0,2018-04-06,110.85,276035.0,276035.0,-2.33,-2.059,"Apr 6, 18",7.526923076923077,111.57,114.1668,109.58,111.5494
0,2018-04-05,113.18,603726.0,603726.0,-9.35,-7.631,"Apr 5, 18",7.706153846153847,123.47,123.47,111.14,115.5945
0,2018-04-04,122.53,556540.0,556540.0,11.23,10.09,"Apr 4, 18",8.425384615384615,109.78,122.87,108.75,119.2549
0,2018-04-03,111.3,658850.0,658850.0,1.67,1.523,"Apr 3, 18",7.561538461538461,110.96,115.94,109.0,111.4222
0,2018-04-02,109.63,381834.0,381834.0,-5.74,-4.975,"Apr 2, 18",7.433076923076923,114.25,116.0,109.15,111.9255
0,2018-03-29,115.37,191914.0,191914.0,2.12,1.872,"Mar 29, 18",7.874615384615385,114.42,117.28,112.97,115.2821
0,2018-03-28,113.25,403184.0,403184.0,-0.65,-0.571,"Mar 28, 18",7.711538461538462,113.41,114.42,109.0,112.0594
0,2018-03-27,113.9,370855.0,370855.0,-3.43,-2.923,"Mar 27, 18",7.761538461538462,117.58,119.735,112.0,114.478
0,2018-03-26,117.33,324847.0,324847.0,6.08,5.465,"Mar 26, 18",8.025384615384615,113.61,118.12,112.65,115.3634
0,2018-03-23,111.25,528284.0,528284.0,-4.93,-4.243,"Mar 23, 18",7.5576923076923075,116.54,118.449,110.31,113.5359
0,2018-03-22,116.18,392405.0,392405.0,-7.83,-6.314,"Mar 22, 18",7.936923076923078,122.02,125.76,115.18,119.5258
0,2018-03-21,124.01,561766.0,561766.0,2.06,1.689,"Mar 21, 18",8.53923076923077,118.4,124.4899,115.11,121.1277
0,2018-03-20,121.95,436665.0,436665.0,3.55,2.998,"Mar 20, 18",8.38076923076923,118.01,122.6,116.79,120.0863
0,2018-03-19,118.4,532310.0,532310.0,-7.43,-5.905,"Mar 19, 18",8.107692307692307,125.93,126.06,115.31,119.1856
0,2018-03-16,125.83,858154.0,858154.0,2.42,1.961,"Mar 16, 18",8.679230769230768,123.05,127.53,122.09,125.6473
0,2018-03-15,123.41,620794.0,620794.0,-8.12,-6.173,"Mar 15, 18",8.493076923076924,131.16,131.16,122.11,125.1132
0,2018-03-14,131.53,331652.0,331652.0,-1.34,-1.009,"Mar 14, 18",9.117692307692307,133.05,133.36,130.01,131.5956
0,2018-03-13,132.87,544626.0,544626.0,3.87,3.0,"Mar 13, 18",9.220769230769232,130.29,134.28,128.06,131.6613
0,2018-03-12,129.0,537883.0,537883.0,0.02,0.016,"Mar 12, 18",8.923076923076923,129.38,131.25,127.13,129.0339
0,2018-03-09,128.98,328175.0,328175.0,-0.75,-0.578,"Mar 9, 18",8.92153846153846,131.23,132.695,127.201,129.2587
0,2018-03-08,129.73,443987.0,443987.0,-3.04,-2.29,"Mar 8, 18",8.97923076923077,133.88,134.93,128.0,129.4176
0,2018-03-07,132.77,686905.0,686905.0,0.99,0.751,"Mar 7, 18",9.213076923076924,131.02,135.74,130.27,133.1811
0,2018-03-06,131.78,589407.0,589407.0,4.65,3.658,"Mar 6, 18",9.136923076923077,127.12,132.48,124.01,128.8287
0,2018-03-05,127.13,633203.0,633203.0,7.13,5.942,"Mar 5, 18",8.779230769230768,120.0,128.48,120.0,125.2278
0,2018-03-02,120.0,693692.0,693692.0,4.96,4.312,"Mar 2, 18",8.23076923076923,114.5,122.605,107.08,119.7285
0,2018-03-01,115.04,408221.0,408221.0,3.82,3.435,"Mar 1, 18",7.84923076923077,108.0,118.0,106.52,113.4066
0,2018-02-28,111.22,283232.0,283232.0,-1.55,-1.374,"Feb 28, 18",7.555384615384615,112.76,115.76,111.16,113.3583
0,2018-02-27,112.77,266753.0,266753.0,0.13,0.115,"Feb 27, 18",7.674615384615384,112.65,115.42,111.27,113.371
0,2018-02-26,112.64,248500.0,248500.0,-1.27,-1.115,"Feb 26, 18",7.664615384615384,114.91,116.0,112.27,114.0859
0,2018-02-23,113.91,204249.0,204249.0,2.75,2.474,"Feb 23, 18",7.762307692307692,111.99,114.71,109.24,112.4193
0,2018-02-22,111.16,371296.0,371296.0,3.48,3.232,"Feb 22, 18",7.55076923076923,110.38,113.5,109.54,111.624
0,2018-02-21,107.68,372006.0,372006.0,3.35,3.211,"Feb 21, 18",7.283076923076924,104.92,112.91,104.92,109.0446
0,2018-02-20,104.33,338770.0,338770.0,-0.47,-0.448,"Feb 20, 18",7.025384615384615,104.74,110.57,103.5,106.8389
0,2018-02-16,104.8,155351.0,155351.0,-0.17,-0.162,"Feb 16, 18",7.061538461538461,104.7,105.78,103.77,104.7139
0,2018-02-15,104.97,315599.0,315599.0,0.62,0.594,"Feb 15, 18",7.0746153846153845,106.64,107.99,101.7,104.7998
0,2018-02-14,104.35,504068.0,504068.0,3.43,3.399,"Feb 14, 18",7.026923076923077,101.99,108.5,100.59,104.8258
0,2018-02-13,100.92,957357.0,957357.0,6.98,7.43,"Feb 13, 18",6.763076923076923,93.5,102.78,92.32,99.7056
0,2018-02-12,93.94,153252.0,153252.0,1.71,1.854,"Feb 12, 18",6.226153846153846,92.67,95.19,91.205,93.6431
0,2018-02-09,92.23,439363.0,439363.0,1.47,1.62,"Feb 9, 18",6.094615384615385,92.58,93.29,85.21,88.8034
0,2018-02-08,90.76,213971.0,213971.0,-4.86,-5.083,"Feb 8, 18",5.981538461538462,96.35,96.968,90.65,92.3982
0,2018-02-07,95.62,215414.0,215414.0,-1.29,-1.331,"Feb 7, 18",6.355384615384616,96.58,97.465,95.08,96.2642
0,2018-02-06,96.91,388127.0,388127.0,2.78,2.953,"Feb 6, 18",6.454615384615384,91.87,97.47,90.4816,95.7217
0,2018-02-05,94.13,290077.0,290077.0,-3.93,-4.008,"Feb 5, 18",6.240769230769231,95.85,99.54,93.14,96.6037
0,2018-02-02,98.06,202470.0,202470.0,-2.37,-2.36,"Feb 2, 18",6.5430769230769235,99.84,102.02,97.9,99.4321
0,2018-02-01,100.43,232690.0,232690.0,-1.04,-1.025,"Feb 1, 18",6.725384615384616,100.74,102.355,98.2,100.5379
0,2018-01-31,101.47,213709.0,213709.0,-1.67,-1.619,"Jan 31, 18",6.805384615384615,104.11,104.65,101.315,102.8423
0,2018-01-30,103.14,261371.0,261371.0,-0.13,-0.126,"Jan 30, 18",6.9338461538461535,102.01,105.59,100.32,103.7561
0,2018-01-29,103.27,286588.0,286588.0,-0.69,-0.664,"Jan 29, 18",6.943846153846153,104.44,106.4,102.1681,103.6055
0,2018-01-26,103.96,243887.0,243887.0,2.39,2.353,"Jan 26, 18",6.996923076923077,102.32,106.29,101.25,104.3745
0,2018-01-25,101.57,305031.0,305031.0,2.8,2.835,"Jan 25, 18",6.813076923076922,99.42,102.94,97.69,101.0532
0,2018-01-24,98.77,371854.0,371854.0,-3.51,-3.432,"Jan 24, 18",6.5976923076923075,102.13,102.13,95.375,98.3104
0,2018-01-23,102.28,513747.0,513747.0,-1.02,-0.987,"Jan 23, 18",6.867692307692308,104.34,105.4,102.2,103.917
0,2018-01-22,103.3,593194.0,593194.0,6.47,6.682,"Jan 22, 18",6.946153846153846,97.5,104.0091,97.5,102.1332
0,2018-01-19,96.83,475954.0,475954.0,6.36,7.03,"Jan 19, 18",6.4484615384615385,90.48,98.0,90.48,95.5107
0,2018-01-18,90.47,433863.0,433863.0,1.4,1.572,"Jan 18, 18",5.9592307692307696,88.89,91.1902,88.1,90.4493
0,2018-01-17,89.07,349938.0,349938.0,3.22,3.751,"Jan 17, 18",5.851538461538461,86.18,90.43,85.32,88.4296
0,2018-01-16,85.85,305829.0,305829.0,-4.14,-4.601,"Jan 16, 18",5.6038461538461535,90.44,90.79,85.84,87.458
0,2018-01-12,89.99,440691.0,440691.0,1.13,1.272,"Jan 12, 18",5.922307692307692,89.2,91.21,88.0,90.0434
0,2018-01-11,88.86,317684.0,317684.0,2.43,2.812,"Jan 11, 18",5.835384615384616,86.89,89.35,85.76,88.0264
0,2018-01-10,86.43,172441.0,172441.0,1.02,1.194,"Jan 10, 18",5.648461538461539,84.98,86.74,83.7,85.653
0,2018-01-09,85.41,236845.0,236845.0,-0.15,-0.175,"Jan 9, 18",5.569999999999999,85.63,87.13,85.18,85.8213
0,2018-01-08,85.56,300056.0,300056.0,0.26,0.305,"Jan 8, 18",5.581538461538462,85.68,86.43,82.74,84.9466
0,2018-01-05,85.3,407492.0,407492.0,0.42,0.495,"Jan 5, 18",5.561538461538461,85.05,86.415,83.845,85.0431
0,2018-01-04,84.88,229531.0,229531.0,0.17,0.201,"Jan 4, 18",5.529230769230769,84.79,85.56,82.71,84.4584
0,2018-01-03,84.71,263173.0,263173.0,-1.79,-2.069,"Jan 3, 18",5.516153846153846,87.05,87.36,84.46,85.2507
0,2018-01-02,86.5,376245.0,376245.0,2.32,2.756,"Jan 2, 18",5.653846153846154,85.15,86.61,83.01,85.7894
0,2017-12-29,84.18,275765.0,275765.0,-2.26,-2.615,"Dec 29, 17",5.475384615384616,86.62,87.815,83.95,84.9857
0,2017-12-28,86.44,182067.0,182067.0,0.3,0.348,"Dec 28, 17",5.649230769230769,86.27,87.88,84.71,85.928
0,2017-12-27,86.14,248619.0,248619.0,0.27,0.314,"Dec 27, 17",5.626153846153846,85.92,86.64,83.355,85.1967
0,2017-12-26,85.87,279974.0,279974.0,-1.13,-1.299,"Dec 26, 17",5.605384615384616,86.67,87.8,85.58,86.3689
0,2017-12-22,87.0,793453.0,793453.0,3.54,4.242,"Dec 22, 17",5.6923076923076925,84.0,88.35,84.0,86.7275
0,2017-12-21,83.46,248626.0,248626.0,2.55,3.152,"Dec 21, 17",5.42,80.99,83.74,79.84,82.2394
0,2017-12-20,80.91,238493.0,238493.0,0.77,0.961,"Dec 20, 17",5.223846153846154,80.46,81.78,79.105,80.6674
0,2017-12-19,80.14,556287.0,556287.0,0.89,1.123,"Dec 19, 17",5.164615384615384,79.46,82.53,78.93,80.8551
0,2017-12-18,79.25,367872.0,367872.0,0.28,0.355,"Dec 18, 17",5.096153846153846,78.89,80.9799,78.01,79.1398
0,2017-12-15,78.97,1186250.0,1186250.0,-3.98,-4.798,"Dec 15, 17",5.0746153846153845,83.12,83.2,75.78,79.0249
0,2017-12-14,82.95,567766.0,567766.0,0.6,0.729,"Dec 14, 17",5.380769230769231,82.3,84.92,81.5,83.2795
0,2017-12-13,82.35,510667.0,510667.0,-0.36,-0.435,"Dec 13, 17",5.334615384615384,82.15,84.0,80.2,81.7764
0,2017-12-12,82.71,526199.0,526199.0,-1.62,-1.921,"Dec 12, 17",5.3623076923076916,84.29,86.96,81.865,83.7904
0,2017-12-11,84.33,362312.0,362312.0,1.18,1.419,"Dec 11, 17",5.486923076923077,83.75,85.325,83.615,84.49
0,2017-12-08,83.15,511141.0,511141.0,3.52,4.42,"Dec 8, 17",5.3961538461538465,80.19,85.175,80.19,83.1976
0,2017-12-07,79.63,295638.0,295638.0,2.1,2.709,"Dec 7, 17",5.125384615384615,77.91,80.26,77.3,79.4043
0,2017-12-06,77.53,355950.0,355950.0,-0.18,-0.232,"Dec 6, 17",4.963846153846154,77.51,78.55,75.17,76.7822
0,2017-12-05,77.71,413587.0,413587.0,0.96,1.251,"Dec 5, 17",4.977692307692307,76.62,79.78,75.48,78.3333
0,2017-12-04,76.75,435386.0,435386.0,-0.12,-0.156,"Dec 4, 17",4.903846153846154,78.0,80.6,76.28,77.9996
0,2017-12-01,76.87,326234.0,326234.0,0.12,0.156,"Dec 1, 17",4.913076923076924,76.37,77.64,72.7,76.0104
0,2017-11-30,76.75,390502.0,390502.0,3.13,4.252,"Nov 30, 17",4.903846153846154,74.08,77.04,72.58,75.2446
0,2017-11-29,73.62,612242.0,612242.0,-2.4,-3.157,"Nov 29, 17",4.663076923076924,76.18,76.27,71.45,73.2488
0,2017-11-28,76.02,430942.0,430942.0,2.06,2.785,"Nov 28, 17",4.8476923076923075,74.61,76.38,72.4,74.2909
0,2017-11-27,73.96,472648.0,472648.0,-2.23,-2.927,"Nov 27, 17",4.689230769230769,76.24,77.68,73.385,74.6169
0,2017-11-24,76.19,96434.0,96434.0,0.55,0.727,"Nov 24, 17",4.860769230769231,75.37,76.85,74.62,76.0437
0,2017-11-22,75.64,215326.0,215326.0,0.33,0.438,"Nov 22, 17",4.818461538461539,74.94,76.35,73.92,75.4405
0,2017-11-21,75.31,364745.0,364745.0,-2.09,-2.7,"Nov 21, 17",4.7930769230769235,77.64,78.78,75.2,76.3847
0,2017-11-20,77.4,387565.0,387565.0,2.33,3.104,"Nov 20, 17",4.953846153846154,75.14,78.04,74.75,76.7354
0,2017-11-17,75.07,336424.0,336424.0,0.16,0.214,"Nov 17, 17",4.774615384615384,74.78,75.38,72.92,74.5415
0,2017-11-16,74.91,1174522.0,1174522.0,-1.13,-1.486,"Nov 16, 17",4.762307692307692,76.61,77.22,71.6917,74.318
0,2017-11-15,76.04,1079724.0,1079724.0,-3.8,-4.76,"Nov 15, 17",4.84923076923077,78.5,78.6653,74.02,76.1113
0,2017-11-14,79.84,2987581.0,2987581.0,-3.39,-4.073,"Nov 14, 17",5.141538461538461,79.55,81.0999,72.5701,76.9929
0,2017-11-13,83.23,209483.0,209483.0,2.05,2.525,"Nov 13, 17",5.4023076923076925,80.78,83.46,79.89,81.9298
0,2017-11-10,81.18,296317.0,296317.0,1.05,1.31,"Nov 10, 17",5.244615384615385,80.22,82.13,79.81,80.8635
0,2017-11-09,80.13,664827.0,664827.0,-2.7,-3.26,"Nov 9, 17",5.163846153846153,81.58,81.63,77.42,79.5528
0,2017-11-08,82.83,400783.0,400783.0,-4.32,-4.957,"Nov 8, 17",5.371538461538462,86.94,87.09,82.62,83.8861
0,2017-11-07,87.15,461648.0,461648.0,-1.42,-1.603,"Nov 7, 17",5.703846153846154,88.04,89.5,86.01,87.6945
0,2017-11-06,88.57,365030.0,365030.0,0.78,0.888,"Nov 6, 17",5.813076923076922,88.34,89.9,86.63,88.3246
0,2017-11-03,87.79,429478.0,429478.0,-0.78,-0.881,"Nov 3, 17",5.753076923076923,88.75,90.7,86.52,88.346
0,2017-11-02,88.57,415743.0,415743.0,3.84,4.532,"Nov 2, 17",5.813076923076922,84.77,88.89,83.08,86.7738
0,2017-11-01,84.73,293590.0,293590.0,-1.43,-1.66,"Nov 1, 17",5.517692307692308,87.04,87.92,83.1,84.8784
0,2017-10-31,86.16,337833.0,337833.0,-1.32,-1.509,"Oct 31, 17",5.627692307692308,87.27,88.25,85.19,86.5869
0,2017-10-30,87.48,309792.0,309792.0,0.98,1.133,"Oct 30, 17",5.729230769230769,86.75,89.64,85.515,87.1833
0,2017-10-27,86.5,306026.0,306026.0,0.69,0.804,"Oct 27, 17",5.653846153846154,86.01,87.47,83.13,85.3373
0,2017-10-26,85.81,255714.0,255714.0,0.48,0.563,"Oct 26, 17",5.600769230769231,85.33,86.97,83.01,85.5052
0,2017-10-25,85.33,433256.0,433256.0,0.31,0.365,"Oct 25, 17",5.563846153846153,85.15,88.85,84.915,86.9061
0,2017-10-24,85.02,318936.0,318936.0,0.03,0.035,"Oct 24, 17",5.54,84.5,86.065,84.36,85.1306
0,2017-10-23,84.99,485603.0,485603.0,-1.63,-1.882,"Oct 23, 17",5.537692307692307,85.88,86.77,84.613,85.42
0,2017-10-20,86.62,357842.0,357842.0,1.59,1.87,"Oct 20, 17",5.663076923076924,86.39,87.4601,85.28,86.4992
0,2017-10-19,85.03,332095.0,332095.0,-3.53,-3.986,"Oct 19, 17",5.5407692307692304,88.05,88.93,84.26,85.6239
0,2017-10-18,88.56,503036.0,503036.0,0.31,0.351,"Oct 18, 17",5.812307692307693,89.47,90.35,86.0,88.5588
0,2017-10-17,88.25,212780.0,212780.0,-1.03,-1.154,"Oct 17, 17",5.788461538461538,89.71,90.8,87.54,88.4853
0,2017-10-16,89.28,324620.0,324620.0,-0.1,-0.112,"Oct 16, 17",5.867692307692308,90.0,93.25,88.29,90.6221
0,2017-10-13,89.38,226961.0,226961.0,-0.23,-0.257,"Oct 13, 17",5.875384615384615,90.47,91.25,88.09,89.4609
0,2017-10-12,89.61,252008.0,252008.0,-0.5,-0.555,"Oct 12, 17",5.893076923076923,90.86,90.99,88.52,89.5442
0,2017-10-11,90.11,312400.0,312400.0,-2.15,-2.33,"Oct 11, 17",5.931538461538461,93.18,93.57,89.45,90.3628
0,2017-10-10,92.26,208683.0,208683.0,-1.75,-1.862,"Oct 10, 17",6.096923076923077,94.96,95.0,90.18,92.3142
0,2017-10-09,94.01,375139.0,375139.0,6.35,7.244,"Oct 9, 17",6.231538461538462,87.47,94.64,87.205,92.1195
0,2017-10-06,87.66,153144.0,153144.0,-0.49,-0.556,"Oct 6, 17",5.743076923076923,88.73,89.42,87.081,87.939
0,2017-10-05,88.15,245320.0,245320.0,-0.29,-0.328,"Oct 5, 17",5.7807692307692315,88.45,89.3522,86.81,87.497
0,2017-10-04,88.44,242651.0,242651.0,-2.26,-2.492,"Oct 4, 17",5.803076923076923,90.29,91.35,88.2212,89.4598
0,2017-10-03,90.7,338051.0,338051.0,-1.18,-1.284,"Oct 3, 17",5.976923076923077,92.44,92.69,90.03,90.9257
0,2017-10-02,91.88,350067.0,350067.0,-0.24,-0.261,"Oct 2, 17",6.067692307692307,93.1,94.42,91.13,92.2434
0,2017-09-29,92.12,319832.0,319832.0,-0.93,-0.999,"Sep 29, 17",6.086153846153847,92.93,92.93,90.0,91.7825
0,2017-09-28,93.05,1519672.0,1519672.0,9.6,11.504,"Sep 28, 17",6.157692307692307,85.08,95.92,83.98,92.7942
0,2017-09-27,83.45,251766.0,251766.0,-0.34,-0.406,"Sep 27, 17",5.4192307692307695,84.7,85.329,83.27,84.1703
0,2017-09-26,83.79,355929.0,355929.0,-1.71,-2.0,"Sep 26, 17",5.445384615384616,85.47,85.9684,83.1219,83.8789
0,2017-09-25,85.5,367829.0,367829.0,-1.31,-1.509,"Sep 25, 17",5.576923076923077,87.01,87.85,85.05,85.9545
0,2017-09-22,86.81,498532.0,498532.0,-2.99,-3.33,"Sep 22, 17",5.677692307692308,90.14,91.3176,86.8,87.7085
0,2017-09-21,89.8,304884.0,304884.0,-0.43,-0.477,"Sep 21, 17",5.907692307692307,89.68,91.18,88.6,90.0825
0,2017-09-20,90.23,352100.0,352100.0,0.71,0.793,"Sep 20, 17",5.940769230769231,89.25,92.4,89.02,90.5449
0,2017-09-19,89.52,333423.0,333423.0,0.8,0.902,"Sep 19, 17",5.886153846153846,88.62,89.86,87.08,88.9138
0,2017-09-18,88.72,487279.0,487279.0,1.23,1.406,"Sep 18, 17",5.8246153846153845,88.23,90.68,87.36,89.1723
0,2017-09-15,87.49,1553867.0,1553867.0,0.14,0.16,"Sep 15, 17",5.7299999999999995,87.73,88.98,85.21,87.5205
0,2017-09-14,87.35,1081253.0,1081253.0,0.76,0.878,"Sep 14, 17",5.7192307692307685,86.6,91.0,85.51,88.4579
0,2017-09-13,86.59,2107246.0,2107246.0,11.48,15.284,"Sep 13, 17",5.660769230769231,76.16,90.2594,76.0,86.4391
0,2017-09-12,75.11,516535.0,516535.0,-1.23,-1.611,"Sep 12, 17",4.777692307692307,77.26,77.92,73.92,75.1106
0,2017-09-11,76.34,303478.0,303478.0,-0.12,-0.157,"Sep 11, 17",4.872307692307692,77.32,78.04,76.03,76.7101
0,2017-09-08,76.46,323622.0,323622.0,0.99,1.312,"Sep 8, 17",4.881538461538461,75.36,78.2,74.0801,76.7443
0,2017-09-07,75.47,437624.0,437624.0,-2.52,-3.231,"Sep 7, 17",4.805384615384615,77.71,78.0,73.4503,75.7211
0,2017-09-06,77.99,366974.0,366974.0,-1.01,-1.278,"Sep 6, 17",4.999230769230769,79.87,80.61,75.02,77.6978
0,2017-09-05,79.0,370102.0,370102.0,-3.21,-3.905,"Sep 5, 17",5.076923076923077,81.55,81.57,77.6,79.2544
0,2017-09-01,82.21,192747.0,192747.0,-1.19,-1.427,"Sep 1, 17",5.323846153846153,83.59,84.455,81.01,82.3966
0,2017-08-31,83.4,348015.0,348015.0,4.18,5.276,"Aug 31, 17",5.415384615384616,79.57,83.639,79.57,82.3541
0,2017-08-30,79.22,259553.0,259553.0,1.46,1.878,"Aug 30, 17",5.093846153846154,77.88,79.6825,76.7923,78.8823
0,2017-08-29,77.76,274525.0,274525.0,-0.8,-1.018,"Aug 29, 17",4.981538461538462,75.95,78.39,75.13,77.6338
0,2017-08-28,78.56,219282.0,219282.0,4.37,5.89,"Aug 28, 17",5.0430769230769235,74.84,78.61,74.6,77.7244
0,2017-08-25,74.19,267066.0,267066.0,-3.2,-4.135,"Aug 25, 17",4.7069230769230765,78.02,78.745,73.91,75.5538
0,2017-08-24,77.39,226114.0,226114.0,1.1,1.442,"Aug 24, 17",4.953076923076923,76.52,77.99,75.35,77.1188
0,2017-08-23,76.29,145936.0,145936.0,0.11,0.144,"Aug 23, 17",4.868461538461539,75.48,76.8562,73.87,75.6808
0,2017-08-22,76.18,217235.0,217235.0,3.16,4.328,"Aug 22, 17",4.86,73.47,76.46,73.17,74.7652
0,2017-08-21,73.02,187510.0,187510.0,0.92,1.276,"Aug 21, 17",4.616923076923077,72.37,73.57,71.22,72.5317
0,2017-08-18,72.1,171555.0,171555.0,0.6,0.839,"Aug 18, 17",4.546153846153846,70.9,72.46,70.835,71.7202
0,2017-08-17,71.5,244798.0,244798.0,-2.69,-3.626,"Aug 17, 17",4.5,73.98,74.629,71.2,72.3484
0,2017-08-16,74.19,381596.0,381596.0,0.67,0.911,"Aug 16, 17",4.7069230769230765,73.67,76.74,73.67,74.664
0,2017-08-15,73.52,240187.0,240187.0,-0.54,-0.729,"Aug 15, 17",4.655384615384615,74.13,74.29,72.655,73.4127
0,2017-08-14,74.06,226829.0,226829.0,0.8,1.092,"Aug 14, 17",4.696923076923077,73.7,75.24,72.77,73.8629
0,2017-08-11,73.26,217440.0,217440.0,0.82,1.132,"Aug 11, 17",4.635384615384615,72.35,73.7,71.45,72.6149
0,2017-08-10,72.44,285279.0,285279.0,-2.13,-2.856,"Aug 10, 17",4.572307692307692,73.79,74.67,71.8,73.0589
0,2017-08-09,74.57,139312.0,139312.0,1.46,1.997,"Aug 9, 17",4.7361538461538455,72.56,75.739,72.56,74.4989
0,2017-08-08,73.11,265660.0,265660.0,0.21,0.288,"Aug 8, 17",4.623846153846154,71.77,76.15,70.01,74.3127
0,2017-08-07,72.9,176388.0,176388.0,-0.02,-0.027,"Aug 7, 17",4.607692307692308,72.92,73.66,72.19,72.8919
0,2017-08-04,72.92,164267.0,164267.0,2.09,2.951,"Aug 4, 17",4.609230769230769,71.0,73.45,69.8299,72.7208
0,2017-08-03,70.83,98581.0,98581.0,-0.97,-1.351,"Aug 3, 17",4.4484615384615385,71.69,71.95,69.88,70.9158
0,2017-08-02,71.8,233565.0,233565.0,1.33,1.887,"Aug 2, 17",4.523076923076923,70.71,72.63,69.03,70.7838
0,2017-08-01,70.47,278626.0,278626.0,-1.84,-2.545,"Aug 1, 17",4.42076923076923,72.47,72.47,69.0,70.2775
0,2017-07-31,72.31,210380.0,210380.0,-0.98,-1.337,"Jul 31, 17",4.562307692307693,73.21,74.25,71.21,72.2194
0,2017-07-28,73.29,159309.0,159309.0,0.94,1.299,"Jul 28, 17",4.6376923076923084,72.02,74.16,71.81,73.2097
0,2017-07-27,72.35,293670.0,293670.0,-2.1,-2.821,"Jul 27, 17",4.565384615384615,73.99,74.29,70.5134,72.4549
0,2017-07-26,74.45,180202.0,180202.0,0.95,1.293,"Jul 26, 17",4.726923076923077,73.8,75.3298,73.21,74.5982
0,2017-07-25,73.5,236865.0,236865.0,-0.77,-1.037,"Jul 25, 17",4.653846153846154,74.42,74.97,72.5,73.3792
0,2017-07-24,74.27,198357.0,198357.0,1.14,1.559,"Jul 24, 17",4.7130769230769225,72.95,75.18,72.86,74.329
0,2017-07-21,73.13,279645.0,279645.0,-0.85,-1.149,"Jul 21, 17",4.625384615384615,74.17,75.54,72.55,74.1185
0,2017-07-20,73.98,233932.0,233932.0,0.23,0.312,"Jul 20, 17",4.690769230769231,73.7,74.53,72.04,73.6548
0,2017-07-19,73.75,332507.0,332507.0,0.87,1.194,"Jul 19, 17",4.673076923076923,73.25,75.0,71.75,72.7858
0,2017-07-18,72.88,340242.0,340242.0,-0.26,-0.355,"Jul 18, 17",4.606153846153846,72.74,74.57,72.2,73.1476
0,2017-07-17,73.14,263144.0,263144.0,-1.27,-1.707,"Jul 17, 17",4.626153846153846,74.77,76.28,72.97,73.9821
0,2017-07-14,74.41,209915.0,209915.0,-0.43,-0.575,"Jul 14, 17",4.723846153846154,74.83,75.9,73.6,74.5498
0,2017-07-13,74.84,432557.0,432557.0,-0.3,-0.399,"Jul 13, 17",4.756923076923077,75.01,75.48,73.795,74.5262
0,2017-07-12,75.14,328659.0,328659.0,-0.15,-0.199,"Jul 12, 17",4.78,74.51,77.02,73.6,75.3336
0,2017-07-11,75.29,325672.0,325672.0,-0.01,-0.013,"Jul 11, 17",4.791538461538462,75.31,76.28,74.5,75.1934
0,2017-07-10,75.3,284955.0,284955.0,-1.45,-1.889,"Jul 10, 17",4.792307692307692,76.57,76.88,74.24,75.3091
0,2017-07-07,76.75,179111.0,179111.0,0.12,0.157,"Jul 7, 17",4.903846153846154,76.97,78.41,76.7,77.3507
0,2017-07-06,76.63,341645.0,341645.0,-2.43,-3.074,"Jul 6, 17",4.894615384615384,78.75,79.79,76.06,77.5431
0,2017-07-05,79.06,404898.0,404898.0,-0.22,-0.277,"Jul 5, 17",5.081538461538462,79.44,80.83,78.18,79.2294
0,2017-07-03,79.28,153343.0,153343.0,-0.91,-1.135,"Jul 3, 17",5.098461538461539,80.19,80.7,78.25,79.1858
0,2017-06-30,80.19,318475.0,318475.0,-2.66,-3.211,"Jun 30, 17",5.168461538461538,82.94,82.99,79.66,80.7099
0,2017-06-29,82.85,431034.0,431034.0,0.98,1.197,"Jun 29, 17",5.373076923076923,82.28,82.93,79.56,81.584
0,2017-06-28,81.87,566747.0,566747.0,4.17,5.367,"Jun 28, 17",5.297692307692308,79.8,82.16,78.1,80.9277
0,2017-06-27,77.7,330241.0,330241.0,-4.18,-5.105,"Jun 27, 17",4.976923076923077,81.58,82.08,77.45,79.2599
0,2017-06-26,81.88,353038.0,353038.0,1.71,2.133,"Jun 26, 17",5.298461538461538,80.17,81.98,78.57,80.9213
0,2017-06-23,80.17,900548.0,900548.0,1.59,2.023,"Jun 23, 17",5.166923076923077,78.18,80.47,76.8768,79.6111
0,2017-06-22,78.58,1298072.0,1298072.0,1.13,1.459,"Jun 22, 17",5.044615384615384,78.42,83.1178,76.0,79.6565
0,2017-06-21,77.45,817380.0,817380.0,3.61,4.889,"Jun 21, 17",4.957692307692308,74.82,77.88,73.79,76.5341
0,2017-06-20,73.84,703377.0,703377.0,2.9,4.088,"Jun 20, 17",4.680000000000001,71.32,75.74,70.68,73.7962
0,2017-06-19,70.94,537429.0,537429.0,-1.2,-1.663,"Jun 19, 17",4.4569230769230765,73.16,73.16,70.1,71.1702
0,2017-06-16,72.14,663944.0,663944.0,-1.21,-1.65,"Jun 16, 17",4.549230769230769,73.6,74.73,71.76,72.6734
0,2017-06-15,73.35,2587861.0,2587861.0,-1.41,-1.886,"Jun 15, 17",4.642307692307692,73.15,74.25,71.85,72.9379
0,2017-06-14,74.76,398865.0,398865.0,1.11,1.507,"Jun 14, 17",4.750769230769231,72.47,76.89,71.4353,75.0052
0,2017-06-13,73.65,586341.0,586341.0,-2.8,-3.663,"Jun 13, 17",4.665384615384616,77.0,79.0,72.088,74.485
0,2017-06-12,76.45,517819.0,517819.0,4.9,6.848,"Jun 12, 17",4.880769230769231,71.35,76.79,70.02,75.257
0,2017-06-09,71.55,612002.0,612002.0,-4.13,-5.457,"Jun 9, 17",4.503846153846154,77.54,77.55,71.43,73.9657
0,2017-06-08,75.68,727292.0,727292.0,3.71,5.155,"Jun 8, 17",4.821538461538462,72.43,76.02,71.11,74.8627
0,2017-06-07,71.97,650047.0,650047.0,1.97,2.814,"Jun 7, 17",4.536153846153846,70.36,72.2,68.615,70.9627
0,2017-06-06,70.0,1245648.0,1245648.0,-0.12,-0.171,"Jun 6, 17",4.384615384615385,69.5,71.9,67.02,69.6481
0,2017-06-05,70.12,5901493.0,5901493.0,21.14,43.16,"Jun 5, 17",4.393846153846154,71.74,77.61,68.06,72.027
0,2017-06-02,48.98,242031.0,242031.0,1.86,3.947,"Jun 2, 17",2.7676923076923075,47.39,49.92,46.33,48.4713
0,2017-06-01,47.12,225726.0,225726.0,1.47,3.22,"Jun 1, 17",2.6246153846153844,45.97,47.18,45.01,46.405
0,2017-05-31,45.65,181506.0,181506.0,0.03,0.066,"May 31, 17",2.5115384615384615,45.69,45.88,44.05,45.1198
0,2017-05-30,45.62,172625.0,172625.0,-1.82,-3.836,"May 30, 17",2.509230769230769,47.58,47.97,45.49,46.6324
0,2017-05-26,47.44,160585.0,160585.0,-0.06,-0.126,"May 26, 17",2.649230769230769,47.45,48.1,46.81,47.5016
0,2017-05-25,47.5,151277.0,151277.0,-2.05,-4.137,"May 25, 17",2.6538461538461537,49.99,49.99,46.8,47.6342
0,2017-05-24,49.55,106229.0,106229.0,-0.53,-1.058,"May 24, 17",2.8115384615384613,50.42,51.01,48.96,49.8696
0,2017-05-23,50.08,283918.0,283918.0,3.73,8.047,"May 23, 17",2.852307692307692,46.53,50.88,46.53,49.1601
0,2017-05-22,46.35,172804.0,172804.0,0.21,0.455,"May 22, 17",2.5653846153846156,46.24,46.57,44.02,45.6921
0,2017-05-19,46.14,172443.0,172443.0,0.93,2.057,"May 19, 17",2.5492307692307694,44.81,46.98,44.79,45.9822
0,2017-05-18,45.21,186576.0,186576.0,1.76,4.051,"May 18, 17",2.477692307692308,43.63,45.58,43.34,44.5591
0,2017-05-17,43.45,140413.0,140413.0,-2.79,-6.034,"May 17, 17",2.3423076923076924,45.29,45.455,43.12,43.8762
0,2017-05-16,46.24,168023.0,168023.0,1.7,3.817,"May 16, 17",2.556923076923077,44.71,46.44,44.62,45.8069
0,2017-05-15,44.54,134212.0,134212.0,1.2,2.769,"May 15, 17",2.426153846153846,43.1,44.8,42.58,43.9171
0,2017-05-12,43.34,209705.0,209705.0,0.68,1.594,"May 12, 17",2.333846153846154,42.75,45.255,42.7134,43.5757
0,2017-05-11,42.66,107436.0,107436.0,-0.99,-2.268,"May 11, 17",2.281538461538461,43.6,43.71,42.559,43.0017
0,2017-05-10,43.65,171220.0,171220.0,1.23,2.9,"May 10, 17",2.3576923076923078,42.64,45.59,42.42,43.9538
0,2017-05-09,42.42,173557.0,173557.0,-1.515,-3.448,"May 9, 17",2.263076923076923,43.93,44.59,42.11,43.0168
0,2017-05-08,43.935,168100.0,168100.0,-0.335,-0.757,"May 8, 17",2.3796153846153847,44.15,44.91,43.395,44.0191
0,2017-05-05,44.27,103230.0,103230.0,0.31,0.705,"May 5, 17",2.4053846153846155,44.05,44.32,43.13,43.8196
0,2017-05-04,43.96,137080.0,137080.0,-0.48,-1.08,"May 4, 17",2.3815384615384616,44.55,45.5321,43.75,44.1305
0,2017-05-03,44.44,147146.0,147146.0,-0.76,-1.681,"May 3, 17",2.418461538461538,44.98,46.57,44.28,44.7699
0,2017-05-02,45.2,178930.0,178930.0,-1.54,-3.295,"May 2, 17",2.476923076923077,46.7,46.845,44.755,45.2569
0,2017-05-01,46.74,152524.0,152524.0,0.68,1.476,"May 1, 17",2.5953846153846154,46.33,47.54,45.86,46.6849
0,2017-04-28,46.06,265663.0,265663.0,-3.17,-6.439,"Apr 28, 17",2.5430769230769235,49.21,49.72,45.61,47.1637
0,2017-04-27,49.23,216867.0,216867.0,0.95,1.968,"Apr 27, 17",2.7869230769230766,48.27,49.95,47.7,48.8777
0,2017-04-26,48.28,157913.0,157913.0,-0.01,-0.021,"Apr 26, 17",2.713846153846154,48.26,48.5,47.49,48.1519
0,2017-04-25,48.29,224067.0,224067.0,0.23,0.479,"Apr 25, 17",2.7146153846153847,48.5,48.8,47.805,48.2035
0,2017-04-24,48.06,192540.0,192540.0,0.27,0.565,"Apr 24, 17",2.696923076923077,48.67,48.67,47.65,48.1509
0,2017-04-21,47.79,224526.0,224526.0,1.08,2.312,"Apr 21, 17",2.676153846153846,46.44,48.17,46.44,47.6838
0,2017-04-20,46.71,116903.0,116903.0,0.62,1.345,"Apr 20, 17",2.5930769230769233,46.41,47.72,46.37,46.8895
0,2017-04-19,46.09,112741.0,112741.0,0.99,2.195,"Apr 19, 17",2.5453846153846156,45.5,46.89,45.5,46.0448
0,2017-04-18,45.1,114576.0,114576.0,-0.9,-1.957,"Apr 18, 17",2.4692307692307693,45.5,45.87,44.54,45.0808
0,2017-04-17,46.0,85458.0,85458.0,0.3,0.656,"Apr 17, 17",2.5384615384615383,45.79,46.5997,45.03,45.9658
0,2017-04-13,45.7,109290.0,109290.0,0.58,1.285,"Apr 13, 17",2.5153846153846158,45.0,46.19,44.3,45.6163
0,2017-04-12,45.12,99971.0,99971.0,-1.44,-3.093,"Apr 12, 17",2.4707692307692306,46.41,46.855,45.07,45.7055
0,2017-04-11,46.56,141314.0,141314.0,-1.57,-3.262,"Apr 11, 17",2.581538461538462,47.93,48.5,46.39,47.0013
0,2017-04-10,48.13,246015.0,246015.0,0.33,0.69,"Apr 10, 17",2.7023076923076923,48.05,49.8,47.6201,48.5934
0,2017-04-07,47.8,199976.0,199976.0,3.22,7.223,"Apr 7, 17",2.6769230769230767,44.62,48.06,44.16,46.723
0,2017-04-06,44.58,214886.0,214886.0,1.0,2.295,"Apr 6, 17",2.4292307692307693,43.5,44.62,41.83,43.8202
0,2017-04-05,43.58,407835.0,407835.0,-1.05,-2.353,"Apr 5, 17",2.352307692307692,44.93,46.75,43.3,44.5276
0,2017-04-04,44.63,327667.0,327667.0,1.16,2.669,"Apr 4, 17",2.433076923076923,43.16,44.78,42.62,44.1961
0,2017-04-03,43.47,381716.0,381716.0,1.39,3.303,"Apr 3, 17",2.3438461538461537,44.29,45.2,43.0155,44.2103
0,2017-03-31,42.08,292816.0,292816.0,0.25,0.598,"Mar 31, 17",2.236923076923077,42.0,42.4199,40.52,41.7846
0,2017-03-30,41.83,211067.0,211067.0,-1.04,-2.426,"Mar 30, 17",2.2176923076923076,42.67,43.2074,41.773,42.4919
0,2017-03-29,42.87,151339.0,151339.0,-1.47,-3.315,"Mar 29, 17",2.2976923076923077,44.26,45.4838,42.739,43.5955
0,2017-03-28,44.34,220000.0,220000.0,-1.81,-3.922,"Mar 28, 17",2.410769230769231,46.28,46.88,43.69,44.8212
0,2017-03-27,46.15,108699.0,108699.0,0.55,1.206,"Mar 27, 17",2.55,44.83,46.39,44.43,45.9294
0,2017-03-24,45.6,165349.0,165349.0,1.01,2.265,"Mar 24, 17",2.5076923076923077,44.7,46.08,44.0,45.4022
0,2017-03-23,44.59,174269.0,174269.0,-0.13,-0.291,"Mar 23, 17",2.43,44.47,45.28,43.55,44.2698
0,2017-03-22,44.72,200758.0,200758.0,1.29,2.97,"Mar 22, 17",2.44,43.43,45.31,42.82,44.5478
0,2017-03-21,43.43,362255.0,362255.0,-2.67,-5.792,"Mar 21, 17",2.3407692307692307,46.56,46.56,42.79,44.4944
0,2017-03-20,46.1,196305.0,196305.0,1.58,3.549,"Mar 20, 17",2.5461538461538464,44.67,46.375,43.76,45.5
0,2017-03-17,44.52,849404.0,849404.0,1.89,4.433,"Mar 17, 17",2.424615384615385,42.3,44.53,42.3,44.1321
0,2017-03-16,42.63,125383.0,125383.0,-0.93,-2.135,"Mar 16, 17",2.2792307692307694,43.24,43.85,41.99,42.6596
0,2017-03-15,43.56,140918.0,140918.0,0.79,1.847,"Mar 15, 17",2.350769230769231,43.04,43.795,42.25,43.0991
0,2017-03-14,42.77,368338.0,368338.0,-1.48,-3.345,"Mar 14, 17",2.29,43.9,43.955,42.0,42.8208
0,2017-03-13,44.25,208673.0,208673.0,1.0,2.312,"Mar 13, 17",2.4038461538461537,43.0,44.34,42.7225,43.8302
0,2017-03-10,43.25,269759.0,269759.0,1.15,2.732,"Mar 10, 17",2.326923076923077,40.33,43.48,40.33,42.3438
0,2017-03-09,42.1,215779.0,215779.0,0.25,0.597,"Mar 9, 17",2.2384615384615385,41.68,42.39,41.58,42.0396
0,2017-03-08,41.85,202773.0,202773.0,1.56,3.872,"Mar 8, 17",2.2192307692307693,40.33,42.99,40.13,41.7242
0,2017-03-07,40.29,505513.0,505513.0,-4.54,-10.127,"Mar 7, 17",2.0992307692307692,42.58,43.5948,40.015,41.5821
0,2017-03-06,44.83,146987.0,146987.0,-0.16,-0.356,"Mar 6, 17",2.4484615384615385,45.0,45.47,44.0301,44.8227
0,2017-03-03,44.99,133158.0,133158.0,-0.55,-1.208,"Mar 3, 17",2.460769230769231,45.75,46.55,44.41,44.9091
0,2017-03-02,45.54,170031.0,170031.0,-1.33,-2.838,"Mar 2, 17",2.503076923076923,46.63,47.46,45.5,46.2445
0,2017-03-01,46.87,144419.0,144419.0,2.43,5.468,"Mar 1, 17",2.605384615384615,45.32,47.1,44.6,46.2466
0,2017-02-28,44.44,144172.0,144172.0,-0.97,-2.136,"Feb 28, 17",2.418461538461538,45.61,45.7966,43.95,44.5353
0,2017-02-27,45.41,349059.0,349059.0,3.38,8.042,"Feb 27, 17",2.4930769230769227,42.08,45.82,41.2443,44.8849
0,2017-02-24,42.03,103841.0,103841.0,-0.21,-0.497,"Feb 24, 17",2.233076923076923,41.69,42.329,41.27,41.8615
0,2017-02-23,42.24,168624.0,168624.0,0.22,0.524,"Feb 23, 17",2.2492307692307696,42.19,42.5,41.41,41.9946
0,2017-02-22,42.02,139541.0,139541.0,0.36,0.864,"Feb 22, 17",2.2323076923076925,41.36,42.425,41.22,41.9781
0,2017-02-21,41.66,236297.0,236297.0,-0.08,-0.192,"Feb 21, 17",2.2046153846153844,42.0,42.12,40.94,41.5601
0,2017-02-17,41.74,183421.0,183421.0,0.36,0.87,"Feb 17, 17",2.210769230769231,41.24,42.49,41.16,41.5986
0,2017-02-16,41.38,166379.0,166379.0,-1.16,-2.727,"Feb 16, 17",2.183076923076923,42.54,42.54,40.29,41.1206
0,2017-02-15,42.54,208301.0,208301.0,0.5,1.189,"Feb 15, 17",2.272307692307692,42.12,42.77,41.24,41.832
0,2017-02-14,42.04,337312.0,337312.0,-0.63,-1.476,"Feb 14, 17",2.233846153846154,42.63,43.13,40.59,41.9381
0,2017-02-13,42.67,121524.0,121524.0,-0.26,-0.606,"Feb 13, 17",2.2823076923076924,43.38,43.38,42.1,42.5244
0,2017-02-10,42.93,137972.0,137972.0,-0.72,-1.649,"Feb 10, 17",2.3023076923076924,43.32,43.88,42.9,43.2509
0,2017-02-09,43.65,338131.0,338131.0,2.32,5.613,"Feb 9, 17",2.3576923076923078,41.41,44.9499,41.41,43.6073
0,2017-02-08,41.33,306815.0,306815.0,1.65,4.158,"Feb 8, 17",2.1792307692307693,40.52,42.7,39.8,41.3103
0,2017-02-07,39.68,138852.0,138852.0,-0.02,-0.05,"Feb 7, 17",2.0523076923076924,39.78,40.03,39.05,39.628
0,2017-02-06,39.7,220631.0,220631.0,-0.21,-0.526,"Feb 6, 17",2.053846153846154,39.84,40.4,38.94,39.7197
0,2017-02-03,39.91,160454.0,160454.0,0.09,0.226,"Feb 3, 17",2.07,40.19,40.4482,39.15,39.9077
0,2017-02-02,39.82,272911.0,272911.0,0.29,0.734,"Feb 2, 17",2.063076923076923,39.6,41.25,38.73,39.7651
0,2017-02-01,39.53,196510.0,196510.0,0.3,0.765,"Feb 1, 17",2.040769230769231,39.58,39.985,38.8883,39.3093
0,2017-01-31,39.23,525187.0,525187.0,-0.64,-1.605,"Jan 31, 17",2.0176923076923075,39.94,40.475,38.36,39.2176
0,2017-01-30,39.87,186168.0,186168.0,1.36,3.532,"Jan 30, 17",2.066923076923077,38.59,40.025,37.87,39.1815
0,2017-01-27,38.51,118491.0,118491.0,0.39,1.023,"Jan 27, 17",1.962307692307692,38.09,39.0,37.89,38.4154
0,2017-01-26,38.12,128532.0,128532.0,-0.63,-1.626,"Jan 26, 17",1.932307692307692,38.79,39.205,37.8924,38.2559
0,2017-01-25,38.75,169901.0,169901.0,1.33,3.554,"Jan 25, 17",1.9807692307692308,37.79,39.08,37.14,38.5668
0,2017-01-24,37.42,149469.0,149469.0,-0.93,-2.425,"Jan 24, 17",1.8784615384615386,38.42,38.8699,36.75,37.3013
0,2017-01-23,38.35,236313.0,236313.0,-1.06,-2.69,"Jan 23, 17",1.9500000000000002,39.46,39.87,36.76,38.1067
0,2017-01-20,39.41,205282.0,205282.0,-0.09,-0.228,"Jan 20, 17",2.031538461538461,39.57,39.63,37.51,38.7242
0,2017-01-19,39.5,230791.0,230791.0,-0.62,-1.545,"Jan 19, 17",2.0384615384615383,40.02,41.36,39.41,40.0205
0,2017-01-18,40.12,336700.0,336700.0,2.51,6.674,"Jan 18, 17",2.086153846153846,38.32,40.369,37.69,39.4115
0,2017-01-17,37.61,218766.0,218766.0,-0.55,-1.441,"Jan 17, 17",1.893076923076923,38.08,38.11,36.95,37.4507
0,2017-01-13,38.16,412020.0,412020.0,-1.34,-3.392,"Jan 13, 17",1.935384615384615,39.17,40.55,38.14,38.7852
0,2017-01-12,39.5,217854.0,217854.0,0.86,2.226,"Jan 12, 17",2.0384615384615383,38.16,39.56,37.75,38.9693
0,2017-01-11,38.64,365661.0,365661.0,0.84,2.222,"Jan 11, 17",1.9723076923076923,37.84,38.86,36.71,37.9578
0,2017-01-10,37.8,263590.0,263590.0,0.55,1.477,"Jan 10, 17",1.9076923076923076,37.5,37.81,36.4,37.1489
0,2017-01-09,37.25,636447.0,636447.0,2.88,8.379,"Jan 9, 17",1.8653846153846154,34.5,37.7,34.5,36.5886
0,2017-01-06,34.37,386362.0,386362.0,1.12,3.368,"Jan 6, 17",1.6438461538461537,34.05,34.76,33.16,34.2356
0,2017-01-05,33.25,1272056.0,1272056.0,0.56,1.713,"Jan 5, 17",1.5576923076923077,33.4,36.05,32.72,33.7824
0,2017-01-04,32.69,122947.0,122947.0,1.64,5.282,"Jan 4, 17",1.5146153846153845,31.01,33.3,31.01,32.5159
0,2017-01-03,31.05,285865.0,285865.0,-1.065,-3.316,"Jan 3, 17",1.3884615384615384,31.83,32.875,30.51,31.0775
0,2016-12-30,32.115,220314.0,220314.0,-1.185,-3.559,"Dec 30, 16",1.4703846153846156,33.3,33.435,31.48,32.0993
0,2016-12-29,33.3,231279.0,231279.0,-0.73,-2.145,"Dec 29, 16",1.5615384615384613,33.92,34.88,33.15,33.9897
0,2016-12-28,34.03,186057.0,186057.0,0.1,0.295,"Dec 28, 16",1.6176923076923078,33.91,34.905,33.321,34.1689
0,2016-12-27,33.93,138547.0,138547.0,-1.04,-2.974,"Dec 27, 16",1.6099999999999999,35.0,35.0,33.89,34.2995
0,2016-12-23,34.97,194131.0,194131.0,1.16,3.431,"Dec 23, 16",1.69,33.87,35.49,33.87,34.9657
0,2016-12-22,33.81,131389.0,131389.0,0.13,0.386,"Dec 22, 16",1.600769230769231,33.68,34.01,33.35,33.697
0,2016-12-21,33.68,283216.0,283216.0,-0.4,-1.174,"Dec 21, 16",1.5907692307692307,33.97,34.3,33.05,33.7188
0,2016-12-20,34.08,646356.0,646356.0,0.22,0.65,"Dec 20, 16",1.6215384615384614,33.31,34.66,32.77,33.6371
0,2016-12-19,33.86,2465724.0,2465724.0,6.95,25.827,"Dec 19, 16",1.6046153846153846,30.23,36.71,30.01,34.3292
0,2016-12-16,26.91,872323.0,872323.0,0.12,0.448,"Dec 16, 16",1.07,26.83,27.6,26.1103,26.9283
0,2016-12-15,26.79,160324.0,160324.0,-0.1,-0.372,"Dec 15, 16",1.0607692307692307,26.89,27.13,26.36,26.7211
0,2016-12-14,26.89,171679.0,171679.0,1.26,4.916,"Dec 14, 16",1.0684615384615386,25.58,27.02,25.25,26.1918
0,2016-12-13,25.63,117365.0,117365.0,-0.3,-1.157,"Dec 13, 16",0.9715384615384615,26.2,26.9,25.54,25.8498
0,2016-12-12,25.93,148972.0,148972.0,-0.53,-2.003,"Dec 12, 16",0.9946153846153846,26.43,27.2,25.85,26.1572
0,2016-12-09,26.46,78932.0,78932.0,0.26,0.992,"Dec 9, 16",1.0353846153846153,26.03,27.125,25.98,26.5387
0,2016-12-08,26.2,62609.0,62609.0,0.19,0.73,"Dec 8, 16",1.0153846153846153,25.97,26.52,25.55,25.9747
0,2016-12-07,26.01,87722.0,87722.0,-0.26,-0.99,"Dec 7, 16",1.0007692307692309,26.17,26.5,25.36,26.0117
0,2016-12-06,26.27,83109.0,83109.0,0.09,0.344,"Dec 6, 16",1.0207692307692307,26.36,26.725,25.88,26.3802
0,2016-12-05,26.18,116667.0,116667.0,-0.61,-2.277,"Dec 5, 16",1.0138461538461538,26.68,27.59,25.95,26.3385
0,2016-12-02,26.79,175704.0,175704.0,0.24,0.904,"Dec 2, 16",1.0607692307692307,26.04,26.94,25.92,26.3966
0,2016-12-01,26.55,138067.0,138067.0,-1.01,-3.665,"Dec 1, 16",1.0423076923076924,27.38,27.8,26.0,26.5489
0,2016-11-30,27.56,82341.0,82341.0,-1.41,-4.867,"Nov 30, 16",1.1199999999999999,29.13,29.13,27.13,27.7296
0,2016-11-29,28.97,155741.0,155741.0,-0.12,-0.413,"Nov 29, 16",1.2284615384615383,29.09,29.43,28.84,29.0381
0,2016-11-28,29.09,115448.0,115448.0,-0.7,-2.35,"Nov 28, 16",1.2376923076923076,29.31,29.57,28.73,29.0765
0,2016-11-25,29.79,35334.0,35334.0,0.1,0.337,"Nov 25, 16",1.2915384615384615,29.75,29.93,29.02,29.7516
0,2016-11-23,29.69,134044.0,134044.0,0.83,2.876,"Nov 23, 16",1.2838461538461539,28.45,29.965,27.73,29.3041
0,2016-11-22,28.86,198466.0,198466.0,0.47,1.656,"Nov 22, 16",1.22,28.35,29.09,27.825,28.4263
0,2016-11-21,28.39,84862.0,84862.0,0.26,0.924,"Nov 21, 16",1.183846153846154,28.26,28.575,27.29,28.2789
0,2016-11-18,28.13,81033.0,81033.0,0.36,1.296,"Nov 18, 16",1.1638461538461538,27.7,28.41,27.05,27.7805
0,2016-11-17,27.77,92896.0,92896.0,0.36,1.313,"Nov 17, 16",1.136153846153846,27.58,27.97,27.05,27.5375
0,2016-11-16,27.41,194536.0,194536.0,-1.68,-5.775,"Nov 16, 16",1.1084615384615384,28.51,28.75,26.32,27.5182
0,2016-11-15,29.09,177999.0,177999.0,-0.05,-0.172,"Nov 15, 16",1.2376923076923076,28.84,29.61,28.45,29.1348
0,2016-11-14,29.14,142432.0,142432.0,1.28,4.594,"Nov 14, 16",1.2415384615384615,28.12,29.29,26.47,28.1401
0,2016-11-11,27.86,132813.0,132813.0,3.6,14.839,"Nov 11, 16",1.143076923076923,24.36,27.89,23.86,26.778
0,2016-11-10,24.26,103543.0,103543.0,1.52,6.684,"Nov 10, 16",0.8661538461538463,23.07,25.0,22.66,24.19
0,2016-11-09,22.74,88313.0,88313.0,3.02,15.314,"Nov 9, 16",0.7492307692307691,20.03,22.83,20.03,21.8821
0,2016-11-08,19.72,52000.0,52000.0,0.06,0.305,"Nov 8, 16",0.5169230769230768,19.54,19.995,19.031,19.6059
0,2016-11-07,19.66,122483.0,122483.0,-0.11,-0.556,"Nov 7, 16",0.5123076923076924,20.05,20.19,19.485,19.7356
0,2016-11-04,19.77,124099.0,124099.0,2.04,11.506,"Nov 4, 16",0.5207692307692308,17.82,19.99,17.34,19.2528
0,2016-11-03,17.73,81198.0,81198.0,-0.68,-3.694,"Nov 3, 16",0.3638461538461539,18.37,18.55,17.14,17.8684
0,2016-11-02,18.41,106728.0,106728.0,-2.08,-10.151,"Nov 2, 16",0.41615384615384615,20.41,20.8089,18.35,18.8201
0,2016-11-01,20.49,53155.0,53155.0,-0.37,-1.774,"Nov 1, 16",0.576153846153846,21.0,21.17,20.12,20.6371
0,2016-10-31,20.86,63042.0,63042.0,-0.07,-0.334,"Oct 31, 16",0.6046153846153846,20.43,22.02,20.43,20.9803
0,2016-10-28,20.93,35224.0,35224.0,-0.48,-2.242,"Oct 28, 16",0.61,21.35,21.43,20.56,20.963
0,2016-10-27,21.41,77288.0,77288.0,-1.3,-5.724,"Oct 27, 16",0.6469230769230769,22.8,23.88,21.1317,21.6841
0,2016-10-26,22.71,136013.0,136013.0,1.86,8.921,"Oct 26, 16",0.746923076923077,20.91,23.04,20.8472,22.1295
0,2016-10-25,20.85,35498.0,35498.0,-0.19,-0.903,"Oct 25, 16",0.6038461538461539,21.01,21.15,20.44,20.7308
0,2016-10-24,21.04,20692.0,20692.0,-0.38,-1.774,"Oct 24, 16",0.6184615384615384,21.66,21.66,20.95,21.1859
0,2016-10-21,21.42,25244.0,25244.0,-0.24,-1.108,"Oct 21, 16",0.6476923076923078,21.45,21.77,20.951,21.3727
0,2016-10-20,21.66,23761.0,23761.0,0.38,1.786,"Oct 20, 16",0.6661538461538462,21.22,21.91,21.07,21.524
0,2016-10-19,21.28,38796.0,38796.0,-0.39,-1.8,"Oct 19, 16",0.636923076923077,21.24,21.47,20.96,21.2163
0,2016-10-18,21.67,50292.0,50292.0,0.54,2.556,"Oct 18, 16",0.6669230769230771,21.5,22.03,21.26,21.7306
0,2016-10-17,21.13,88852.0,88852.0,0.02,0.095,"Oct 17, 16",0.6253846153846153,20.63,21.55,20.42,21.0392
0,2016-10-14,21.11,48485.0,48485.0,-0.7,-3.21,"Oct 14, 16",0.6238461538461538,21.8,21.8,21.01,21.3384
0,2016-10-13,21.81,76330.0,76330.0,-0.1,-0.456,"Oct 13, 16",0.6776923076923076,21.58,22.31,21.58,21.9405
0,2016-10-12,21.91,113100.0,113100.0,0.12,0.551,"Oct 12, 16",0.6853846153846154,21.71,22.3,21.53,21.8587
0,2016-10-11,21.79,60860.0,60860.0,-0.85,-3.754,"Oct 11, 16",0.6761538461538461,22.64,22.8,21.54,22.0207
0,2016-10-10,22.64,75216.0,75216.0,0.38,1.707,"Oct 10, 16",0.7415384615384616,22.53,23.28,22.31,22.7019
0,2016-10-07,22.26,67604.0,67604.0,-0.75,-3.259,"Oct 7, 16",0.7123076923076924,23.05,23.52,22.0,22.4904
0,2016-10-06,23.01,53627.0,53627.0,-0.51,-2.168,"Oct 6, 16",0.7700000000000001,23.28,23.735,22.7,22.991
0,2016-10-05,23.52,79785.0,79785.0,0.55,2.394,"Oct 5, 16",0.8092307692307692,22.94,23.8,22.74,23.5055
0,2016-10-04,22.97,106935.0,106935.0,-0.98,-4.092,"Oct 4, 16",0.7669230769230768,24.12,25.625,22.695,23.1965
0,2016-10-03,23.95,177277.0,177277.0,-2.23,-8.518,"Oct 3, 16",0.8423076923076922,25.96,26.2,23.79,24.1731
0,2016-09-30,26.18,84858.0,84858.0,0.71,2.788,"Sep 30, 16",1.0138461538461538,25.54,26.4,25.1,25.9199
0,2016-09-29,25.47,49856.0,49856.0,-0.91,-3.45,"Sep 29, 16",0.9592307692307691,26.37,26.37,25.38,25.6436
0,2016-09-28,26.38,39188.0,39188.0,0.01,0.038,"Sep 28, 16",1.0292307692307692,26.39,26.63,26.05,26.3065
0,2016-09-27,26.37,56966.0,56966.0,0.13,0.495,"Sep 27, 16",1.0284615384615385,26.28,26.47,25.895,26.1662
0,2016-09-26,26.24,30788.0,30788.0,-0.62,-2.308,"Sep 26, 16",1.0184615384615383,26.67,26.73,26.19,26.4292
0,2016-09-23,26.86,64134.0,64134.0,-0.14,-0.519,"Sep 23, 16",1.066153846153846,27.0,27.4018,26.55,26.9488
0,2016-09-22,27.0,104631.0,104631.0,0.43,1.618,"Sep 22, 16",1.0769230769230769,26.33,27.3,25.9,26.7444
0,2016-09-21,26.57,105332.0,105332.0,-0.16,-0.599,"Sep 21, 16",1.0438461538461539,26.44,26.8,25.82,26.2881
0,2016-09-20,26.73,49107.0,49107.0,0.28,1.059,"Sep 20, 16",1.0561538461538462,26.78,26.99,25.7414,26.7541
0,2016-09-19,26.45,72478.0,72478.0,-0.55,-2.037,"Sep 19, 16",1.0346153846153845,27.08,27.3,26.18,26.6774
0,2016-09-16,27.0,96588.0,96588.0,0.0,0.0,"Sep 16, 16",1.0769230769230769,27.13,27.49,26.635,27.0252
0,2016-09-15,27.0,104037.0,104037.0,0.58,2.195,"Sep 15, 16",1.0769230769230769,26.33,27.44,26.31,26.9293
0,2016-09-14,26.42,56937.0,56937.0,1.07,4.221,"Sep 14, 16",1.0323076923076924,25.38,26.62,25.2566,26.1878
0,2016-09-13,25.35,44952.0,44952.0,-1.64,-6.076,"Sep 13, 16",0.9500000000000001,26.79,27.23,25.25,25.7373
0,2016-09-12,26.99,77231.0,77231.0,0.09,0.335,"Sep 12, 16",1.076153846153846,26.91,27.42,26.76,27.0503
0,2016-09-09,26.9,123911.0,123911.0,-1.84,-6.402,"Sep 9, 16",1.0692307692307692,28.32,28.32,26.52,27.2328
0,2016-09-08,28.74,176161.0,176161.0,-1.35,-4.487,"Sep 8, 16",1.2107692307692306,29.71,30.09,28.395,29.087
0,2016-09-07,30.09,96133.0,96133.0,0.48,1.621,"Sep 7, 16",1.3146153846153845,29.65,30.19,29.495,29.9524
0,2016-09-06,29.61,83280.0,83280.0,1.58,5.637,"Sep 6, 16",1.2776923076923077,28.36,29.72,28.3357,29.1405
0,2016-09-02,28.03,41294.0,41294.0,0.43,1.558,"Sep 2, 16",1.1561538461538463,27.8,28.27,27.06,27.9507
0,2016-09-01,27.6,22727.0,22727.0,0.06,0.218,"Sep 1, 16",1.123076923076923,27.45,27.75,27.04,27.4615
0,2016-08-31,27.54,41384.0,41384.0,-0.24,-0.864,"Aug 31, 16",1.1184615384615384,27.3855,27.79,26.71,27.397
0,2016-08-30,27.78,31968.0,31968.0,0.71,2.623,"Aug 30, 16",1.136923076923077,27.26,27.93,26.8,27.6193
0,2016-08-29,27.07,91610.0,91610.0,0.43,1.614,"Aug 29, 16",1.0823076923076924,26.69,27.21,26.28,26.942
0,2016-08-26,26.64,32194.0,32194.0,-0.1,-0.374,"Aug 26, 16",1.0492307692307692,26.76,27.31,26.22,26.5987
0,2016-08-25,26.74,56060.0,56060.0,0.1,0.375,"Aug 25, 16",1.0569230769230769,26.79,27.03,26.375,26.727
0,2016-08-24,26.64,87438.0,87438.0,0.85,3.296,"Aug 24, 16",1.0492307692307692,25.97,26.89,25.74,26.4636
0,2016-08-23,25.79,36635.0,36635.0,0.26,1.018,"Aug 23, 16",0.9838461538461538,25.789,26.1,25.49,25.8199
0,2016-08-22,25.53,36306.0,36306.0,0.65,2.613,"Aug 22, 16",0.9638461538461539,25.315,25.61,25.015,25.3499
0,2016-08-19,24.88,50182.0,50182.0,-0.89,-3.454,"Aug 19, 16",0.9138461538461538,25.75,27.68,24.52,25.2268
0,2016-08-18,25.77,25660.0,25660.0,0.29,1.138,"Aug 18, 16",0.9823076923076923,27.49,27.49,25.42,25.9125
0,2016-08-17,25.48,63963.0,63963.0,-0.63,-2.413,"Aug 17, 16",0.9600000000000001,26.05,26.3799,25.03,25.652
0,2016-08-16,26.11,68251.0,68251.0,-0.78,-2.901,"Aug 16, 16",1.0084615384615385,26.9,27.42,26.03,26.3866
0,2016-08-15,26.89,53424.0,53424.0,0.7,2.673,"Aug 15, 16",1.0684615384615386,26.22,27.06,26.02,26.7263
0,2016-08-12,26.19,38543.0,38543.0,0.1,0.383,"Aug 12, 16",1.0146153846153847,26.0,26.67,25.26,26.1534
0,2016-08-11,26.09,57754.0,57754.0,0.26,1.007,"Aug 11, 16",1.0069230769230768,26.06,26.38,25.31,25.9914
0,2016-08-10,25.83,581203.0,581203.0,-1.6,-5.833,"Aug 10, 16",0.9869230769230768,27.34,27.45,25.83,26.9158
0,2016-08-09,27.43,62624.0,62624.0,0.17,0.624,"Aug 9, 16",1.1099999999999999,27.23,27.78,26.675,27.2615
0,2016-08-08,27.26,48676.0,48676.0,-0.88,-3.127,"Aug 8, 16",1.0969230769230771,28.1799,28.1799,27.02,27.3961
0,2016-08-05,28.14,70725.0,70725.0,0.61,2.216,"Aug 5, 16",1.1646153846153846,27.74,28.26,27.22,27.8765
0,2016-08-04,27.53,119320.0,119320.0,1.49,5.722,"Aug 4, 16",1.1176923076923078,26.36,28.3,26.36,27.5566
0,2016-08-03,26.04,59323.0,59323.0,0.37,1.441,"Aug 3, 16",1.003076923076923,25.37,26.11,24.96,25.7592
0,2016-08-02,25.67,32416.0,32416.0,-0.02,-0.078,"Aug 2, 16",0.9746153846153848,25.75,25.87,25.01,25.5275
0,2016-08-01,25.69,76873.0,76873.0,-0.03,-0.117,"Aug 1, 16",0.9761538461538463,25.84,26.12,25.37,25.6344
0,2016-07-29,25.72,45914.0,45914.0,0.53,2.104,"Jul 29, 16",0.9784615384615384,25.0,25.96,24.93,25.6568
0,2016-07-28,25.19,36223.0,36223.0,-0.34,-1.332,"Jul 28, 16",0.9376923076923078,25.62,25.62,24.94,25.245
0,2016-07-27,25.53,68351.0,68351.0,0.29,1.149,"Jul 27, 16",0.9638461538461539,25.26,25.7,25.0,25.3644
0,2016-07-26,25.24,275016.0,275016.0,0.17,0.678,"Jul 26, 16",0.9415384615384614,25.01,25.35,24.621,25.0311
0,2016-07-25,25.07,62395.0,62395.0,-0.12,-0.476,"Jul 25, 16",0.9284615384615384,25.18,25.27,24.27,24.7076
0,2016-07-22,25.19,88913.0,88913.0,0.58,2.357,"Jul 22, 16",0.9376923076923078,24.84,25.55,24.75,25.0832
0,2016-07-21,24.61,67452.0,67452.0,-0.25,-1.006,"Jul 21, 16",0.893076923076923,25.06,25.36,24.21,24.7568
0,2016-07-20,24.86,35344.0,35344.0,0.74,3.068,"Jul 20, 16",0.9123076923076923,24.13,24.98,23.665,24.7724
0,2016-07-19,24.12,89462.0,89462.0,-1.38,-5.412,"Jul 19, 16",0.8553846153846154,25.51,25.6,23.99,24.4458
0,2016-07-18,25.5,64414.0,64414.0,-0.3,-1.163,"Jul 18, 16",0.9615384615384616,25.76,25.78,24.82,25.3976
0,2016-07-15,25.8,43489.0,43489.0,0.41,1.615,"Jul 15, 16",0.9846153846153847,25.57,25.93,25.04,25.5708
0,2016-07-14,25.39,125870.0,125870.0,-1.18,-4.441,"Jul 14, 16",0.9530769230769232,26.81,26.82,24.775,25.5173
0,2016-07-13,26.57,340467.0,340467.0,1.5,5.983,"Jul 13, 16",1.0438461538461539,27.03,28.2399,26.31,27.0671
0,2016-07-12,25.07,58302.0,58302.0,0.29,1.17,"Jul 12, 16",0.9284615384615384,24.98,25.39,24.62,25.0674
0,2016-07-11,24.78,32154.0,32154.0,-0.05,-0.201,"Jul 11, 16",0.9061538461538462,25.03,25.17,24.46,24.8648
0,2016-07-08,24.83,81932.0,81932.0,0.79,3.286,"Jul 8, 16",0.9099999999999999,24.11,24.86,23.75,24.3682
0,2016-07-07,24.04,35765.0,35765.0,0.04,0.167,"Jul 7, 16",0.8492307692307691,24.19,24.23,23.44,23.8613
0,2016-07-06,24.0,69919.0,69919.0,0.86,3.717,"Jul 6, 16",0.8461538461538461,22.93,24.21,22.93,23.7207
0,2016-07-05,23.14,103183.0,103183.0,-0.02,-0.086,"Jul 5, 16",0.78,23.0,23.62,22.88,23.207
0,2016-07-01,23.16,123618.0,123618.0,-0.02,-0.086,"Jul 1, 16",0.7815384615384615,23.14,23.73,22.62,23.1766
0,2016-06-30,23.18,132767.0,132767.0,-0.43,-1.821,"Jun 30, 16",0.783076923076923,23.98,24.06,22.84,23.2457
0,2016-06-29,23.61,35818.0,35818.0,0.73,3.191,"Jun 29, 16",0.8161538461538461,23.07,23.79,22.87,23.3957
0,2016-06-28,22.88,57171.0,57171.0,0.88,4.0,"Jun 28, 16",0.7599999999999999,22.17,23.65,22.17,22.9807
0,2016-06-27,22.0,150139.0,150139.0,-1.53,-6.502,"Jun 27, 16",0.6923076923076923,23.36,23.48,21.76,22.3085
0,2016-06-24,23.53,709464.0,709464.0,-0.53,-2.203,"Jun 24, 16",0.81,22.9,23.65,22.0801,23.4668
0,2016-06-23,24.06,116276.0,116276.0,0.02,0.083,"Jun 23, 16",0.8507692307692307,24.22,24.76,23.965,24.1909
0,2016-06-22,24.04,94352.0,94352.0,-0.35,-1.435,"Jun 22, 16",0.8492307692307691,24.26,24.8,23.83,24.112
0,2016-06-21,24.39,56033.0,56033.0,0.4,1.667,"Jun 21, 16",0.8761538461538462,24.18,24.52,23.48,24.0177
0,2016-06-20,23.99,48196.0,48196.0,0.42,1.782,"Jun 20, 16",0.8453846153846153,23.86,24.59,23.64,24.0614
0,2016-06-17,23.57,168318.0,168318.0,-1.24,-4.998,"Jun 17, 16",0.8130769230769231,24.9,24.9,23.06,23.8142
0,2016-06-16,24.81,69260.0,69260.0,0.17,0.69,"Jun 16, 16",0.9084615384615383,24.5,24.95,24.27,24.6141
0,2016-06-15,24.64,64992.0,64992.0,0.49,2.029,"Jun 15, 16",0.8953846153846154,24.27,25.23,24.27,24.635
0,2016-06-14,24.15,132780.0,132780.0,-0.06,-0.248,"Jun 14, 16",0.8576923076923075,24.16,24.64,23.14,24.0487
0,2016-06-13,24.21,82660.0,82660.0,0.03,0.124,"Jun 13, 16",0.8623076923076923,24.06,24.87,23.5,24.1925
0,2016-06-10,24.18,73595.0,73595.0,-0.43,-1.747,"Jun 10, 16",0.86,24.26,24.6125,23.6,24.1615
0,2016-06-09,24.61,48330.0,48330.0,-0.6,-2.38,"Jun 9, 16",0.893076923076923,25.03,25.2,24.47,24.8382
0,2016-06-08,25.21,83056.0,83056.0,-0.82,-3.15,"Jun 8, 16",0.9392307692307693,26.06,26.06,25.15,25.495
0,2016-06-07,26.03,80591.0,80591.0,-0.89,-3.306,"Jun 7, 16",1.0023076923076923,26.9,26.9,25.76,26.2197
0,2016-06-06,26.92,126324.0,126324.0,-0.33,-1.211,"Jun 6, 16",1.070769230769231,27.53,27.53,26.22,26.9385
0,2016-06-03,27.25,55279.0,55279.0,-1.39,-4.853,"Jun 3, 16",1.0961538461538463,28.62,28.62,27.1,27.4414
0,2016-06-02,28.64,78049.0,78049.0,0.91,3.282,"Jun 2, 16",1.2030769230769232,27.71,28.78,27.48,28.4187
0,2016-06-01,27.73,82148.0,82148.0,0.73,2.704,"Jun 1, 16",1.133076923076923,27.02,27.93,26.7701,27.4927
0,2016-05-31,27.0,239744.0,239744.0,0.67,2.545,"May 31, 16",1.0769230769230769,26.75,27.23,26.31,26.9143
0,2016-05-27,26.33,55533.0,55533.0,-0.42,-1.57,"May 27, 16",1.0253846153846153,26.86,26.86,24.74,26.1603
0,2016-05-26,26.75,52800.0,52800.0,-0.57,-2.086,"May 26, 16",1.0576923076923077,27.46,27.46,26.65,26.9502
0,2016-05-25,27.32,102800.0,102800.0,0.86,3.25,"May 25, 16",1.1015384615384616,26.65,27.37,26.31,26.9661
0,2016-05-24,26.46,108117.0,108117.0,0.39,1.496,"May 24, 16",1.0353846153846153,26.32,26.71,25.62,26.2948
0,2016-05-23,26.07,118985.0,118985.0,0.68,2.678,"May 23, 16",1.0053846153846153,25.51,26.65,25.51,26.1729
0,2016-05-20,25.39,278656.0,278656.0,-0.66,-2.534,"May 20, 16",0.9530769230769232,26.24,26.44,25.28,25.731
0,2016-05-19,26.05,167661.0,167661.0,0.36,1.401,"May 19, 16",1.0038461538461538,25.61,26.331,24.83,25.6931
0,2016-05-18,25.69,185881.0,185881.0,1.75,7.31,"May 18, 16",0.9761538461538463,23.88,26.03,23.59,25.5506
0,2016-05-17,23.94,125941.0,125941.0,-0.25,-1.033,"May 17, 16",0.8415384615384617,24.13,24.33,23.6601,24.0121
0,2016-05-16,24.19,139701.0,139701.0,0.79,3.376,"May 16, 16",0.8607692307692308,23.65,24.22,23.36,23.7336
0,2016-05-13,23.4,124381.0,124381.0,-0.16,-0.679,"May 13, 16",0.7999999999999999,23.55,23.94,22.99,23.4798
0,2016-05-12,23.56,480149.0,480149.0,1.12,4.991,"May 12, 16",0.8123076923076922,22.1,23.69,21.95,22.9174
0,2016-05-11,22.44,81992.0,81992.0,-1.27,-5.356,"May 11, 16",0.7261538461538463,23.48,23.8799,22.38,23.1357
0,2016-05-10,23.71,71835.0,71835.0,0.0,0.0,"May 10, 16",0.8238461538461539,23.77,25.61,23.03,23.7242
0,2016-05-09,23.71,97753.0,97753.0,1.61,7.285,"May 9, 16",0.8238461538461539,22.29,24.22,22.29,23.3695
0,2016-05-06,22.1,94699.0,94699.0,-0.02,-0.09,"May 6, 16",0.7000000000000001,21.96,22.499,21.8,22.1276
0,2016-05-05,22.12,96482.0,96482.0,-0.23,-1.029,"May 5, 16",0.7015384615384617,22.45,22.85,21.64,22.249
0,2016-05-04,22.35,180286.0,180286.0,-2.15,-8.776,"May 4, 16",0.7192307692307693,21.56,24.28,21.56,22.7376
0,2016-05-03,24.5,115049.0,115049.0,-0.48,-1.922,"May 3, 16",0.8846153846153846,24.6,25.11,23.9,24.4071
0,2016-05-02,24.98,155345.0,155345.0,1.93,8.373,"May 2, 16",0.9215384615384615,23.04,25.1,22.94,24.2247
0,2016-04-29,23.05,200910.0,200910.0,-0.45,-1.915,"Apr 29, 16",0.7730769230769231,23.58,23.82,22.48,23.0479
0,2016-04-28,23.5,92644.0,92644.0,-0.02,-0.085,"Apr 28, 16",0.8076923076923077,23.49,23.82,23.02,23.3784
0,2016-04-27,23.52,105095.0,105095.0,-0.92,-3.764,"Apr 27, 16",0.8092307692307692,24.49,24.5,23.13,23.644
0,2016-04-26,24.44,117488.0,117488.0,-0.72,-2.862,"Apr 26, 16",0.8800000000000001,25.2,25.325,23.76,24.1112
0,2016-04-25,25.16,65885.0,65885.0,-0.34,-1.333,"Apr 25, 16",0.9353846153846154,25.52,25.6,24.92,25.3618
0,2016-04-22,25.5,59933.0,59933.0,0.61,2.451,"Apr 22, 16",0.9615384615384616,24.71,25.74,24.6,25.05
0,2016-04-21,24.89,99857.0,99857.0,0.64,2.639,"Apr 21, 16",0.9146153846153846,24.19,24.95,23.85,24.6303
0,2016-04-20,24.25,137522.0,137522.0,0.13,0.539,"Apr 20, 16",0.8653846153846154,24.13,24.83,23.3,24.0869
0,2016-04-19,24.12,336675.0,336675.0,-2.13,-8.114,"Apr 19, 16",0.8553846153846154,26.43,26.51,23.34,24.309
0,2016-04-18,26.25,540734.0,540734.0,0.33,1.273,"Apr 18, 16",1.0192307692307692,29.85,30.4,26.07,28.3427
0,2016-04-15,25.92,70152.0,70152.0,-0.21,-0.804,"Apr 15, 16",0.9938461538461539,25.97,26.01,25.32,25.7103
0,2016-04-14,26.13,74140.0,74140.0,0.93,3.69,"Apr 14, 16",1.01,25.27,26.21,24.81,25.7902
0,2016-04-13,25.2,122098.0,122098.0,0.67,2.731,"Apr 13, 16",0.9384615384615385,24.67,25.24,24.0,24.7399
0,2016-04-12,24.53,61503.0,61503.0,-0.32,-1.288,"Apr 12, 16",0.886923076923077,24.83,25.19,24.0,24.4545
0,2016-04-11,24.85,139689.0,139689.0,-0.42,-1.662,"Apr 11, 16",0.9115384615384616,25.09,25.33,24.42,24.7415
0,2016-04-08,25.27,80988.0,80988.0,-1.15,-4.353,"Apr 8, 16",0.9438461538461538,26.79,26.79,25.02,25.6873
0,2016-04-07,26.42,66576.0,66576.0,-0.52,-1.93,"Apr 7, 16",1.0323076923076924,26.7,27.24,26.02,26.3497
0,2016-04-06,26.94,129918.0,129918.0,0.12,0.447,"Apr 6, 16",1.0723076923076924,26.85,27.77,24.19,26.998
0,2016-04-05,26.82,61249.0,61249.0,-0.23,-0.85,"Apr 5, 16",1.063076923076923,26.91,27.64,26.78,27.169
0,2016-04-04,27.05,132517.0,132517.0,-0.935,-3.341,"Apr 4, 16",1.080769230769231,28.12,28.905,27.02,27.8318
0,2016-04-01,27.985,173804.0,173804.0,0.645,2.359,"Apr 1, 16",1.1526923076923077,27.34,28.5,26.99,27.9625
0,2016-03-31,27.34,334838.0,334838.0,1.8,7.048,"Mar 31, 16",1.103076923076923,25.87,27.72,25.87,27.0633
0,2016-03-30,25.54,127043.0,127043.0,0.06,0.235,"Mar 30, 16",0.9646153846153845,25.6431,26.2899,24.874,25.4245
0,2016-03-29,25.48,115412.0,115412.0,0.36,1.433,"Mar 29, 16",0.9600000000000001,25.04,25.48,23.81,25.0725
0,2016-03-28,25.12,199305.0,199305.0,0.43,1.742,"Mar 28, 16",0.9323076923076924,24.62,25.43,24.475,24.9894
0,2016-03-24,24.69,96880.0,96880.0,0.85,3.565,"Mar 24, 16",0.8992307692307693,23.61,24.92,23.07,24.2246
0,2016-03-23,23.84,224897.0,224897.0,-0.19,-0.791,"Mar 23, 16",0.8338461538461538,23.95,24.626,22.945,23.7716
0,2016-03-22,24.03,274801.0,274801.0,1.73,7.758,"Mar 22, 16",0.8484615384615386,22.42,24.405,22.42,23.5953
0,2016-03-21,22.3,160868.0,160868.0,0.89,4.157,"Mar 21, 16",0.7153846153846154,21.3,23.4,21.3,22.3865
0,2016-03-18,21.41,452955.0,452955.0,1.0,4.9,"Mar 18, 16",0.6469230769230769,20.65,21.705,20.25,20.9654
0,2016-03-17,20.41,150485.0,150485.0,0.07,0.344,"Mar 17, 16",0.5700000000000001,20.22,20.46,19.55,20.0755
0,2016-03-16,20.34,233242.0,233242.0,1.02,5.28,"Mar 16, 16",0.5646153846153846,19.05,21.64,18.53,20.5055
0,2016-03-15,19.32,210437.0,210437.0,-1.39,-6.712,"Mar 15, 16",0.48615384615384616,17.34,19.51,16.5,18.6561
0,2016-03-14,20.71,45745.0,45745.0,0.25,1.222,"Mar 14, 16",0.5930769230769232,21.0799,21.22,20.04,20.7262
0,2016-03-11,20.46,47369.0,47369.0,0.89,4.548,"Mar 11, 16",0.5738461538461539,19.72,20.64,18.5,20.129
0,2016-03-10,19.57,57236.0,57236.0,-0.48,-2.394,"Mar 10, 16",0.5053846153846154,20.28,20.9,18.755,19.5453
0,2016-03-09,20.05,48553.0,48553.0,-0.09,-0.447,"Mar 9, 16",0.5423076923076924,20.21,20.27,19.5,19.9488
0,2016-03-08,20.14,101032.0,101032.0,-1.15,-5.402,"Mar 8, 16",0.5492307692307693,21.19,21.3,19.56,20.165
0,2016-03-07,21.29,33866.0,33866.0,1.15,5.71,"Mar 7, 16",0.6376923076923077,19.99,21.37,19.55,20.9769
0,2016-03-04,20.14,62939.0,62939.0,-0.27,-1.323,"Mar 4, 16",0.5492307692307693,20.3,21.2,20.0,20.5728
0,2016-03-03,20.41,51020.0,51020.0,-0.49,-2.344,"Mar 3, 16",0.5700000000000001,20.78,21.35,20.075,20.4508
0,2016-03-02,20.9,88067.0,88067.0,1.56,8.066,"Mar 2, 16",0.6076923076923075,19.23,21.68,18.67,20.6209
0,2016-03-01,19.34,99647.0,99647.0,0.55,2.927,"Mar 1, 16",0.4876923076923077,19.09,20.04,18.4,19.2523
0,2016-02-29,18.79,134651.0,134651.0,-0.09,-0.477,"Feb 29, 16",0.4453846153846153,18.86,19.37,18.56,18.7821
0,2016-02-26,18.88,63524.0,63524.0,0.02,0.106,"Feb 26, 16",0.45230769230769224,18.98,19.445,18.32,18.8268
0,2016-02-25,18.86,101977.0,101977.0,-0.36,-1.873,"Feb 25, 16",0.4507692307692307,19.28,19.3,18.3,18.768
0,2016-02-24,19.22,74147.0,74147.0,0.26,1.371,"Feb 24, 16",0.4784615384615384,18.73,19.5869,18.09,18.7278
0,2016-02-23,18.96,195966.0,195966.0,-0.59,-3.018,"Feb 23, 16",0.45846153846153853,19.52,19.86,18.46,18.9422
0,2016-02-22,19.55,106435.0,106435.0,0.39,2.035,"Feb 22, 16",0.5038461538461539,19.28,19.655,18.98,19.3712
0,2016-02-19,19.16,66516.0,66516.0,0.29,1.537,"Feb 19, 16",0.47384615384615386,18.61,19.41,18.425,18.9826
0,2016-02-18,18.87,103205.0,103205.0,-0.26,-1.359,"Feb 18, 16",0.4515384615384616,19.16,19.5,18.43,18.8253
0,2016-02-17,19.13,63495.0,63495.0,1.16,6.455,"Feb 17, 16",0.47153846153846146,18.11,19.3,17.99,18.7795
