,date,open,high,low,close,adjClose,change,changePercent,label,changeOverTime,volume,unadjustedVolume,vwap
0,2020-12-29,0.258,0.258,0.258,0.258,0.258,0.0,0.0,"December 29, 20",0.0,,,
0,2020-12-28,0.258,0.258,0.258,0.258,0.258,0.0,0.0,"December 28, 20",0.0,,,
0,2020-12-24,0.258,0.258,0.258,0.258,0.258,0.0,0.0,"December 24, 20",0.0,,,
0,2020-12-23,0.25,0.27,0.25,0.25825,0.2583,0.00825,3.3,"December 23, 20",0.033,32067.0,32067.0,0.25942
0,2020-12-22,0.267,0.267,0.255,0.257,0.257,-0.01,-3.745,"December 22, 20",-0.03745,117300.0,117300.0,0.25967
0,2020-12-21,0.259,0.263,0.255,0.26,0.26,0.001,0.386,"December 21, 20",0.00386,16300.0,16300.0,0.25933
0,2020-12-18,0.26,0.265,0.259,0.26,0.26,0.0,0.0,"December 18, 20",0.0,316700.0,316700.0,0.26133
0,2020-12-17,0.259,0.26,0.256,0.258,0.258,-0.001,-0.386,"December 17, 20",-0.00386,62900.0,62900.0,0.258
0,2020-12-16,0.248,0.26,0.248,0.255,0.255,0.007,2.823,"December 16, 20",0.02823,338300.0,338300.0,0.25433
0,2020-12-15,0.25,0.252,0.247,0.25,0.25,0.0,0.0,"December 15, 20",0.0,149700.0,149700.0,0.24967
0,2020-12-14,0.242,0.255,0.24,0.25,0.25,0.008,3.306,"December 14, 20",0.03306,143600.0,143600.0,0.24833
0,2020-12-11,0.24,0.24,0.238,0.239,0.239,-0.001,-0.417,"December 11, 20",-0.00417,326300.0,326300.0,0.239
0,2020-12-10,0.25,0.25,0.237,0.239,0.239,-0.011,-4.4,"December 10, 20",-0.044,414700.0,414700.0,0.242
0,2020-12-09,0.239,0.244,0.239,0.241,0.241,0.002,0.837,"December 09, 20",0.00837,79500.0,79500.0,0.24133
0,2020-12-08,0.236,0.245,0.236,0.239,0.239,0.003,1.271,"December 08, 20",0.01271,320200.0,320200.0,0.24
0,2020-12-07,0.236,0.244,0.236,0.244,0.244,0.008,3.39,"December 07, 20",0.0339,50700.0,50700.0,0.24133
0,2020-12-04,0.25,0.25,0.229,0.237,0.237,-0.013,-5.2,"December 04, 20",-0.052,78100.0,78100.0,0.23867
0,2020-12-03,0.235,0.241,0.235,0.24,0.24,0.005,2.128,"December 03, 20",0.02128,13800.0,13800.0,0.23867
0,2020-12-02,0.24,0.244,0.235,0.238,0.238,-0.002,-0.833,"December 02, 20",-0.00833,170400.0,170400.0,0.239
0,2020-12-01,0.237,0.25,0.237,0.24,0.24,0.003,1.266,"December 01, 20",0.01266,166300.0,166300.0,0.24233
0,2020-11-30,0.238,0.242,0.232,0.236,0.236,-0.002,-0.84,"November 30, 20",-0.0084,481200.0,481200.0,0.23667
0,2020-11-27,0.234,0.234,0.23,0.23,0.23,-0.004,-1.709,"November 27, 20",-0.01709,1000.0,1000.0,0.23133
0,2020-11-25,0.232,0.238,0.222,0.23,0.23,-0.002,-0.862,"November 25, 20",-0.00862,244300.0,244300.0,0.23
0,2020-11-24,0.23,0.235,0.229,0.232,0.232,0.002,0.87,"November 24, 20",0.0087,130400.0,130400.0,0.232
0,2020-11-23,0.233,0.238,0.227,0.23,0.23,-0.003,-1.288,"November 23, 20",-0.01288,263000.0,263000.0,0.23167
0,2020-11-20,0.237,0.237,0.235,0.235,0.235,-0.002,-0.844,"November 20, 20",-0.00844,6400.0,6400.0,0.23567
0,2020-11-19,0.233,0.239,0.233,0.233,0.233,0.0,0.0,"November 19, 20",0.0,78000.0,78000.0,0.235
0,2020-11-18,0.237,0.245,0.233,0.233,0.233,-0.004,-1.688,"November 18, 20",-0.01688,74400.0,74400.0,0.237
0,2020-11-17,0.229,0.258,0.229,0.25,0.25,0.021,9.17,"November 17, 20",0.0917,123400.0,123400.0,0.24567
0,2020-11-16,0.232,0.24,0.22,0.233,0.233,0.001,0.431,"November 16, 20",0.00431,351400.0,351400.0,0.231
0,2020-11-13,0.23,0.238,0.23,0.232,0.232,0.002,0.87,"November 13, 20",0.0087,119600.0,119600.0,0.23333
0,2020-11-12,0.249,0.25,0.23,0.237,0.237,-0.012,-4.819,"November 12, 20",-0.04819,491000.0,491000.0,0.239
0,2020-11-11,0.309,0.313,0.252,0.254,0.254,-0.055,-17.799,"November 11, 20",-0.17799,1175000.0,1175000.0,0.273
0,2020-11-10,0.309,0.313,0.308,0.31,0.31,0.001,0.324,"November 10, 20",0.00324,55300.0,55300.0,0.31033
0,2020-11-09,0.312,0.314,0.308,0.31,0.31,-0.002,-0.641,"November 09, 20",-0.00641,228800.0,228800.0,0.31067
0,2020-11-06,0.314,0.314,0.306,0.308,0.308,-0.006,-1.911,"November 06, 20",-0.01911,52100.0,52100.0,0.30933
0,2020-11-05,0.318,0.318,0.308,0.31,0.31,-0.008,-2.516,"November 05, 20",-0.02516,137500.0,137500.0,0.312
0,2020-11-04,0.312,0.32,0.305,0.318,0.318,0.006,1.923,"November 04, 20",0.01923,62700.0,62700.0,0.31433
0,2020-11-03,0.304,0.306,0.3,0.304,0.304,0.0,0.0,"November 03, 20",0.0,235000.0,235000.0,0.30333
0,2020-11-02,0.308,0.32,0.304,0.305,0.305,-0.003,-0.974,"November 02, 20",-0.00974,80400.0,80400.0,0.30967
0,2020-10-30,0.3,0.308,0.3,0.305,0.305,0.005,1.667,"October 30, 20",0.01667,380000.0,380000.0,0.30433
0,2020-10-29,0.32,0.35,0.27,0.306,0.306,-0.014,-4.375,"October 29, 20",-0.04375,1861900.0,1861900.0,0.30867
0,2020-10-28,1.6,1.65,1.6,1.65,0.3,0.05,3.125,"October 28, 20",0.03125,273200.0,273200.0,1.63333
0,2020-10-27,1.64,1.66,1.63,1.65,0.3,0.01,0.61,"October 27, 20",0.0061,410700.0,410700.0,1.64667
0,2020-10-26,1.63,1.64,1.61,1.64,0.298182,0.01,0.613,"October 26, 20",0.00613,444700.0,444700.0,1.63
0,2020-10-23,1.61,1.63,1.6,1.625,0.295454,0.015,0.932,"October 23, 20",0.00932,1059000.0,1059000.0,1.61833
0,2020-10-22,1.62,1.62,1.6,1.61,0.292727,-0.01,-0.617,"October 22, 20",-0.00617,1276400.0,1276400.0,1.61
0,2020-10-21,1.6,1.61,1.59,1.61,0.047273,0.01,0.625,"October 21, 20",0.00625,687400.0,687400.0,1.60333
0,2020-10-20,1.61,1.62,1.59,1.61,0.047273,0.0,0.0,"October 20, 20",0.0,1849900.0,1849900.0,1.60667
0,2020-10-19,1.57,1.62,1.57,1.61,0.047273,0.04,2.548,"October 19, 20",0.02548,1094200.0,1094200.0,1.6
0,2020-10-16,1.59,1.59,1.53,1.56,0.045805,-0.03,-1.887,"October 16, 20",-0.01887,8256400.0,8256400.0,1.56
0,2020-10-15,1.6,1.6,1.54,1.58,0.046392,-0.02,-1.25,"October 15, 20",-0.0125,13789200.0,13789200.0,1.57333
0,2020-10-14,1.61,1.635,1.54,1.54,0.045217,-0.07,-4.348,"October 14, 20",-0.04348,9050300.0,9050300.0,1.57167
0,2020-10-13,1.85,1.9,1.48,1.51,0.044337,-0.34,-18.378,"October 13, 20",-0.18378,7520200.0,7520200.0,1.63
0,2020-10-12,1.86,1.95,1.86,1.92,0.056375,0.06,3.226,"October 12, 20",0.03226,90400.0,90400.0,1.91
0,2020-10-09,1.8,1.85,1.8,1.85,0.05432,0.05,2.778,"October 09, 20",0.02778,109400.0,109400.0,1.83333
0,2020-10-08,1.8,1.8,1.775,1.79,0.052558,-0.01,-0.556,"October 08, 20",-0.00556,23900.0,23900.0,1.78833
0,2020-10-07,1.84,1.84,1.78,1.79,0.052558,-0.05,-2.717,"October 07, 20",-0.02717,31800.0,31800.0,1.80333
0,2020-10-06,1.775,1.8,1.76,1.77,0.051971,-0.005,-0.282,"October 06, 20",-0.00282,32300.0,32300.0,1.77667
0,2020-10-05,1.75,1.75,1.7,1.745,0.051237,-0.005,-0.286,"October 05, 20",-0.00286,265600.0,265600.0,1.73167
0,2020-10-02,1.75,1.75,1.74,1.75,0.051383,0.0,0.0,"October 02, 20",0.0,107200.0,107200.0,1.74667
0,2020-10-01,1.75,1.75,1.74,1.745,0.051237,-0.005,-0.286,"October 01, 20",-0.00286,56300.0,56300.0,1.745
0,2020-09-30,1.76,1.78,1.74,1.75,0.051383,-0.01,-0.568,"September 30, 20",-0.00568,316800.0,316800.0,1.75667
0,2020-09-29,1.75,1.8,1.75,1.77,0.051971,0.02,1.143,"September 29, 20",0.01143,83200.0,83200.0,1.77333
0,2020-09-28,1.79,1.8,1.78,1.78,0.052264,-0.01,-0.559,"September 28, 20",-0.00559,21400.0,21400.0,1.78667
0,2020-09-25,1.79,1.79,1.77,1.78,0.052264,-0.01,-0.559,"September 25, 20",-0.00559,13900.0,13900.0,1.78
0,2020-09-24,1.77,1.77,1.76,1.77,0.051971,0.0,0.0,"September 24, 20",0.0,18100.0,18100.0,1.76667
0,2020-09-23,1.8,1.8,1.77,1.77,0.051971,-0.03,-1.667,"September 23, 20",-0.01667,28300.0,28300.0,1.78
0,2020-09-22,1.79,1.85,1.77,1.81,0.053145,0.02,1.117,"September 22, 20",0.01117,154200.0,154200.0,1.81
0,2020-09-21,1.75,1.81,1.75,1.78,0.052264,0.03,1.714,"September 21, 20",0.01714,50300.0,50300.0,1.78
0,2020-09-18,1.79,1.8,1.77,1.77,0.051971,-0.02,-1.117,"September 18, 20",-0.01117,59000.0,59000.0,1.78
0,2020-09-17,1.78,1.79,1.78,1.79,0.052558,0.01,0.562,"September 17, 20",0.00562,15100.0,15100.0,1.78667
0,2020-09-16,1.8,1.8,1.78,1.78,0.052264,-0.02,-1.111,"September 16, 20",-0.01111,33600.0,33600.0,1.78667
0,2020-09-15,1.78,1.79,1.77,1.77,0.051971,-0.01,-0.562,"September 15, 20",-0.00562,21100.0,21100.0,1.77667
0,2020-09-14,1.79,1.79,1.75,1.75,0.051383,-0.04,-2.235,"September 14, 20",-0.02235,197200.0,197200.0,1.76333
0,2020-09-11,1.79,1.79,1.75,1.78,0.052264,-0.01,-0.559,"September 11, 20",-0.00559,61800.0,61800.0,1.77333
0,2020-09-10,1.785,1.8,1.76,1.76,0.051677,-0.025,-1.401,"September 10, 20",-0.01401,134800.0,134800.0,1.77333
0,2020-09-09,1.77,1.77,1.75,1.77,0.051971,0.0,0.0,"September 09, 20",0.0,55700.0,55700.0,1.76333
0,2020-09-08,1.8,1.8,1.77,1.78,0.052264,-0.02,-1.111,"September 08, 20",-0.01111,36300.0,36300.0,1.78333
0,2020-09-04,1.76,1.8,1.76,1.78,0.052264,0.02,1.136,"September 04, 20",0.01136,26700.0,26700.0,1.78
0,2020-09-03,1.78,1.82,1.775,1.8,0.052851,0.02,1.124,"September 03, 20",0.01124,114000.0,114000.0,1.79833
0,2020-09-02,1.8,1.81,1.77,1.8,0.052851,0.0,0.0,"September 02, 20",0.0,22500.0,22500.0,1.79333
0,2020-09-01,1.77,1.83,1.77,1.805,0.052998,0.035,1.977,"September 01, 20",0.01977,101300.0,101300.0,1.80167
0,2020-08-31,1.73,1.78,1.73,1.765,0.051824,0.035,2.023,"August 31, 20",0.02023,50900.0,50900.0,1.75833
0,2020-08-28,1.75,1.76,1.73,1.74,0.05109,-0.01,-0.571,"August 28, 20",-0.00571,51100.0,51100.0,1.74333
0,2020-08-27,1.73,1.77,1.71,1.76,0.051677,0.03,1.734,"August 27, 20",0.01734,44200.0,44200.0,1.74667
0,2020-08-26,1.76,1.77,1.71,1.73,0.050796,-0.03,-1.705,"August 26, 20",-0.01705,22700.0,22700.0,1.73667
0,2020-08-25,1.79,1.79,1.75,1.765,0.051824,-0.025,-1.397,"August 25, 20",-0.01397,115200.0,115200.0,1.76833
0,2020-08-24,1.56,1.85,1.56,1.8,0.052851,0.24,15.385,"August 24, 20",0.15385,241100.0,241100.0,1.73667
0,2020-08-21,1.58,1.59,1.56,1.56,0.045805,-0.02,-1.266,"August 21, 20",-0.01266,30800.0,30800.0,1.57
0,2020-08-20,1.59,1.59,1.56,1.57,0.046098,-0.02,-1.258,"August 20, 20",-0.01258,17100.0,17100.0,1.57333
0,2020-08-19,1.63,1.64,1.57,1.6,0.046979,-0.03,-1.84,"August 19, 20",-0.0184,26900.0,26900.0,1.60333
0,2020-08-18,1.7,1.7,1.56,1.58,0.046392,-0.12,-7.059,"August 18, 20",-0.07059,545400.0,545400.0,1.61333
0,2020-08-17,1.71,1.78,1.7,1.7,0.049915,-0.01,-0.585,"August 17, 20",-0.00585,7500.0,7500.0,1.72667
0,2020-08-14,1.7,1.79,1.7,1.71,0.050209,0.01,0.588,"August 14, 20",0.00588,4300.0,4300.0,1.73333
0,2020-08-13,1.73,1.86,1.7,1.735,0.050943,0.005,0.289,"August 13, 20",0.00289,9300.0,9300.0,1.765
0,2020-08-12,1.93,1.93,1.6,1.74,0.05109,-0.19,-9.845,"August 12, 20",-0.09845,581300.0,581300.0,1.75667
0,2020-08-11,1.91,1.94,1.91,1.91,0.056081,0.0,0.0,"August 11, 20",0.0,10900.0,10900.0,1.92
0,2020-08-10,1.89,1.92,1.83,1.91,0.056081,0.02,1.058,"August 10, 20",0.01058,22600.0,22600.0,1.88667
0,2020-08-07,1.93,1.93,1.87,1.89,0.055494,-0.04,-2.073,"August 07, 20",-0.02073,14200.0,14200.0,1.89667
0,2020-08-06,1.89,1.92,1.88,1.92,0.056375,0.03,1.587,"August 06, 20",0.01587,242200.0,242200.0,1.90667
0,2020-08-05,1.875,1.9,1.87,1.9,0.055788,0.025,1.333,"August 05, 20",0.01333,9200.0,9200.0,1.89
0,2020-08-04,1.91,1.92,1.86,1.9,0.055788,-0.01,-0.524,"August 04, 20",-0.00524,5300.0,5300.0,1.89333
0,2020-08-03,1.91,1.935,1.85,1.91,0.056081,0.0,0.0,"August 03, 20",0.0,24300.0,24300.0,1.89833
0,2020-07-31,1.86,1.91,1.85,1.91,0.056081,0.05,2.688,"July 31, 20",0.02688,42400.0,42400.0,1.89
0,2020-07-30,1.89,1.915,1.85,1.885,0.055347,-0.005,-0.265,"July 30, 20",-0.00265,8100.0,8100.0,1.88333
0,2020-07-29,1.97,1.97,1.9,1.9,0.055788,-0.07,-3.553,"July 29, 20",-0.03553,15600.0,15600.0,1.92333
0,2020-07-28,1.87,1.95,1.81,1.95,0.057256,0.08,4.278,"July 28, 20",0.04278,15000.0,15000.0,1.90333
0,2020-07-27,1.95,1.95,1.87,1.88,0.0552,-0.07,-3.59,"July 27, 20",-0.0359,11400.0,11400.0,1.9
0,2020-07-24,1.92,1.95,1.87,1.93,0.056669,0.01,0.521,"July 24, 20",0.00521,36100.0,36100.0,1.91667
0,2020-07-23,1.89,1.93,1.89,1.93,0.056669,0.04,2.116,"July 23, 20",0.02116,3700.0,3700.0,1.91667
0,2020-07-22,1.95,1.95,1.89,1.89,0.055494,-0.06,-3.077,"July 22, 20",-0.03077,8500.0,8500.0,1.91
0,2020-07-21,1.86,1.95,1.86,1.95,0.057256,0.09,4.839,"July 21, 20",0.04839,17500.0,17500.0,1.92
0,2020-07-20,1.87,1.88,1.83,1.86,0.054613,-0.01,-0.535,"July 20, 20",-0.00535,19900.0,19900.0,1.85667
0,2020-07-17,1.85,1.9,1.85,1.87,0.054907,0.02,1.081,"July 17, 20",0.01081,24300.0,24300.0,1.87333
0,2020-07-16,1.845,1.89,1.845,1.87,0.054907,0.025,1.355,"July 16, 20",0.01355,7200.0,7200.0,1.86833
0,2020-07-15,1.88,1.88,1.82,1.86,0.054613,-0.02,-1.064,"July 15, 20",-0.01064,6100.0,6100.0,1.85333
0,2020-07-14,1.87,1.9,1.83,1.88,0.0552,0.01,0.535,"July 14, 20",0.00535,11100.0,11100.0,1.87
0,2020-07-13,1.83,1.9,1.83,1.86,0.054613,0.03,1.639,"July 13, 20",0.01639,28500.0,28500.0,1.86333
0,2020-07-10,1.75,1.87,1.73,1.81,0.053145,0.06,3.429,"July 10, 20",0.03429,23600.0,23600.0,1.80333
0,2020-07-09,1.8,1.84,1.73,1.77,0.051971,-0.03,-1.667,"July 09, 20",-0.01667,4900.0,4900.0,1.78
0,2020-07-08,1.84,1.84,1.7,1.82,0.053439,-0.02,-1.087,"July 08, 20",-0.01087,20200.0,20200.0,1.78667
0,2020-07-07,1.755,1.84,1.67,1.84,0.054026,0.085,4.843,"July 07, 20",0.04843,33200.0,33200.0,1.78333
0,2020-07-06,1.8,1.8,1.715,1.78,0.052264,-0.02,-1.111,"July 06, 20",-0.01111,62500.0,62500.0,1.765
0,2020-07-02,1.745,1.78,1.71,1.78,0.052264,0.035,2.006,"July 02, 20",0.02006,6800.0,6800.0,1.75667
0,2020-07-01,1.8,1.8,1.75,1.75,0.051383,-0.05,-2.778,"July 01, 20",-0.02778,14500.0,14500.0,1.76667
0,2020-06-30,1.75,1.81,1.75,1.795,0.052705,0.045,2.571,"June 30, 20",0.02571,55600.0,55600.0,1.785
0,2020-06-29,1.7,1.8,1.7,1.75,0.051383,0.05,2.941,"June 29, 20",0.02941,43400.0,43400.0,1.75
0,2020-06-26,1.697,1.7,1.66,1.68,0.049328,-0.017,-1.002,"June 26, 20",-0.01002,318600.0,318600.0,1.68
0,2020-06-25,1.73,1.73,1.67,1.69,0.049622,-0.04,-2.312,"June 25, 20",-0.02312,20200.0,20200.0,1.69667
0,2020-06-24,1.75,1.82,1.7,1.74,0.05109,-0.01,-0.571,"June 24, 20",-0.00571,26000.0,26000.0,1.75333
0,2020-06-23,1.8,1.8,1.73,1.75,0.051383,-0.05,-2.778,"June 23, 20",-0.02778,24600.0,24600.0,1.76
0,2020-06-22,1.8,1.81,1.77,1.77,0.051971,-0.03,-1.667,"June 22, 20",-0.01667,15200.0,15200.0,1.78333
0,2020-06-19,1.75,1.89,1.71,1.76,0.051677,0.01,0.571,"June 19, 20",0.00571,18800.0,18800.0,1.78667
0,2020-06-18,1.75,1.8,1.7,1.723,0.050591,-0.027,-1.543,"June 18, 20",-0.01543,21300.0,21300.0,1.741
0,2020-06-17,1.8,1.8,1.7,1.75,0.051383,-0.05,-2.778,"June 17, 20",-0.02778,79300.0,79300.0,1.75
0,2020-06-16,1.81,1.85,1.76,1.8,0.052851,-0.01,-0.552,"June 16, 20",-0.00552,23600.0,23600.0,1.80333
0,2020-06-15,1.75,1.8,1.7,1.76,0.051677,0.01,0.571,"June 15, 20",0.00571,26800.0,26800.0,1.75333
0,2020-06-12,1.79,1.8,1.7,1.75,0.051383,-0.04,-2.235,"June 12, 20",-0.02235,14400.0,14400.0,1.75
0,2020-06-11,1.79,1.79,1.66,1.75,0.051383,-0.04,-2.235,"June 11, 20",-0.02235,91300.0,91300.0,1.73333
0,2020-06-10,1.78,1.84,1.78,1.8,0.052851,0.02,1.124,"June 10, 20",0.01124,29400.0,29400.0,1.80667
0,2020-06-09,1.85,1.95,1.77,1.84,0.054026,-0.01,-0.541,"June 09, 20",-0.00541,48000.0,48000.0,1.85333
0,2020-06-08,1.85,1.92,1.78,1.89,0.055494,0.04,2.162,"June 08, 20",0.02162,180200.0,180200.0,1.86333
0,2020-06-05,1.84,1.9,1.78,1.82,0.053439,-0.02,-1.087,"June 05, 20",-0.01087,186700.0,186700.0,1.83333
0,2020-06-04,1.89,1.89,1.75,1.8,0.052851,-0.09,-4.762,"June 04, 20",-0.04762,63300.0,63300.0,1.81333
0,2020-06-03,1.8,1.86,1.76,1.76,0.051677,-0.04,-2.222,"June 03, 20",-0.02222,16800.0,16800.0,1.79333
0,2020-06-02,1.76,1.8,1.76,1.76,0.051677,0.0,0.0,"June 02, 20",0.0,58100.0,58100.0,1.77333
0,2020-06-01,1.9,1.9,1.76,1.85,0.05432,-0.05,-2.632,"June 01, 20",-0.02632,65000.0,65000.0,1.83667
0,2020-05-29,1.8,1.89,1.76,1.89,0.055494,0.09,5.0,"May 29, 20",0.05,159500.0,159500.0,1.84667
0,2020-05-28,1.8,1.85,1.793,1.8,0.052851,0.0,0.0,"May 28, 20",0.0,20900.0,20900.0,1.81433
0,2020-05-27,1.72,1.9,1.72,1.8,0.052851,0.08,4.651,"May 27, 20",0.04651,44800.0,44800.0,1.80667
0,2020-05-26,1.95,1.95,1.71,1.85,0.05432,-0.1,-5.128,"May 26, 20",-0.05128,108900.0,108900.0,1.83667
0,2020-05-22,1.715,1.9,1.7,1.9,0.055788,0.185,10.787,"May 22, 20",0.10787,60100.0,60100.0,1.83333
0,2020-05-21,1.8,1.8,1.7,1.75,0.051383,-0.05,-2.778,"May 21, 20",-0.02778,41600.0,41600.0,1.75
0,2020-05-20,1.8,1.8,1.7,1.75,0.051383,-0.05,-2.778,"May 20, 20",-0.02778,43500.0,43500.0,1.75
0,2020-05-19,1.78,1.815,1.72,1.72,0.050503,-0.06,-3.371,"May 19, 20",-0.03371,43000.0,43000.0,1.75167
0,2020-05-18,2.0,2.0,1.71,1.77,0.051971,-0.23,-11.5,"May 18, 20",-0.115,70100.0,70100.0,1.82667
0,2020-05-15,1.8,1.85,1.71,1.79,0.052558,-0.01,-0.556,"May 15, 20",-0.00556,144300.0,144300.0,1.78333
0,2020-05-14,1.86,1.98,1.7,1.79,0.052558,-0.07,-3.763,"May 14, 20",-0.03763,140600.0,140600.0,1.82333
0,2020-05-13,1.9,2.35,1.8,1.85,0.05432,-0.05,-2.632,"May 13, 20",-0.02632,167900.0,167900.0,2.0
0,2020-05-12,2.675,2.7,2.55,2.55,0.052851,-0.125,-4.673,"May 12, 20",-0.04673,34300.0,34300.0,2.6
0,2020-05-11,2.71,2.71,2.51,2.64,0.054717,-0.07,-2.583,"May 11, 20",-0.02583,96500.0,96500.0,2.62
0,2020-05-08,2.665,2.71,2.545,2.62,0.054302,-0.045,-1.689,"May 08, 20",-0.01689,15000.0,15000.0,2.625
0,2020-05-07,2.46,2.73,2.46,2.65,0.054924,0.19,7.724,"May 07, 20",0.07724,194500.0,194500.0,2.61333
0,2020-05-06,2.8,2.85,2.28,2.5,0.051815,-0.3,-10.714,"May 06, 20",-0.10714,1072700.0,1072700.0,2.54333
0,2020-05-05,2.76,2.85,2.75,2.8,0.058033,0.04,1.449,"May 05, 20",0.01449,1121000.0,1121000.0,2.8
0,2020-05-04,2.85,2.86,2.7,2.7,0.05596,-0.15,-5.263,"May 04, 20",-0.05263,656600.0,656600.0,2.75333
0,2020-05-01,2.76,2.9,2.73,2.73,0.056582,-0.03,-1.087,"May 01, 20",-0.01087,138300.0,138300.0,2.78667
0,2020-04-30,2.85,2.94,2.73,2.76,0.057204,-0.09,-3.158,"April 30, 20",-0.03158,205000.0,205000.0,2.81
0,2020-04-29,2.78,3.0,2.74,2.75,0.056997,-0.03,-1.079,"April 29, 20",-0.01079,434700.0,434700.0,2.83
0,2020-04-28,2.62,2.73,2.5,2.72,0.056375,0.1,3.817,"April 28, 20",0.03817,744600.0,744600.0,2.65
0,2020-04-27,2.61,2.72,2.55,2.6,0.053888,-0.01,-0.383,"April 27, 20",-0.00383,10200.0,10200.0,2.62333
0,2020-04-24,2.59,2.65,2.505,2.59,0.053681,0.0,0.0,"April 24, 20",0.0,43400.0,43400.0,2.58167
0,2020-04-23,2.6,2.675,2.55,2.55,0.052851,-0.05,-1.923,"April 23, 20",-0.01923,106000.0,106000.0,2.59167
0,2020-04-22,2.7,2.71,2.53,2.6,0.053888,-0.1,-3.704,"April 22, 20",-0.03704,4600.0,4600.0,2.61333
0,2020-04-21,2.63,2.73,2.63,2.644,0.0548,0.014,0.532,"April 21, 20",0.00532,4200.0,4200.0,2.668
0,2020-04-20,2.71,2.73,2.56,2.63,0.05451,-0.08,-2.952,"April 20, 20",-0.02952,21900.0,21900.0,2.64
0,2020-04-17,2.73,2.755,2.72,2.73,0.056582,0.0,0.0,"April 17, 20",0.0,22600.0,22600.0,2.735
0,2020-04-16,2.795,2.795,2.71,2.71,0.056168,-0.085,-3.041,"April 16, 20",-0.03041,10400.0,10400.0,2.73833
0,2020-04-15,2.81,2.84,2.73,2.75,0.056997,-0.06,-2.135,"April 15, 20",-0.02135,10300.0,10300.0,2.77333
0,2020-04-14,2.86,2.86,2.83,2.85,0.059069,-0.01,-0.35,"April 14, 20",-0.0035,87800.0,87800.0,2.84667
0,2020-04-13,2.9,2.91,2.86,2.86,0.059277,-0.04,-1.379,"April 13, 20",-0.01379,86100.0,86100.0,2.87667
0,2020-04-09,2.9,3.0,2.89,2.93,0.060727,0.03,1.034,"April 09, 20",0.01034,286000.0,286000.0,2.94
0,2020-04-08,2.9,2.99,2.9,2.9,0.060106,0.0,0.0,"April 08, 20",0.0,59600.0,59600.0,2.93
0,2020-04-07,3.0,3.5,2.82,2.92,0.06052,-0.08,-2.667,"April 07, 20",-0.02667,179300.0,179300.0,3.08
0,2020-04-06,4.2,4.29,3.77,4.0,0.062178,-0.2,-4.762,"April 06, 20",-0.04762,174300.0,174300.0,4.02
0,2020-04-03,4.2,4.49,3.95,4.0,0.062178,-0.2,-4.762,"April 03, 20",-0.04762,170300.0,170300.0,4.14667
0,2020-04-02,4.0,4.49,4.0,4.2,0.065287,0.2,5.0,"April 02, 20",0.05,15800.0,15800.0,4.23
0,2020-04-01,4.2,4.2,3.95,4.01,0.062334,-0.19,-4.524,"April 01, 20",-0.04524,26200.0,26200.0,4.05333
0,2020-03-31,4.2,4.3,4.1,4.2,0.065287,0.0,0.0,"March 31, 20",0.0,20300.0,20300.0,4.2
0,2020-03-30,4.2,4.25,4.15,4.2,0.065287,0.0,0.0,"March 30, 20",0.0,27400.0,27400.0,4.2
0,2020-03-27,4.1,4.49,4.1,4.11,0.063888,0.01,0.244,"March 27, 20",0.00244,8000.0,8000.0,4.23333
0,2020-03-26,4.0,4.01,3.883,4.01,0.062334,0.01,0.25,"March 26, 20",0.0025,5400.0,5400.0,3.96767
0,2020-03-25,4.3,4.4,3.9,4.0,0.062178,-0.3,-6.977,"March 25, 20",-0.06977,41400.0,41400.0,4.1
0,2020-03-24,4.3,4.3,4.24,4.24,0.065909,-0.06,-1.395,"March 24, 20",-0.01395,900.0,900.0,4.26
0,2020-03-23,4.47,4.47,4.01,4.25,0.066064,-0.22,-4.922,"March 23, 20",-0.04922,76600.0,76600.0,4.24333
0,2020-03-20,4.5,4.555,4.45,4.45,0.069173,-0.05,-1.111,"March 20, 20",-0.01111,1200.0,1200.0,4.485
0,2020-03-19,4.66,4.73,4.43,4.62,0.071816,-0.04,-0.858,"March 19, 20",-0.00858,2700.0,2700.0,4.59333
0,2020-03-18,4.91,4.91,4.66,4.76,0.073992,-0.15,-3.055,"March 18, 20",-0.03055,2500.0,2500.0,4.77667
0,2020-03-17,4.66,4.93,4.66,4.9,0.076168,0.24,5.15,"March 17, 20",0.0515,5300.0,5300.0,4.83
0,2020-03-16,4.9,4.97,4.66,4.9,0.076168,0.0,0.0,"March 16, 20",0.0,45100.0,45100.0,4.84333
0,2020-03-13,4.59,4.9,4.41,4.9,0.076168,0.31,6.754,"March 13, 20",0.06754,37900.0,37900.0,4.73667
0,2020-03-12,5.0,5.0,4.41,4.9,0.076168,-0.1,-2.0,"March 12, 20",-0.02,27000.0,27000.0,4.77
0,2020-03-11,5.13,5.13,5.0,5.0,0.077723,-0.13,-2.534,"March 11, 20",-0.02534,30600.0,30600.0,5.04333
0,2020-03-10,5.49,5.49,5.14,5.195,0.080754,-0.295,-5.373,"March 10, 20",-0.05373,10200.0,10200.0,5.275
0,2020-03-09,5.284,5.38,5.0,5.2,0.080832,-0.084,-1.59,"March 09, 20",-0.0159,68500.0,68500.0,5.19333
0,2020-03-06,6.35,6.385,6.2,6.3,0.097931,-0.05,-0.787,"March 06, 20",-0.00787,72500.0,72500.0,6.295
0,2020-03-05,6.5,6.515,6.26,6.41,0.099641,-0.09,-1.385,"March 05, 20",-0.01385,40200.0,40200.0,6.395
0,2020-03-04,6.53,6.55,6.51,6.51,0.101195,-0.02,-0.306,"March 04, 20",-0.00306,128300.0,128300.0,6.52333
0,2020-03-03,6.85,6.85,6.61,6.61,0.102749,-0.24,-3.504,"March 03, 20",-0.03504,8000.0,8000.0,6.69
0,2020-03-02,6.85,6.85,6.85,6.85,0.10648,0.0,0.0,"March 02, 20",0.0,,,
0,2020-02-28,6.9,6.9,6.85,6.85,0.10648,-0.05,-0.725,"February 28, 20",-0.00725,15300.0,15300.0,6.86667
0,2020-02-27,7.07,7.07,6.9,6.9,0.107257,-0.17,-2.405,"February 27, 20",-0.02405,11500.0,11500.0,6.95667
0,2020-02-26,7.15,7.15,7.09,7.1,0.110366,-0.05,-0.699,"February 26, 20",-0.00699,54200.0,54200.0,7.11333
0,2020-02-25,7.28,7.29,7.23,7.25,0.112698,-0.03,-0.412,"February 25, 20",-0.00412,71000.0,71000.0,7.25667
0,2020-02-24,7.1,7.35,7.1,7.3,0.113475,0.2,2.817,"February 24, 20",0.02817,46000.0,46000.0,7.25
0,2020-02-21,7.51,7.51,7.45,7.45,0.115807,-0.06,-0.799,"February 21, 20",-0.00799,29700.0,29700.0,7.47
0,2020-02-20,7.5,7.51,7.5,7.5,0.116584,0.0,0.0,"February 20, 20",0.0,24200.0,24200.0,7.50333
0,2020-02-19,7.35,7.5,7.21,7.5,0.116584,0.15,2.041,"February 19, 20",0.02041,25400.0,25400.0,7.40333
0,2020-02-18,7.31,7.5,7.31,7.35,0.114252,0.04,0.547,"February 18, 20",0.00547,23800.0,23800.0,7.38667
0,2020-02-14,7.21,7.625,7.21,7.45,0.115807,0.24,3.329,"February 14, 20",0.03329,14000.0,14000.0,7.42833
0,2020-02-13,7.7,7.75,7.5,7.7,0.119693,0.0,0.0,"February 13, 20",0.0,15000.0,15000.0,7.65
0,2020-02-12,7.21,7.89,7.21,7.89,0.122647,0.68,9.431,"February 12, 20",0.09431,12100.0,12100.0,7.66333
0,2020-02-11,7.375,7.4,7.3,7.35,0.114252,-0.025,-0.339,"February 11, 20",-0.00339,47000.0,47000.0,7.35
0,2020-02-10,7.26,7.4,7.26,7.3,0.113475,0.04,0.551,"February 10, 20",0.00551,3100.0,3100.0,7.32
0,2020-02-07,7.27,7.27,7.26,7.26,0.112853,-0.01,-0.138,"February 07, 20",-0.00138,1500.0,1500.0,7.26333
0,2020-02-06,7.45,7.47,7.45,7.45,0.115807,0.0,0.0,"February 06, 20",0.0,37700.0,37700.0,7.45667
0,2020-02-05,7.41,7.5,7.41,7.5,0.116584,0.09,1.215,"February 05, 20",0.01215,95600.0,95600.0,7.47
0,2020-02-04,7.26,7.5,7.26,7.5,0.116584,0.24,3.306,"February 04, 20",0.03306,34100.0,34100.0,7.42
0,2020-02-03,7.26,7.435,7.26,7.435,0.115574,0.175,2.41,"February 03, 20",0.0241,5900.0,5900.0,7.37667
0,2020-01-31,7.55,7.55,7.35,7.35,0.114252,-0.2,-2.649,"January 31, 20",-0.02649,24000.0,24000.0,7.41667
0,2020-01-30,7.5,7.5,7.25,7.49,0.116429,-0.01,-0.133,"January 30, 20",-0.00133,10300.0,10300.0,7.41333
0,2020-01-29,8.03,8.03,6.65,7.89,0.122647,-0.14,-1.743,"January 29, 20",-0.01743,180300.0,180300.0,7.52333
0,2020-01-28,8.06,8.06,8.03,8.03,0.124823,-0.03,-0.372,"January 28, 20",-0.00372,15400.0,15400.0,8.04
0,2020-01-27,8.06,8.15,8.06,8.15,0.126688,0.09,1.117,"January 27, 20",0.01117,800.0,800.0,8.12
0,2020-01-24,8.08,8.18,8.06,8.18,0.127154,0.1,1.238,"January 24, 20",0.01238,1200.0,1200.0,8.14
0,2020-01-23,8.06,8.15,8.06,8.06,0.125289,0.0,0.0,"January 23, 20",0.0,4300.0,4300.0,8.09
0,2020-01-22,8.13,8.13,8.13,8.13,0.126377,0.0,0.0,"January 22, 20",0.0,,,
0,2020-01-21,8.15,8.2,8.12,8.13,0.126377,-0.02,-0.245,"January 21, 20",-0.00245,8500.0,8500.0,8.15
0,2020-01-17,8.135,8.15,8.03,8.15,0.126688,0.015,0.184,"January 17, 20",0.00184,4200.0,4200.0,8.11
0,2020-01-16,8.15,8.157,8.15,8.15,0.126688,0.0,0.0,"January 16, 20",0.0,2400.0,2400.0,8.15233
0,2020-01-15,8.165,8.18,8.15,8.18,0.127154,0.015,0.184,"January 15, 20",0.00184,11300.0,11300.0,8.17
0,2020-01-14,8.185,8.19,8.01,8.15,0.126688,-0.035,-0.428,"January 14, 20",-0.00428,4900.0,4900.0,8.11667
0,2020-01-13,8.15,8.18,8.15,8.18,0.127154,0.03,0.368,"January 13, 20",0.00368,10400.0,10400.0,8.17
0,2020-01-10,8.05,8.1,8.05,8.1,0.125911,0.05,0.621,"January 10, 20",0.00621,2400.0,2400.0,8.08333
0,2020-01-09,8.19,8.19,8.08,8.08,0.1256,-0.11,-1.343,"January 09, 20",-0.01343,3000.0,3000.0,8.11667
0,2020-01-08,8.12,8.145,8.08,8.14,0.126533,0.02,0.246,"January 08, 20",0.00246,1300.0,1300.0,8.12167
0,2020-01-07,8.08,8.2,8.08,8.2,0.127465,0.12,1.485,"January 07, 20",0.01485,3100.0,3100.0,8.16
0,2020-01-06,8.075,8.3,8.06,8.06,0.125289,-0.015,-0.186,"January 06, 20",-0.00186,158900.0,158900.0,8.14
0,2020-01-03,8.0,8.1,8.0,8.1,0.125911,0.1,1.25,"January 03, 20",0.0125,3900.0,3900.0,8.06667
0,2020-01-02,7.98,7.98,7.98,7.98,0.124046,0.0,0.0,"January 02, 20",0.0,400.0,400.0,7.98
0,2019-12-31,7.85,8.05,7.85,7.98,0.124046,0.13,1.656,"December 31, 19",0.01656,15200.0,15200.0,7.96
0,2019-12-30,7.75,7.89,7.75,7.85,0.122025,0.1,1.29,"December 30, 19",0.0129,70300.0,70300.0,7.83
0,2019-12-27,7.795,7.8,7.75,7.75,0.12047,-0.045,-0.577,"December 27, 19",-0.00577,373900.0,373900.0,7.76667
0,2019-12-26,7.75,7.82,7.75,7.79,0.121092,0.04,0.516,"December 26, 19",0.00516,115800.0,115800.0,7.78667
0,2019-12-24,7.62,7.8,7.62,7.75,0.12047,0.13,1.706,"December 24, 19",0.01706,65900.0,65900.0,7.72333
0,2019-12-23,7.73,7.8,7.73,7.75,0.12047,0.02,0.259,"December 23, 19",0.00259,87600.0,87600.0,7.76
0,2019-12-20,7.724,7.75,7.71,7.75,0.12047,0.026,0.337,"December 20, 19",0.00337,44600.0,44600.0,7.73667
0,2019-12-19,7.73,7.734,7.71,7.72,0.120004,-0.01,-0.129,"December 19, 19",-0.00129,4100.0,4100.0,7.72133
0,2019-12-18,7.71,7.82,7.71,7.75,0.12047,0.04,0.519,"December 18, 19",0.00519,355200.0,355200.0,7.76
0,2019-12-17,7.76,7.775,7.75,7.75,0.12047,-0.01,-0.129,"December 17, 19",-0.00129,61000.0,61000.0,7.75833
0,2019-12-16,7.55,8.56,7.41,7.76,0.120626,0.21,2.781,"December 16, 19",0.02781,81200.0,81200.0,7.91
0,2019-12-13,7.3,7.6,7.3,7.49,0.116429,0.19,2.603,"December 13, 19",0.02603,58700.0,58700.0,7.46333
0,2019-12-12,11.52,11.75,11.15,11.75,0.116584,0.23,1.997,"December 12, 19",0.01997,1296700.0,1296700.0,11.55
0,2019-12-11,11.7,11.8,11.61,11.62,0.115294,-0.08,-0.684,"December 11, 19",-0.00684,261800.0,261800.0,11.67667
0,2019-12-10,12.05,12.05,11.65,11.66,0.115691,-0.39,-3.237,"December 10, 19",-0.03237,568700.0,568700.0,11.78667
0,2019-12-09,12.06,12.1,11.98,12.0,0.119065,-0.06,-0.498,"December 09, 19",-0.00498,203300.0,203300.0,12.02667
0,2019-12-06,12.0,12.16,12.0,12.06,0.11966,0.06,0.5,"December 06, 19",0.005,110200.0,110200.0,12.07333
0,2019-12-05,12.3,12.3,12.03,12.2,0.121049,-0.1,-0.813,"December 05, 19",-0.00813,99900.0,99900.0,12.17667
0,2019-12-04,12.45,12.45,12.26,12.26,0.121644,-0.19,-1.526,"December 04, 19",-0.01526,19100.0,19100.0,12.32333
0,2019-12-03,12.46,12.5,12.41,12.425,0.123282,-0.035,-0.281,"December 03, 19",-0.00281,22800.0,22800.0,12.445
0,2019-12-02,12.57,12.585,12.3,12.3,0.122041,-0.27,-2.148,"December 02, 19",-0.02148,67500.0,67500.0,12.395
0,2019-11-29,12.7,12.7,12.55,12.55,0.124522,-0.15,-1.181,"November 29, 19",-0.01181,27100.0,27100.0,12.6
0,2019-11-27,12.75,12.75,12.57,12.6,0.125018,-0.15,-1.176,"November 27, 19",-0.01176,100300.0,100300.0,12.64
0,2019-11-26,12.995,13.0,12.62,12.7,0.12601,-0.295,-2.27,"November 26, 19",-0.0227,270000.0,270000.0,12.77333
0,2019-11-25,12.81,13.1,12.81,12.95,0.128491,0.14,1.093,"November 25, 19",0.01093,235500.0,235500.0,12.95333
0,2019-11-22,12.51,12.91,12.51,12.75,0.126506,0.24,1.918,"November 22, 19",0.01918,68500.0,68500.0,12.72333
0,2019-11-21,12.565,12.605,12.51,12.51,0.124125,-0.055,-0.438,"November 21, 19",-0.00438,1100.0,1100.0,12.54167
0,2019-11-20,12.5,12.5,12.5,12.5,0.124026,0.0,0.0,"November 20, 19",0.0,900.0,900.0,12.5
0,2019-11-19,12.66,12.66,12.54,12.54,0.124423,-0.12,-0.948,"November 19, 19",-0.00948,16300.0,16300.0,12.58
0,2019-11-18,12.65,12.675,12.6,12.61,0.125117,-0.04,-0.316,"November 18, 19",-0.00316,10700.0,10700.0,12.62833
0,2019-11-15,12.734,12.755,12.7,12.7,0.12601,-0.034,-0.267,"November 15, 19",-0.00267,15700.0,15700.0,12.71833
0,2019-11-14,12.75,12.775,12.7,12.7,0.12601,-0.05,-0.392,"November 14, 19",-0.00392,27200.0,27200.0,12.725
0,2019-11-13,12.82,12.835,12.8,12.8,0.127002,-0.02,-0.156,"November 13, 19",-0.00156,11500.0,11500.0,12.81167
0,2019-11-12,12.85,12.95,12.85,12.85,0.127498,0.0,0.0,"November 12, 19",0.0,12900.0,12900.0,12.88333
0,2019-11-11,12.9,12.925,12.9,12.9,0.127995,0.0,0.0,"November 11, 19",0.0,1700.0,1700.0,12.90833
0,2019-11-08,12.95,12.95,12.76,12.9,0.127995,-0.05,-0.386,"November 08, 19",-0.00386,26000.0,26000.0,12.87
0,2019-11-07,13.0,13.0,12.9,12.95,0.128491,-0.05,-0.385,"November 07, 19",-0.00385,27300.0,27300.0,12.95
0,2019-11-06,13.07,13.07,12.9,12.95,0.128491,-0.12,-0.918,"November 06, 19",-0.00918,40400.0,40400.0,12.97333
0,2019-11-05,13.05,13.07,13.05,13.07,0.129681,0.02,0.153,"November 05, 19",0.00153,5300.0,5300.0,13.06333
0,2019-11-04,13.08,13.09,13.05,13.05,0.129483,-0.03,-0.229,"November 04, 19",-0.00229,2600.0,2600.0,13.06333
0,2019-11-01,13.045,13.08,13.02,13.08,0.12978,0.035,0.268,"November 01, 19",0.00268,1700.0,1700.0,13.06
0,2019-10-31,13.0,13.04,13.0,13.04,0.129384,0.04,0.308,"October 31, 19",0.00308,9900.0,9900.0,13.02667
0,2019-10-30,13.06,13.06,12.95,13.0,0.128987,-0.06,-0.459,"October 30, 19",-0.00459,6400.0,6400.0,13.00333
0,2019-10-29,13.02,13.05,13.02,13.05,0.129483,0.03,0.23,"October 29, 19",0.0023,5900.0,5900.0,13.04
0,2019-10-28,13.0,13.03,13.0,13.0,0.128987,0.0,0.0,"October 28, 19",0.0,20900.0,20900.0,13.01
0,2019-10-25,12.975,13.025,12.95,13.0,0.128987,0.025,0.193,"October 25, 19",0.00193,5200.0,5200.0,12.99167
0,2019-10-24,13.0,13.01,12.96,13.0,0.128987,0.0,0.0,"October 24, 19",0.0,18000.0,18000.0,12.99
0,2019-10-23,13.0,13.035,12.95,13.02,0.129185,0.02,0.154,"October 23, 19",0.00154,8700.0,8700.0,13.00167
0,2019-10-22,13.0,13.028,13.0,13.0,0.128987,0.0,0.0,"October 22, 19",0.0,1000.0,1000.0,13.00933
0,2019-10-21,13.05,13.1,12.96,13.0,0.128987,-0.05,-0.383,"October 21, 19",-0.00383,30100.0,30100.0,13.02
0,2019-10-18,13.1,13.1,13.0,13.0,0.128987,-0.1,-0.763,"October 18, 19",-0.00763,28400.0,28400.0,13.03333
0,2019-10-17,13.1,13.1,13.0,13.0,0.128987,-0.1,-0.763,"October 17, 19",-0.00763,8700.0,8700.0,13.03333
0,2019-10-16,13.05,13.08,13.05,13.05,0.129483,0.0,0.0,"October 16, 19",0.0,5000.0,5000.0,13.06
0,2019-10-15,13.08,13.1,13.05,13.05,0.129483,-0.03,-0.229,"October 15, 19",-0.00229,5100.0,5100.0,13.06667
0,2019-10-14,13.05,13.15,13.05,13.1,0.129979,0.05,0.383,"October 14, 19",0.00383,23000.0,23000.0,13.1
0,2019-10-11,13.15,13.15,13.05,13.05,0.129483,-0.1,-0.76,"October 11, 19",-0.0076,6300.0,6300.0,13.08333
0,2019-10-10,13.26,13.26,13.05,13.05,0.129483,-0.21,-1.584,"October 10, 19",-0.01584,61600.0,61600.0,13.12
0,2019-10-09,13.4,13.45,13.26,13.26,0.131566,-0.14,-1.045,"October 09, 19",-0.01045,18900.0,18900.0,13.32333
0,2019-10-08,13.4,13.4,13.26,13.26,0.131566,-0.14,-1.045,"October 08, 19",-0.01045,56300.0,56300.0,13.30667
0,2019-10-07,13.44,13.53,13.44,13.53,0.134245,0.09,0.67,"October 07, 19",0.0067,1900.0,1900.0,13.5
0,2019-10-04,13.41,13.41,13.4,13.4,0.132956,-0.01,-0.075,"October 04, 19",-0.00075,500.0,500.0,13.40333
0,2019-10-03,13.5,13.5,13.25,13.42,0.133154,-0.08,-0.593,"October 03, 19",-0.00593,7000.0,7000.0,13.39
0,2019-10-02,13.39,13.5,13.3,13.5,0.133948,0.11,0.822,"October 02, 19",0.00822,6800.0,6800.0,13.43333
0,2019-10-01,13.4,13.5,13.34,13.5,0.133948,0.1,0.746,"October 01, 19",0.00746,32700.0,32700.0,13.44667
0,2019-09-30,13.28,13.36,13.28,13.36,0.132559,0.08,0.602,"September 30, 19",0.00602,4400.0,4400.0,13.33333
0,2019-09-27,13.47,13.48,13.27,13.36,0.132559,-0.11,-0.817,"September 27, 19",-0.00817,18500.0,18500.0,13.37
0,2019-09-26,13.26,13.28,13.26,13.28,0.131765,0.02,0.151,"September 26, 19",0.00151,600.0,600.0,13.27333
0,2019-09-25,13.37,13.49,13.37,13.49,0.133849,0.12,0.898,"September 25, 19",0.00898,1000.0,1000.0,13.45
0,2019-09-24,13.495,13.5,13.27,13.49,0.133849,-0.005,-0.037,"September 24, 19",-0.00037,50700.0,50700.0,13.42
0,2019-09-23,13.5,13.5,13.48,13.49,0.133849,-0.01,-0.074,"September 23, 19",-0.00074,6400.0,6400.0,13.49
0,2019-09-20,13.6,13.6,13.45,13.45,0.133452,-0.15,-1.103,"September 20, 19",-0.01103,8500.0,8500.0,13.5
0,2019-09-19,13.42,13.5,13.42,13.45,0.133452,0.03,0.224,"September 19, 19",0.00224,2800.0,2800.0,13.45667
0,2019-09-18,13.45,13.535,13.45,13.5,0.133948,0.05,0.372,"September 18, 19",0.00372,49800.0,49800.0,13.495
0,2019-09-17,13.5,13.7,13.45,13.48,0.133749,-0.02,-0.148,"September 17, 19",-0.00148,44700.0,44700.0,13.54333
0,2019-09-16,13.1,14.0,13.1,13.7,0.135932,0.6,4.58,"September 16, 19",0.0458,22700.0,22700.0,13.6
0,2019-09-13,13.1,13.1,13.05,13.05,0.129483,-0.05,-0.382,"September 13, 19",-0.00382,9300.0,9300.0,13.06667
0,2019-09-12,13.03,13.15,13.03,13.03,0.129284,0.0,0.0,"September 12, 19",0.0,6500.0,6500.0,13.07
0,2019-09-11,13.01,13.49,12.97,13.49,0.133849,0.48,3.689,"September 11, 19",0.03689,23500.0,23500.0,13.31667
0,2019-09-10,13.05,13.1,13.0,13.0,0.128987,-0.05,-0.383,"September 10, 19",-0.00383,3000.0,3000.0,13.03333
0,2019-09-09,13.0,13.1,12.96,13.05,0.129483,0.05,0.385,"September 09, 19",0.00385,45700.0,45700.0,13.03667
0,2019-09-06,13.0,13.2,12.88,13.04,0.129384,0.04,0.308,"September 06, 19",0.00308,33600.0,33600.0,13.04
0,2019-09-05,13.05,13.05,13.0,13.0,0.128987,-0.05,-0.383,"September 05, 19",-0.00383,6600.0,6600.0,13.01667
0,2019-09-04,13.15,13.2,13.1,13.1,0.129979,-0.05,-0.38,"September 04, 19",-0.0038,55300.0,55300.0,13.13333
0,2019-09-03,13.1,13.5,13.1,13.25,0.131467,0.15,1.145,"September 03, 19",0.01145,14900.0,14900.0,13.28333
0,2019-08-30,13.18,13.5,13.1,13.5,0.133948,0.32,2.428,"August 30, 19",0.02428,16900.0,16900.0,13.36667
0,2019-08-29,11.85,13.25,11.85,13.25,0.131467,1.4,11.814,"August 29, 19",0.11814,71000.0,71000.0,12.78333
0,2019-08-28,11.525,11.75,11.525,11.75,0.116584,0.225,1.952,"August 28, 19",0.01952,11500.0,11500.0,11.675
0,2019-08-27,11.5,11.5,11.45,11.5,0.114104,0.0,0.0,"August 27, 19",0.0,45800.0,45800.0,11.48333
0,2019-08-26,11.25,11.4,11.25,11.4,0.113111,0.15,1.333,"August 26, 19",0.01333,3000.0,3000.0,11.35
0,2019-08-23,11.48,11.48,11.2,11.25,0.111623,-0.23,-2.003,"August 23, 19",-0.02003,45800.0,45800.0,11.31
0,2019-08-22,11.5,11.6,11.47,11.5,0.114104,0.0,0.0,"August 22, 19",0.0,64400.0,64400.0,11.52333
0,2019-08-21,11.49,11.6,11.49,11.53,0.114401,0.04,0.348,"August 21, 19",0.00348,44100.0,44100.0,11.54
0,2019-08-20,11.3,11.6,11.3,11.5,0.114104,0.2,1.77,"August 20, 19",0.0177,24000.0,24000.0,11.46667
0,2019-08-19,11.6,11.75,11.5,11.7,0.116088,0.1,0.862,"August 19, 19",0.00862,45700.0,45700.0,11.65
0,2019-08-16,10.98,11.3,10.86,11.3,0.112119,0.32,2.914,"August 16, 19",0.02914,140300.0,140300.0,11.15333
0,2019-08-15,11.0,11.15,10.86,11.0,0.109143,0.0,0.0,"August 15, 19",0.0,189800.0,189800.0,11.00333
0,2019-08-14,11.01,11.255,10.9,10.9,0.10815,-0.11,-0.999,"August 14, 19",-0.00999,21900.0,21900.0,11.01833
0,2019-08-13,11.0,11.4,11.0,11.19,0.111028,0.19,1.727,"August 13, 19",0.01727,24200.0,24200.0,11.19667
0,2019-08-12,11.2,11.25,11.2,11.25,0.111623,0.05,0.446,"August 12, 19",0.00446,10100.0,10100.0,11.23333
0,2019-08-09,11.47,11.47,11.15,11.28,0.111921,-0.19,-1.656,"August 09, 19",-0.01656,32600.0,32600.0,11.3
0,2019-08-08,11.27,11.6,11.27,11.5,0.114104,0.23,2.041,"August 08, 19",0.02041,295000.0,295000.0,11.45667
0,2019-08-07,11.31,11.31,11.2,11.22,0.111325,-0.09,-0.796,"August 07, 19",-0.00796,120600.0,120600.0,11.24333
0,2019-08-06,11.39,11.39,11.2,11.215,0.111276,-0.175,-1.536,"August 06, 19",-0.01536,17500.0,17500.0,11.26833
0,2019-08-05,11.25,11.49,11.25,11.4,0.113111,0.15,1.333,"August 05, 19",0.01333,10400.0,10400.0,11.38
0,2019-08-02,11.505,11.55,11.5,11.515,0.114252,0.01,0.087,"August 02, 19",0.00087,3300.0,3300.0,11.52167
0,2019-08-01,11.505,11.505,11.42,11.42,0.11331,-0.085,-0.739,"August 01, 19",-0.00739,2300.0,2300.0,11.44833
0,2019-07-31,11.425,11.6,10.79,11.41,0.113211,-0.015,-0.131,"July 31, 19",-0.00131,20000.0,20000.0,11.26667
0,2019-07-30,11.35,11.475,11.35,11.438,0.113488,0.088,0.775,"July 30, 19",0.00775,6200.0,6200.0,11.421
0,2019-07-29,11.5,11.5,11.45,11.47,0.113806,-0.03,-0.261,"July 29, 19",-0.00261,900.0,900.0,11.47333
0,2019-07-26,11.3,11.6,11.3,11.6,0.115096,0.3,2.655,"July 26, 19",0.02655,9300.0,9300.0,11.5
0,2019-07-25,11.21,11.3,11.05,11.3,0.112119,0.09,0.803,"July 25, 19",0.00803,29900.0,29900.0,11.21667
0,2019-07-24,11.25,11.3,11.05,11.25,0.111623,0.0,0.0,"July 24, 19",0.0,35700.0,35700.0,11.2
0,2019-07-23,11.5,11.5,10.86,11.35,0.112615,-0.15,-1.304,"July 23, 19",-0.01304,387200.0,387200.0,11.23667
0,2019-07-22,11.725,11.75,11.4,11.5,0.114104,-0.225,-1.919,"July 22, 19",-0.01919,109000.0,109000.0,11.55
0,2019-07-19,11.5,11.75,11.45,11.75,0.116584,0.25,2.174,"July 19, 19",0.02174,76900.0,76900.0,11.65
0,2019-07-18,11.45,11.55,11.3,11.42,0.11331,-0.03,-0.262,"July 18, 19",-0.00262,192100.0,192100.0,11.42333
0,2019-07-17,12.35,12.35,11.26,11.44,0.113508,-0.91,-7.368,"July 17, 19",-0.07368,245900.0,245900.0,11.68333
0,2019-07-16,12.7,12.7,12.51,12.65,0.125514,-0.05,-0.394,"July 16, 19",-0.00394,74200.0,74200.0,12.62
0,2019-07-15,12.7,12.83,12.48,12.69,0.125911,-0.01,-0.079,"July 15, 19",-0.00079,35100.0,35100.0,12.66667
0,2019-07-12,12.59,12.63,12.5,12.6,0.125018,0.01,0.079,"July 12, 19",0.00079,38400.0,38400.0,12.57667
0,2019-07-11,12.65,12.65,12.56,12.58,0.124819,-0.07,-0.553,"July 11, 19",-0.00553,16300.0,16300.0,12.59667
0,2019-07-10,12.5,12.65,12.5,12.65,0.125514,0.15,1.2,"July 10, 19",0.012,105900.0,105900.0,12.6
0,2019-07-09,12.42,12.53,12.4,12.44,0.12343,0.02,0.161,"July 09, 19",0.00161,8500.0,8500.0,12.45667
0,2019-07-08,12.45,12.5,12.43,12.43,0.123331,-0.02,-0.161,"July 08, 19",-0.00161,4200.0,4200.0,12.45333
0,2019-07-05,12.52,12.55,12.45,12.45,0.12353,-0.07,-0.559,"July 05, 19",-0.00559,24500.0,24500.0,12.48333
0,2019-07-03,12.6,12.65,12.56,12.65,0.125514,0.05,0.397,"July 03, 19",0.00397,16000.0,16000.0,12.62
0,2019-07-02,12.7,12.7,12.56,12.58,0.124819,-0.12,-0.945,"July 02, 19",-0.00945,5800.0,5800.0,12.61333
0,2019-07-01,12.9,12.9,12.65,12.68,0.125812,-0.22,-1.705,"July 01, 19",-0.01705,44300.0,44300.0,12.74333
0,2019-06-28,12.7,12.7,12.62,12.7,0.12601,0.0,0.0,"June 28, 19",0.0,22900.0,22900.0,12.67333
0,2019-06-27,12.68,12.77,12.66,12.7,0.12601,0.02,0.158,"June 27, 19",0.00158,3300.0,3300.0,12.71
0,2019-06-26,12.55,12.9,12.55,12.85,0.127498,0.3,2.39,"June 26, 19",0.0239,20400.0,20400.0,12.76667
0,2019-06-25,12.65,12.65,12.57,12.6,0.125018,-0.05,-0.395,"June 25, 19",-0.00395,23700.0,23700.0,12.60667
0,2019-06-24,12.75,12.8,12.55,12.65,0.125514,-0.1,-0.784,"June 24, 19",-0.00784,97400.0,97400.0,12.66667
0,2019-06-21,12.85,12.85,12.65,12.75,0.126506,-0.1,-0.778,"June 21, 19",-0.00778,74300.0,74300.0,12.75
0,2019-06-20,12.7,12.99,12.61,12.915,0.128143,0.215,1.693,"June 20, 19",0.01693,130100.0,130100.0,12.83833
0,2019-06-19,12.7,12.9,12.61,12.61,0.125117,-0.09,-0.709,"June 19, 19",-0.00709,67900.0,67900.0,12.70667
0,2019-06-18,13.0,13.25,12.32,12.5,0.124026,-0.5,-3.846,"June 18, 19",-0.03846,349900.0,349900.0,12.69
0,2019-06-17,12.55,12.55,12.41,12.48,0.123827,-0.07,-0.558,"June 17, 19",-0.00558,55600.0,55600.0,12.48
0,2019-06-14,12.45,13.0,12.4,12.5,0.124026,0.05,0.402,"June 14, 19",0.00402,326200.0,326200.0,12.63333
0,2019-06-13,12.5,12.55,11.68,12.0,0.119065,-0.5,-4.0,"June 13, 19",-0.04,217400.0,217400.0,12.07667
0,2019-06-12,12.7,12.75,12.5,12.5,0.124026,-0.2,-1.575,"June 12, 19",-0.01575,78300.0,78300.0,12.58333
0,2019-06-11,12.6,12.9,12.56,12.65,0.125514,0.05,0.397,"June 11, 19",0.00397,11200.0,11200.0,12.70333
0,2019-06-10,12.57,12.64,12.56,12.56,0.124621,-0.01,-0.08,"June 10, 19",-0.0008,62400.0,62400.0,12.58667
0,2019-06-07,12.65,12.65,12.55,12.6,0.125018,-0.05,-0.395,"June 07, 19",-0.00395,1046800.0,1046800.0,12.6
0,2019-06-06,12.8,12.83,12.53,12.65,0.125514,-0.15,-1.172,"June 06, 19",-0.01172,191100.0,191100.0,12.67
0,2019-06-05,13.11,13.125,12.52,12.8,0.127002,-0.31,-2.365,"June 05, 19",-0.02365,79100.0,79100.0,12.815
0,2019-06-04,13.05,13.3,13.05,13.15,0.130475,0.1,0.766,"June 04, 19",0.00766,281900.0,281900.0,13.16667
0,2019-06-03,13.465,13.465,13.06,13.25,0.131467,-0.215,-1.597,"June 03, 19",-0.01597,15700.0,15700.0,13.25833
0,2019-05-31,13.45,13.5,13.15,13.5,0.133948,0.05,0.372,"May 31, 19",0.00372,36400.0,36400.0,13.38333
0,2019-05-30,13.9,13.9,13.5,13.5,0.133948,-0.4,-2.878,"May 30, 19",-0.02878,123900.0,123900.0,13.63333
0,2019-05-29,13.91,14.0,13.82,13.9,0.137917,-0.01,-0.072,"May 29, 19",-0.00072,183900.0,183900.0,13.90667
0,2019-05-28,14.02,14.05,13.9,13.9,0.137917,-0.12,-0.856,"May 28, 19",-0.00856,109900.0,109900.0,13.95
0,2019-05-24,14.0,14.05,14.0,14.05,0.139405,0.05,0.357,"May 24, 19",0.00357,313000.0,313000.0,14.03333
0,2019-05-23,13.98,14.05,13.76,13.9,0.137917,-0.08,-0.572,"May 23, 19",-0.00572,228900.0,228900.0,13.90333
0,2019-05-22,14.0,14.05,14.0,14.0,0.138909,0.0,0.0,"May 22, 19",0.0,484400.0,484400.0,14.01667
0,2019-05-21,13.85,14.0,13.75,14.0,0.138909,0.15,1.083,"May 21, 19",0.01083,28800.0,28800.0,13.91667
0,2019-05-20,14.0,14.0,13.55,13.95,0.138413,-0.05,-0.357,"May 20, 19",-0.00357,69000.0,69000.0,13.83333
0,2019-05-17,14.5,14.5,12.0,14.0,0.138909,-0.5,-3.448,"May 17, 19",-0.03448,518300.0,518300.0,13.5
0,2019-05-16,14.8,14.8,14.4,14.5,0.14387,-0.3,-2.027,"May 16, 19",-0.02027,316500.0,316500.0,14.56667
0,2019-05-15,14.99,15.01,14.51,15.0,0.148831,0.01,0.067,"May 15, 19",0.00067,11300.0,11300.0,14.84
0,2019-05-14,15.01,15.24,15.0,15.24,0.151212,0.23,1.532,"May 14, 19",0.01532,67200.0,67200.0,15.16
0,2019-05-13,15.175,15.2,14.95,15.2,0.150815,0.025,0.165,"May 13, 19",0.00165,26900.0,26900.0,15.11667
0,2019-05-10,15.3,15.4,15.2,15.2,0.150815,-0.1,-0.654,"May 10, 19",-0.00654,18700.0,18700.0,15.26667
0,2019-05-09,14.98,15.275,14.98,15.25,0.151311,0.27,1.802,"May 09, 19",0.01802,45200.0,45200.0,15.16833
0,2019-05-08,14.95,14.95,14.7,14.775,0.146598,-0.175,-1.171,"May 08, 19",-0.01171,2900.0,2900.0,14.80833
0,2019-05-07,15.05,15.15,14.975,15.0,0.148831,-0.05,-0.332,"May 07, 19",-0.00332,17600.0,17600.0,15.04167
0,2019-05-06,14.71,15.15,14.71,15.1,0.149823,0.39,2.651,"May 06, 19",0.02651,57800.0,57800.0,14.98667
0,2019-05-03,14.65,14.83,14.65,14.75,0.14635,0.1,0.683,"May 03, 19",0.00683,9500.0,9500.0,14.74333
0,2019-05-02,14.69,15.0,14.65,14.7,0.145854,0.01,0.068,"May 02, 19",0.00068,14000.0,14000.0,14.78333
0,2019-05-01,15.05,15.05,14.69,14.99,0.148732,-0.06,-0.399,"May 01, 19",-0.00399,51500.0,51500.0,14.91
0,2019-04-30,15.08,15.08,14.69,15.0,0.148831,-0.08,-0.531,"April 30, 19",-0.00531,13200.0,13200.0,14.92333
0,2019-04-29,14.4,15.19,14.4,15.1,0.149823,0.7,4.861,"April 29, 19",0.04861,421000.0,421000.0,14.89667
0,2019-04-26,14.5,14.5,14.25,14.4,0.142878,-0.1,-0.69,"April 26, 19",-0.0069,3400.0,3400.0,14.38333
0,2019-04-25,14.75,14.75,14.5,14.55,0.144366,-0.2,-1.356,"April 25, 19",-0.01356,9400.0,9400.0,14.6
0,2019-04-24,15.24,15.35,14.75,14.75,0.14635,-0.49,-3.215,"April 24, 19",-0.03215,67900.0,67900.0,14.95
0,2019-04-23,15.5,15.55,15.4,15.4,0.1528,-0.1,-0.645,"April 23, 19",-0.00645,66300.0,66300.0,15.45
0,2019-04-22,15.5,15.6,15.5,15.5,0.153792,0.0,0.0,"April 22, 19",0.0,3500.0,3500.0,15.53333
0,2019-04-18,15.71,15.795,15.24,15.5,0.153792,-0.21,-1.337,"April 18, 19",-0.01337,742300.0,742300.0,15.51167
0,2019-04-17,15.742,15.8,15.71,15.8,0.156768,0.058,0.368,"April 17, 19",0.00368,59600.0,59600.0,15.77
0,2019-04-16,15.6,15.8,15.6,15.8,0.156768,0.2,1.282,"April 16, 19",0.01282,113900.0,113900.0,15.73333
0,2019-04-15,15.655,15.85,15.51,15.85,0.157265,0.195,1.246,"April 15, 19",0.01246,76600.0,76600.0,15.73667
0,2019-04-12,15.8,16.049999,15.45,15.9,0.157761,0.1,0.633,"April 12, 19",0.00633,179900.0,179900.0,15.8
0,2019-04-11,17.0,17.0,15.8,15.89,0.157661,-1.11,-6.529,"April 11, 19",-0.06529,200900.0,200900.0,16.23
0,2019-04-10,15.325,15.87,15.3,15.87,0.157463,0.545,3.556,"April 10, 19",0.03556,30700.0,30700.0,15.68
0,2019-04-09,15.15,15.35,15.15,15.3,0.151807,0.15,0.99,"April 09, 19",0.0099,39000.0,39000.0,15.26667
0,2019-04-08,15.11,15.25,15.02,15.25,0.151311,0.14,0.927,"April 08, 19",0.00927,38600.0,38600.0,15.17333
0,2019-04-05,14.7,15.09,14.6,14.95,0.148335,0.25,1.701,"April 05, 19",0.01701,58300.0,58300.0,14.88
0,2019-04-04,14.15,14.55,14.15,14.55,0.144366,0.4,2.827,"April 04, 19",0.02827,114300.0,114300.0,14.41667
0,2019-04-03,14.1,14.18,14.1,14.125,0.140149,0.025,0.177,"April 03, 19",0.00177,35800.0,35800.0,14.135
0,2019-04-02,14.2,14.2,13.95,14.1,0.139901,-0.1,-0.704,"April 02, 19",-0.00704,2439600.0,2439600.0,14.08333
0,2019-04-01,13.95,14.05,13.75,14.05,0.139405,0.1,0.717,"April 01, 19",0.00717,502900.0,502900.0,13.95
0,2019-03-29,13.85,13.99,13.75,13.99,0.13881,0.14,1.011,"March 29, 19",0.01011,98500.0,98500.0,13.91
0,2019-03-28,13.85,13.85,13.72,13.8,0.136924,-0.05,-0.361,"March 28, 19",-0.00361,199500.0,199500.0,13.79
0,2019-03-27,13.91,13.91,13.75,13.8,0.136924,-0.11,-0.791,"March 27, 19",-0.00791,153600.0,153600.0,13.82
0,2019-03-26,13.75,14.115,13.5,13.85,0.13742,0.1,0.727,"March 26, 19",0.00727,537700.0,537700.0,13.82167
0,2019-03-25,13.17,13.75,13.17,13.75,0.136428,0.58,4.404,"March 25, 19",0.04404,338600.0,338600.0,13.55667
0,2019-03-22,13.72,13.73,13.11,13.55,0.134444,-0.17,-1.239,"March 22, 19",-0.01239,93000.0,93000.0,13.46333
0,2019-03-21,13.83,13.85,13.71,13.72,0.136131,-0.11,-0.795,"March 21, 19",-0.00795,234100.0,234100.0,13.76
0,2019-03-20,13.72,13.82,13.66,13.8,0.136924,0.08,0.583,"March 20, 19",0.00583,234900.0,234900.0,13.76
0,2019-03-19,13.74,13.75,13.4,13.74,0.136329,0.0,0.0,"March 19, 19",0.0,1656700.0,1656700.0,13.63
0,2019-03-18,13.53,13.6,13.25,13.6,0.13494,0.07,0.517,"March 18, 19",0.00517,5200.0,5200.0,13.48333
0,2019-03-15,13.25,13.9,13.0,13.9,0.137917,0.65,4.906,"March 15, 19",0.04906,660800.0,660800.0,13.6
0,2019-03-14,13.21,13.35,12.95,13.26,0.131566,0.05,0.379,"March 14, 19",0.00379,26400.0,26400.0,13.18667
0,2019-03-13,13.25,13.5,13.1,13.4,0.132956,0.15,1.132,"March 13, 19",0.01132,56400.0,56400.0,13.33333
0,2019-03-12,13.76,13.76,13.44,13.45,0.133452,-0.31,-2.253,"March 12, 19",-0.02253,110200.0,110200.0,13.55
0,2019-03-11,13.99,14.0,13.65,13.78,0.136726,-0.21,-1.501,"March 11, 19",-0.01501,127100.0,127100.0,13.81
0,2019-03-08,13.75,13.8,13.7,13.7,0.135932,-0.05,-0.364,"March 08, 19",-0.00364,3200.0,3200.0,13.73333
0,2019-03-07,13.9,13.98,13.9,13.9,0.137917,0.0,0.0,"March 07, 19",0.0,1300.0,1300.0,13.92667
0,2019-03-06,13.955,13.955,13.9,13.9,0.137917,-0.055,-0.394,"March 06, 19",-0.00394,11500.0,11500.0,13.91833
0,2019-03-05,13.92,14.02,13.92,14.0,0.138909,0.08,0.575,"March 05, 19",0.00575,14400.0,14400.0,13.98
0,2019-03-04,14.25,14.25,13.92,13.92,0.138115,-0.33,-2.316,"March 04, 19",-0.02316,27800.0,27800.0,14.03
0,2019-03-01,14.87,14.87,13.8,14.0,0.138909,-0.87,-5.851,"March 01, 19",-0.05851,38100.0,38100.0,14.22333
0,2019-02-28,14.725,15.0,14.39,14.87,0.147541,0.145,0.985,"February 28, 19",0.00985,80500.0,80500.0,14.75333
0,2019-02-27,14.73,14.74,14.7,14.74,0.146251,0.01,0.068,"February 27, 19",0.00068,10500.0,10500.0,14.72667
0,2019-02-26,14.9,14.945,14.5,14.6,0.144862,-0.3,-2.013,"February 26, 19",-0.02013,18000.0,18000.0,14.68167
0,2019-02-25,15.0,15.0,14.96,15.0,0.148831,0.0,0.0,"February 25, 19",0.0,32600.0,32600.0,14.98667
0,2019-02-22,14.875,15.0,14.75,15.0,0.148831,0.125,0.84,"February 22, 19",0.0084,42600.0,42600.0,14.91667
0,2019-02-21,14.65,14.9,14.65,14.75,0.14635,0.1,0.683,"February 21, 19",0.00683,7100.0,7100.0,14.76667
0,2019-02-20,14.86,15.0,14.75,14.9,0.147839,0.04,0.269,"February 20, 19",0.00269,23500.0,23500.0,14.88333
0,2019-02-19,14.9,14.99,14.73,14.86,0.147442,-0.04,-0.268,"February 19, 19",-0.00268,33500.0,33500.0,14.86
0,2019-02-15,14.9,15.1,14.51,14.98,0.148632,0.08,0.537,"February 15, 19",0.00537,24500.0,24500.0,14.86333
0,2019-02-14,14.6,15.0,14.6,15.0,0.148831,0.4,2.74,"February 14, 19",0.0274,6700.0,6700.0,14.86667
0,2019-02-13,14.65,14.75,14.65,14.7,0.145854,0.05,0.341,"February 13, 19",0.00341,45300.0,45300.0,14.7
0,2019-02-12,14.6,14.8,14.2,14.6,0.144862,0.0,0.0,"February 12, 19",0.0,11800.0,11800.0,14.53333
0,2019-02-11,15.0,15.0,14.1,14.35,0.142381,-0.65,-4.333,"February 11, 19",-0.04333,88400.0,88400.0,14.48333
0,2019-02-08,14.94,15.0,14.72,14.99,0.148732,0.05,0.335,"February 08, 19",0.00335,32200.0,32200.0,14.90333
0,2019-02-07,14.79,14.79,14.79,14.79,0.146747,0.0,0.0,"February 07, 19",0.0,2900.0,2900.0,14.79
0,2019-02-06,14.97,14.98,14.8,14.8,0.146846,-0.17,-1.136,"February 06, 19",-0.01136,6600.0,6600.0,14.86
0,2019-02-05,15.05,15.05,15.0,15.0,0.148831,-0.05,-0.332,"February 05, 19",-0.00332,29600.0,29600.0,15.01667
0,2019-02-04,15.225,15.25,15.04,15.04,0.149228,-0.185,-1.215,"February 04, 19",-0.01215,31400.0,31400.0,15.11
0,2019-02-01,15.35,15.35,15.2,15.2,0.150815,-0.15,-0.977,"February 01, 19",-0.00977,38700.0,38700.0,15.25
0,2019-01-31,15.5,15.55,15.35,15.35,0.152304,-0.15,-0.968,"January 31, 19",-0.00968,27300.0,27300.0,15.41667
0,2019-01-30,15.45,15.5,15.41,15.41,0.152899,-0.04,-0.259,"January 30, 19",-0.00259,15600.0,15600.0,15.44
0,2019-01-29,15.525,15.525,15.45,15.45,0.153296,-0.075,-0.483,"January 29, 19",-0.00483,34600.0,34600.0,15.475
0,2019-01-28,15.5,15.514,15.45,15.45,0.153296,-0.05,-0.323,"January 28, 19",-0.00323,11300.0,11300.0,15.47133
0,2019-01-25,15.7,15.7,15.61,15.62,0.154982,-0.08,-0.51,"January 25, 19",-0.0051,61700.0,61700.0,15.64333
0,2019-01-24,15.7,15.85,15.6,15.85,0.157265,0.15,0.955,"January 24, 19",0.00955,7200.0,7200.0,15.76667
0,2019-01-23,15.705,15.705,15.51,15.51,0.153891,-0.195,-1.242,"January 23, 19",-0.01242,800.0,800.0,15.575
0,2019-01-22,15.75,15.75,15.5,15.64,0.155181,-0.11,-0.698,"January 22, 19",-0.00698,5300.0,5300.0,15.63
0,2019-01-18,15.2,16.0,15.2,15.6,0.154784,0.4,2.632,"January 18, 19",0.02632,211900.0,211900.0,15.6
0,2019-01-17,15.25,15.35,15.1,15.15,0.150319,-0.1,-0.656,"January 17, 19",-0.00656,34500.0,34500.0,15.2
0,2019-01-16,15.32,15.6,15.04,15.25,0.151311,-0.07,-0.457,"January 16, 19",-0.00457,101500.0,101500.0,15.29667
0,2019-01-15,15.04,15.5,15.04,15.17,0.150518,0.13,0.864,"January 15, 19",0.00864,8100.0,8100.0,15.23667
0,2019-01-14,15.5,15.5,15.04,15.28,0.151609,-0.22,-1.419,"January 14, 19",-0.01419,64800.0,64800.0,15.27333
0,2019-01-11,15.74,15.74,15.45,15.5,0.153792,-0.24,-1.525,"January 11, 19",-0.01525,14400.0,14400.0,15.56333
0,2019-01-10,15.53,15.6,15.4,15.5,0.153792,-0.03,-0.193,"January 10, 19",-0.00193,84900.0,84900.0,15.5
0,2019-01-09,15.75,15.825,15.75,15.75,0.156272,0.0,0.0,"January 09, 19",0.0,9200.0,9200.0,15.775
0,2019-01-08,16.15,16.25,15.87,16.0,0.158753,-0.15,-0.929,"January 08, 19",-0.00929,21500.0,21500.0,16.04
0,2019-01-07,16.0,16.299999,16.0,16.16,0.16034,0.16,1.0,"January 07, 19",0.01,51100.0,51100.0,16.15333
0,2019-01-04,15.73,16.0,15.5,16.0,0.158753,0.27,1.716,"January 04, 19",0.01716,25500.0,25500.0,15.83333
0,2019-01-03,15.55,15.73,15.55,15.73,0.156074,0.18,1.158,"January 03, 19",0.01158,1300.0,1300.0,15.67
0,2019-01-02,15.65,15.66,15.65,15.66,0.155379,0.01,0.064,"January 02, 19",0.00064,10000.0,10000.0,15.65667
0,2018-12-31,14.95,15.8,14.95,15.8,0.156768,0.85,5.686,"December 31, 18",0.05686,51100.0,51100.0,15.51667
0,2018-12-28,15.125,15.125,14.56,14.85,0.147343,-0.275,-1.818,"December 28, 18",-0.01818,16500.0,16500.0,14.845
0,2018-12-27,14.76,15.01,14.29,15.01,0.14893,0.25,1.694,"December 27, 18",0.01694,31700.0,31700.0,14.77
0,2018-12-26,15.1,15.24,14.85,15.01,0.14893,-0.09,-0.596,"December 26, 18",-0.00596,47500.0,47500.0,15.03333
0,2018-12-24,14.75,15.29,14.75,15.1,0.149823,0.35,2.373,"December 24, 18",0.02373,12900.0,12900.0,15.04667
0,2018-12-21,14.5,15.29,14.4,15.05,0.149327,0.55,3.793,"December 21, 18",0.03793,47400.0,47400.0,14.91333
0,2018-12-20,14.7,14.85,14.42,14.8,0.146846,0.1,0.68,"December 20, 18",0.0068,101800.0,101800.0,14.69
0,2018-12-19,14.76,14.88,14.75,14.8,0.146846,0.04,0.271,"December 19, 18",0.00271,279400.0,279400.0,14.81
0,2018-12-18,15.43,15.43,14.61,14.75,0.14635,-0.68,-4.407,"December 18, 18",-0.04407,1318900.0,1318900.0,14.93
0,2018-12-17,16.950001,16.950001,15.06,15.75,0.156272,-1.2,-7.08,"December 17, 18",-0.0708,180800.0,180800.0,15.92
0,2018-12-14,16.799999,16.799999,16.450001,16.450001,0.163218,-0.35,-2.083,"December 14, 18",-0.02083,75500.0,75500.0,16.56667
0,2018-12-13,17.0,17.0,16.85,16.879999,0.167484,-0.12,-0.706,"December 13, 18",-0.00706,132400.0,132400.0,16.91
0,2018-12-12,16.700001,17.200001,16.700001,17.0,0.168675,0.3,1.796,"December 12, 18",0.01796,353800.0,353800.0,16.96667
0,2018-12-11,17.200001,17.200001,16.85,16.85,0.167187,-0.35,-2.035,"December 11, 18",-0.02035,83800.0,83800.0,16.96667
0,2018-12-10,17.15,17.4,17.1,17.18,0.170461,0.03,0.175,"December 10, 18",0.00175,30200.0,30200.0,17.22667
0,2018-12-07,17.5,18.0,16.959999,17.5,0.173636,0.0,0.0,"December 07, 18",0.0,152200.0,152200.0,17.48667
0,2018-12-06,17.299999,18.174999,17.299999,17.5,0.173636,0.2,1.156,"December 06, 18",0.01156,102500.0,102500.0,17.65833
0,2018-12-04,18.6,18.625,18.299999,18.5,0.183558,-0.1,-0.538,"December 04, 18",-0.00538,41000.0,41000.0,18.475
0,2018-12-03,18.450001,18.75,18.450001,18.6,0.18455,0.15,0.813,"December 03, 18",0.00813,100400.0,100400.0,18.6
0,2018-11-30,18.75,18.75,18.48,18.48,0.18336,-0.27,-1.44,"November 30, 18",-0.0144,26500.0,26500.0,18.57
0,2018-11-29,18.610001,18.799999,18.5,18.75,0.186039,0.14,0.752,"November 29, 18",0.00752,5300.0,5300.0,18.68333
0,2018-11-28,18.799999,18.85,18.6,18.674999,0.185294,-0.125,-0.665,"November 28, 18",-0.00665,105100.0,105100.0,18.70833
0,2018-11-27,19.4,19.4,18.959999,18.959999,0.188122,-0.44,-2.268,"November 27, 18",-0.02268,32500.0,32500.0,19.10667
0,2018-11-26,19.809999,19.809999,19.25,19.25,0.191,-0.56,-2.827,"November 26, 18",-0.02827,126300.0,126300.0,19.43667
0,2018-11-23,19.85,19.889999,19.41,19.559999,0.194075,-0.29,-1.461,"November 23, 18",-0.01461,64700.0,64700.0,19.62
0,2018-11-21,20.15,20.15,19.9,19.9,0.197449,-0.25,-1.241,"November 21, 18",-0.01241,65500.0,65500.0,19.98333
0,2018-11-20,20.75,20.75,20.1,20.1,0.199433,-0.65,-3.133,"November 20, 18",-0.03133,57300.0,57300.0,20.31667
0,2018-11-19,20.77,20.799999,20.690001,20.719999,0.205585,-0.05,-0.241,"November 19, 18",-0.00241,29600.0,29600.0,20.73667
0,2018-11-16,20.9,21.0,20.700001,20.799999,0.206379,-0.1,-0.478,"November 16, 18",-0.00478,148300.0,148300.0,20.83333
0,2018-11-15,21.0,21.98,20.799999,20.950001,0.207867,-0.05,-0.238,"November 15, 18",-0.00238,82100.0,82100.0,21.24333
0,2018-11-14,21.15,21.200001,20.66,21.0,0.208363,-0.15,-0.709,"November 14, 18",-0.00709,140600.0,140600.0,20.95333
0,2018-11-13,21.6,21.6,21.1,21.1,0.209355,-0.5,-2.315,"November 13, 18",-0.02315,121500.0,121500.0,21.26667
0,2018-11-12,21.35,21.379999,21.219999,21.24,0.210744,-0.11,-0.515,"November 12, 18",-0.00515,24700.0,24700.0,21.28
0,2018-11-09,21.51,21.559999,21.35,21.35,0.211836,-0.16,-0.744,"November 09, 18",-0.00744,21200.0,21200.0,21.42
0,2018-11-08,21.450001,21.66,21.450001,21.610001,0.214416,0.16,0.746,"November 08, 18",0.00746,66900.0,66900.0,21.57333
0,2018-11-07,21.4,21.700001,21.299999,21.700001,0.215309,0.3,1.402,"November 07, 18",0.01402,59600.0,59600.0,21.56667
0,2018-11-06,21.549999,21.690001,21.4,21.4,0.212332,-0.15,-0.696,"November 06, 18",-0.00696,52400.0,52400.0,21.49667
0,2018-11-05,21.549999,21.700001,21.48,21.549999,0.21382,0.0,0.0,"November 05, 18",0.0,124600.0,124600.0,21.57667
0,2018-11-02,21.67,21.700001,21.549999,21.549999,0.21382,-0.12,-0.554,"November 02, 18",-0.00554,117600.0,117600.0,21.6
0,2018-11-01,21.35,21.9,21.200001,21.700001,0.215309,0.35,1.639,"November 01, 18",0.01639,60900.0,60900.0,21.6
0,2018-10-31,21.4,21.4,21.15,21.32,0.211538,-0.08,-0.374,"October 31, 18",-0.00374,97600.0,97600.0,21.29
0,2018-10-30,21.17,21.290001,21.17,21.219999,0.210546,0.05,0.236,"October 30, 18",0.00236,8600.0,8600.0,21.22667
0,2018-10-29,21.17,21.32,21.15,21.18,0.210149,0.01,0.047,"October 29, 18",0.00047,73400.0,73400.0,21.21667
0,2018-10-26,20.99,21.15,20.99,21.15,0.209851,0.16,0.762,"October 26, 18",0.00762,64700.0,64700.0,21.09667
0,2018-10-25,20.700001,21.040001,20.700001,21.0,0.208363,0.3,1.449,"October 25, 18",0.01449,170100.0,170100.0,20.91333
0,2018-10-24,21.299999,21.299999,20.379999,20.700001,0.205387,-0.6,-2.817,"October 24, 18",-0.02817,558300.0,558300.0,20.79333
0,2018-10-23,21.870001,21.870001,21.610001,21.870001,0.216995,0.0,0.0,"October 23, 18",0.0,76600.0,76600.0,21.78333
0,2018-10-22,21.99,21.99,21.809999,21.9,0.217293,-0.09,-0.409,"October 22, 18",-0.00409,45800.0,45800.0,21.9
0,2018-10-19,21.825001,21.99,21.809999,21.99,0.218186,0.165,0.756,"October 19, 18",0.00756,5200.0,5200.0,21.93
0,2018-10-18,21.85,21.9,21.799999,21.809999,0.2164,-0.04,-0.183,"October 18, 18",-0.00183,129900.0,129900.0,21.83667
0,2018-10-17,21.85,21.969999,21.75,21.969999,0.217988,0.12,0.549,"October 17, 18",0.00549,125200.0,125200.0,21.89667
0,2018-10-16,21.790001,21.870001,21.75,21.85,0.216797,0.06,0.275,"October 16, 18",0.00275,41500.0,41500.0,21.82333
0,2018-10-15,21.84,21.9,21.84,21.84,0.216698,0.0,0.0,"October 15, 18",0.0,35600.0,35600.0,21.86
0,2018-10-12,21.514999,21.85,21.5,21.85,0.216797,0.335,1.557,"October 12, 18",0.01557,22600.0,22600.0,21.73333
0,2018-10-11,21.559999,21.6,21.4,21.530001,0.213622,-0.03,-0.139,"October 11, 18",-0.00139,68600.0,68600.0,21.51
0,2018-10-10,21.719999,21.754999,21.58,21.58,0.214118,-0.14,-0.645,"October 10, 18",-0.00645,46200.0,46200.0,21.63833
0,2018-10-09,21.790001,21.9,21.700001,21.719999,0.215507,-0.07,-0.321,"October 09, 18",-0.00321,61500.0,61500.0,21.77333
0,2018-10-08,21.9,21.9,21.799999,21.85,0.216797,-0.05,-0.228,"October 08, 18",-0.00228,109800.0,109800.0,21.85
0,2018-10-05,21.5,21.9,21.5,21.75,0.215805,0.25,1.163,"October 05, 18",0.01163,117000.0,117000.0,21.71667
0,2018-10-04,21.549999,21.709999,21.469999,21.549999,0.21382,0.0,0.0,"October 04, 18",0.0,529800.0,529800.0,21.57667
0,2018-10-03,21.6,21.700001,21.450001,21.549999,0.21382,-0.05,-0.231,"October 03, 18",-0.00231,176900.0,176900.0,21.56667
0,2018-10-02,21.700001,21.9,21.5,21.6,0.214316,-0.1,-0.461,"October 02, 18",-0.00461,89600.0,89600.0,21.66667
0,2018-10-01,21.75,21.76,21.549999,21.709999,0.215408,-0.04,-0.184,"October 01, 18",-0.00184,42300.0,42300.0,21.67333
0,2018-09-28,21.6,21.620001,21.299999,21.450001,0.212828,-0.15,-0.694,"September 28, 18",-0.00694,151700.0,151700.0,21.45667
0,2018-09-27,21.75,21.75,21.5,21.6,0.214316,-0.15,-0.69,"September 27, 18",-0.0069,138600.0,138600.0,21.61667
0,2018-09-26,21.799999,21.799999,21.68,21.719999,0.215507,-0.08,-0.367,"September 26, 18",-0.00367,492200.0,492200.0,21.73333
0,2018-09-25,21.450001,21.75,21.379999,21.75,0.215805,0.3,1.399,"September 25, 18",0.01399,1098800.0,1098800.0,21.62667
0,2018-09-24,21.17,21.5,21.17,21.299999,0.21134,0.13,0.614,"September 24, 18",0.00614,411000.0,411000.0,21.32333
0,2018-09-21,21.17,21.200001,20.950001,21.0,0.208363,-0.17,-0.803,"September 21, 18",-0.00803,47300.0,47300.0,21.05
0,2018-09-20,21.209999,21.25,21.1,21.200001,0.210348,-0.01,-0.047,"September 20, 18",-0.00047,124300.0,124300.0,21.18333
0,2018-09-19,21.200001,21.25,21.16,21.209999,0.210447,0.01,0.047,"September 19, 18",0.00047,66500.0,66500.0,21.20667
0,2018-09-18,21.25,21.450001,21.200001,21.25,0.210844,0.0,0.0,"September 18, 18",0.0,120700.0,120700.0,21.3
0,2018-09-17,21.25,21.35,21.25,21.309999,0.211439,0.06,0.282,"September 17, 18",0.00282,24700.0,24700.0,21.30333
0,2018-09-14,21.1,21.5,21.1,21.25,0.210844,0.15,0.711,"September 14, 18",0.00711,83500.0,83500.0,21.28333
0,2018-09-13,20.9,21.200001,20.9,21.15,0.209851,0.25,1.196,"September 13, 18",0.01196,505600.0,505600.0,21.08333
0,2018-09-12,21.25,21.25,20.9,21.0,0.208363,-0.25,-1.176,"September 12, 18",-0.01176,167600.0,167600.0,21.05
0,2018-09-11,21.24,21.27,20.950001,21.25,0.210844,0.01,0.047,"September 11, 18",0.00047,120600.0,120600.0,21.15667
0,2018-09-10,21.0,21.25,21.0,21.25,0.210844,0.25,1.19,"September 10, 18",0.0119,67800.0,67800.0,21.16667
0,2018-09-07,21.25,21.25,20.9,21.0,0.208363,-0.25,-1.176,"September 07, 18",-0.01176,587800.0,587800.0,21.05
0,2018-09-06,21.25,21.25,21.25,21.25,0.210844,0.0,0.0,"September 06, 18",0.0,105800.0,105800.0,21.25
0,2018-09-05,21.549999,21.549999,21.049999,21.4,0.212332,-0.15,-0.696,"September 05, 18",-0.00696,214000.0,214000.0,21.33333
0,2018-09-04,21.6,21.74,21.6,21.6,0.214316,0.0,0.0,"September 04, 18",0.0,22500.0,22500.0,21.64667
0,2018-08-31,21.754999,21.754999,21.5,21.5,0.213324,-0.255,-1.172,"August 31, 18",-0.01172,102900.0,102900.0,21.585
0,2018-08-30,21.75,21.9,21.75,21.75,0.215805,0.0,0.0,"August 30, 18",0.0,28400.0,28400.0,21.8
0,2018-08-29,21.9,21.950001,21.75,21.950001,0.217789,0.05,0.228,"August 29, 18",0.00228,11800.0,11800.0,21.88333
0,2018-08-28,21.75,22.0,21.75,22.0,0.218285,0.25,1.149,"August 28, 18",0.01149,7800.0,7800.0,21.91667
0,2018-08-27,21.950001,22.0,21.75,22.0,0.218285,0.05,0.228,"August 27, 18",0.00228,349100.0,349100.0,21.91667
0,2018-08-24,22.25,22.25,21.950001,22.0,0.218285,-0.25,-1.124,"August 24, 18",-0.01124,34900.0,34900.0,22.06667
0,2018-08-23,22.0,22.5,21.07,21.950001,0.217789,-0.05,-0.227,"August 23, 18",-0.00227,206100.0,206100.0,21.84
0,2018-08-22,21.5,21.799999,21.0,21.799999,0.216301,0.3,1.395,"August 22, 18",0.01395,17500.0,17500.0,21.53333
0,2018-08-21,21.5,22.4,21.5,21.799999,0.216301,0.3,1.395,"August 21, 18",0.01395,51800.0,51800.0,21.9
0,2018-08-20,21.0,22.950001,21.0,22.950001,0.227711,1.95,9.286,"August 20, 18",0.09286,36200.0,36200.0,22.3
0,2018-08-17,21.0,22.0,20.75,22.0,0.218285,1.0,4.762,"August 17, 18",0.04762,37500.0,37500.0,21.58333
0,2018-08-16,21.75,21.75,20.75,21.35,0.211836,-0.4,-1.839,"August 16, 18",-0.01839,1900.0,1900.0,21.28333
0,2018-08-15,22.0,22.0,20.049999,20.75,0.205883,-1.25,-5.682,"August 15, 18",-0.05682,192300.0,192300.0,20.93333
0,2018-08-14,21.049999,23.75,21.049999,22.450001,0.22275,1.4,6.651,"August 14, 18",0.06651,346500.0,346500.0,22.41667
0,2018-08-13,24.75,24.75,21.049999,23.75,0.235649,-1.0,-4.04,"August 13, 18",-0.0404,900.0,900.0,23.18333
0,2018-08-10,24.5,24.5,22.049999,23.75,0.235649,-0.75,-3.061,"August 10, 18",-0.03061,120600.0,120600.0,23.43333
0,2018-08-09,23.24,25.0,22.950001,24.5,0.24309,1.26,5.422,"August 09, 18",0.05422,74000.0,74000.0,24.15
0,2018-08-08,22.25,23.25,21.5,23.25,0.230688,1.0,4.494,"August 08, 18",0.04494,56300.0,56300.0,22.66667
