trix_word,YYYYWN,WN1,MIN of YYYYMMDD,MAX of YYYYMMDD,YYYY,MM,DD,YYYY,MM,DD,begin_week,end_week,,,,,
smokie,200401,1,20040102,20040102,2004,1,2,2004,1,2,1/2/2004,1/2/2004,,1/2/2004,,,
smokie,200402,2,20040105,20040109,2004,1,5,2004,1,9,1/5/2004,1/9/2004,,1/9/2004,,8/31/2448,
smokie,200403,3,20040112,20040116,2004,1,12,2004,1,16,1/12/2004,1/16/2004, 7.00 ,1/16/2004,,,
smokie,200404,4,20040120,20040123,2004,1,20,2004,1,23,1/20/2004,1/23/2004, 8.00 ,1/23/2004,,,
smokie,200405,5,20040126,20040130,2004,1,26,2004,1,30,1/26/2004,1/30/2004, 6.00 ,1/30/2004,,,
smokie,200406,6,20040202,20040206,2004,2,2,2004,2,6,2/2/2004,2/6/2004, 7.00 ,2/6/2004,,,
smokie,200407,7,20040209,20040213,2004,2,9,2004,2,13,2/9/2004,2/13/2004, 7.00 ,2/13/2004,,,
smokie,200408,8,20040217,20040220,2004,2,17,2004,2,20,2/17/2004,2/20/2004, 8.00 ,2/20/2004,,,
smokie,200409,9,20040223,20040227,2004,2,23,2004,2,27,2/23/2004,2/27/2004, 6.00 ,2/27/2004,,,
smokie,200410,10,20040301,20040305,2004,3,1,2004,3,5,3/1/2004,3/5/2004, 7.00 ,3/5/2004,,,
smokie,200411,11,20040308,20040312,2004,3,8,2004,3,12,3/8/2004,3/12/2004, 7.00 ,3/12/2004,,,
smokie,200412,12,20040315,20040319,2004,3,15,2004,3,19,3/15/2004,3/19/2004, 7.00 ,3/19/2004,,,
smokie,200413,13,20040322,20040326,2004,3,22,2004,3,26,3/22/2004,3/26/2004, 7.00 ,3/26/2004,,,
smokie,200414,14,20040329,20040402,2004,3,29,2004,4,2,3/29/2004,4/2/2004, 7.00 ,4/2/2004,,,
smokie,200415,15,20040405,20040408,2004,4,5,2004,4,8,4/5/2004,4/8/2004, 7.00 ,4/9/2004,,,
smokie,200416,16,20040412,20040416,2004,4,12,2004,4,16,4/12/2004,4/16/2004, 7.00 ,4/16/2004,,,
smokie,200417,17,20040419,20040423,2004,4,19,2004,4,23,4/19/2004,4/23/2004, 7.00 ,4/23/2004,,,
smokie,200418,18,20040426,20040430,2004,4,26,2004,4,30,4/26/2004,4/30/2004, 7.00 ,4/30/2004,,,
smokie,200419,19,20040503,20040507,2004,5,3,2004,5,7,5/3/2004,5/7/2004, 7.00 ,5/7/2004,,,
smokie,200420,20,20040510,20040514,2004,5,10,2004,5,14,5/10/2004,5/14/2004, 7.00 ,5/14/2004,,,
smokie,200421,21,20040517,20040521,2004,5,17,2004,5,21,5/17/2004,5/21/2004, 7.00 ,5/21/2004,,,
smokie,200422,22,20040524,20040528,2004,5,24,2004,5,28,5/24/2004,5/28/2004, 7.00 ,5/28/2004,,,
smokie,200423,23,20040601,20040604,2004,6,1,2004,6,4,6/1/2004,6/4/2004, 8.00 ,6/4/2004,,,
smokie,200424,24,20040607,20040610,2004,6,7,2004,6,10,6/7/2004,6/10/2004, 6.00 ,6/11/2004,,,
smokie,200425,25,20040614,20040618,2004,6,14,2004,6,18,6/14/2004,6/18/2004, 7.00 ,6/18/2004,,,
smokie,200426,26,20040621,20040625,2004,6,21,2004,6,25,6/21/2004,6/25/2004, 7.00 ,6/25/2004,,,
smokie,200427,27,20040628,20040702,2004,6,28,2004,7,2,6/28/2004,7/2/2004, 7.00 ,7/2/2004,,,
smokie,200428,28,20040706,20040709,2004,7,6,2004,7,9,7/6/2004,7/9/2004, 8.00 ,7/9/2004,,,
smokie,200429,29,20040712,20040716,2004,7,12,2004,7,16,7/12/2004,7/16/2004, 6.00 ,7/16/2004,,,
smokie,200430,30,20040719,20040723,2004,7,19,2004,7,23,7/19/2004,7/23/2004, 7.00 ,7/23/2004,,,
smokie,200431,31,20040726,20040730,2004,7,26,2004,7,30,7/26/2004,7/30/2004, 7.00 ,7/30/2004,,,
smokie,200432,32,20040802,20040806,2004,8,2,2004,8,6,8/2/2004,8/6/2004, 7.00 ,8/6/2004,,,
smokie,200433,33,20040809,20040813,2004,8,9,2004,8,13,8/9/2004,8/13/2004, 7.00 ,8/13/2004,,,
smokie,200434,34,20040816,20040820,2004,8,16,2004,8,20,8/16/2004,8/20/2004, 7.00 ,8/20/2004,,,
smokie,200435,35,20040823,20040827,2004,8,23,2004,8,27,8/23/2004,8/27/2004, 7.00 ,8/27/2004,,,
smokie,200436,36,20040830,20040903,2004,8,30,2004,9,3,8/30/2004,9/3/2004, 7.00 ,9/3/2004,,,
smokie,200437,37,20040907,20040910,2004,9,7,2004,9,10,9/7/2004,9/10/2004, 8.00 ,9/10/2004,,,
smokie,200438,38,20040913,20040917,2004,9,13,2004,9,17,9/13/2004,9/17/2004, 6.00 ,9/17/2004,,,
smokie,200439,39,20040920,20040924,2004,9,20,2004,9,24,9/20/2004,9/24/2004, 7.00 ,9/24/2004,,,
smokie,200440,40,20040927,20041001,2004,9,27,2004,10,1,9/27/2004,10/1/2004, 7.00 ,10/1/2004,,,
smokie,200441,41,20041004,20041008,2004,10,4,2004,10,8,10/4/2004,10/8/2004, 7.00 ,10/8/2004,,,
smokie,200442,42,20041011,20041015,2004,10,11,2004,10,15,10/11/2004,10/15/2004, 7.00 ,10/15/2004,,,
smokie,200443,43,20041018,20041022,2004,10,18,2004,10,22,10/18/2004,10/22/2004, 7.00 ,10/22/2004,,,
smokie,200444,44,20041025,20041029,2004,10,25,2004,10,29,10/25/2004,10/29/2004, 7.00 ,10/29/2004,,,
smokie,200445,45,20041101,20041105,2004,11,1,2004,11,5,11/1/2004,11/5/2004, 7.00 ,11/5/2004,,,
smokie,200446,46,20041108,20041112,2004,11,8,2004,11,12,11/8/2004,11/12/2004, 7.00 ,11/12/2004,,,
smokie,200447,47,20041115,20041119,2004,11,15,2004,11,19,11/15/2004,11/19/2004, 7.00 ,11/19/2004,,,
smokie,200448,48,20041122,20041126,2004,11,22,2004,11,26,11/22/2004,11/26/2004, 7.00 ,11/26/2004,,,
smokie,200449,49,20041129,20041203,2004,11,29,2004,12,3,11/29/2004,12/3/2004, 7.00 ,12/3/2004,,,
smokie,200450,50,20041206,20041210,2004,12,6,2004,12,10,12/6/2004,12/10/2004, 7.00 ,12/10/2004,,,
smokie,200451,51,20041213,20041217,2004,12,13,2004,12,17,12/13/2004,12/17/2004, 7.00 ,12/17/2004,,,
smokie,200452,52,20041220,20041223,2004,12,20,2004,12,23,12/20/2004,12/23/2004, 7.00 ,12/24/2004,,,
smokie,200453,53,20041227,20041231,2004,12,27,2004,12,31,12/27/2004,12/31/2004, 7.00 ,12/31/2004,,,
smokie,200502,2,20050103,20050107,2005,1,3,2005,1,7,1/3/2005,1/7/2005, 7.00 ,1/7/2005,,,
smokie,200503,3,20050110,20050114,2005,1,10,2005,1,14,1/10/2005,1/14/2005, 7.00 ,1/14/2005,,,
smokie,200504,4,20050118,20050121,2005,1,18,2005,1,21,1/18/2005,1/21/2005, 8.00 ,1/21/2005,,,
smokie,200505,5,20050124,20050128,2005,1,24,2005,1,28,1/24/2005,1/28/2005, 6.00 ,1/28/2005,,,
smokie,200506,6,20050131,20050204,2005,1,31,2005,2,4,1/31/2005,2/4/2005, 7.00 ,2/4/2005,,,
smokie,200507,7,20050207,20050211,2005,2,7,2005,2,11,2/7/2005,2/11/2005, 7.00 ,2/11/2005,,,
smokie,200508,8,20050214,20050218,2005,2,14,2005,2,18,2/14/2005,2/18/2005, 7.00 ,2/18/2005,,,
smokie,200509,9,20050222,20050225,2005,2,22,2005,2,25,2/22/2005,2/25/2005, 8.00 ,2/25/2005,,,
smokie,200510,10,20050228,20050304,2005,2,28,2005,3,4,2/28/2005,3/4/2005, 6.00 ,3/4/2005,,,
smokie,200511,11,20050307,20050311,2005,3,7,2005,3,11,3/7/2005,3/11/2005, 7.00 ,3/11/2005,,,
smokie,200512,12,20050314,20050318,2005,3,14,2005,3,18,3/14/2005,3/18/2005, 7.00 ,3/18/2005,,,
smokie,200513,13,20050321,20050324,2005,3,21,2005,3,24,3/21/2005,3/24/2005, 7.00 ,3/25/2005,,,
smokie,200514,14,20050328,20050401,2005,3,28,2005,4,1,3/28/2005,4/1/2005, 7.00 ,4/1/2005,,,
smokie,200515,15,20050404,20050408,2005,4,4,2005,4,8,4/4/2005,4/8/2005, 7.00 ,4/8/2005,,,
smokie,200516,16,20050411,20050415,2005,4,11,2005,4,15,4/11/2005,4/15/2005, 7.00 ,4/15/2005,,,
smokie,200517,17,20050418,20050422,2005,4,18,2005,4,22,4/18/2005,4/22/2005, 7.00 ,4/22/2005,,,
smokie,200518,18,20050425,20050429,2005,4,25,2005,4,29,4/25/2005,4/29/2005, 7.00 ,4/29/2005,,,
smokie,200519,19,20050502,20050506,2005,5,2,2005,5,6,5/2/2005,5/6/2005, 7.00 ,5/6/2005,,,
smokie,200520,20,20050509,20050513,2005,5,9,2005,5,13,5/9/2005,5/13/2005, 7.00 ,5/13/2005,,,
smokie,200521,21,20050516,20050520,2005,5,16,2005,5,20,5/16/2005,5/20/2005, 7.00 ,5/20/2005,,,
smokie,200522,22,20050523,20050527,2005,5,23,2005,5,27,5/23/2005,5/27/2005, 7.00 ,5/27/2005,,,
smokie,200523,23,20050531,20050603,2005,5,31,2005,6,3,5/31/2005,6/3/2005, 8.00 ,6/3/2005,,,
smokie,200524,24,20050606,20050610,2005,6,6,2005,6,10,6/6/2005,6/10/2005, 6.00 ,6/10/2005,,,
smokie,200525,25,20050613,20050617,2005,6,13,2005,6,17,6/13/2005,6/17/2005, 7.00 ,6/17/2005,,,
smokie,200526,26,20050620,20050624,2005,6,20,2005,6,24,6/20/2005,6/24/2005, 7.00 ,6/24/2005,,,
smokie,200527,27,20050627,20050701,2005,6,27,2005,7,1,6/27/2005,7/1/2005, 7.00 ,7/1/2005,,,
smokie,200528,28,20050705,20050708,2005,7,5,2005,7,8,7/5/2005,7/8/2005, 8.00 ,7/8/2005,,,
smokie,200529,29,20050711,20050715,2005,7,11,2005,7,15,7/11/2005,7/15/2005, 6.00 ,7/15/2005,,,
smokie,200530,30,20050718,20050722,2005,7,18,2005,7,22,7/18/2005,7/22/2005, 7.00 ,7/22/2005,,,
smokie,200531,31,20050725,20050729,2005,7,25,2005,7,29,7/25/2005,7/29/2005, 7.00 ,7/29/2005,,,
smokie,200532,32,20050801,20050805,2005,8,1,2005,8,5,8/1/2005,8/5/2005, 7.00 ,8/5/2005,,,
smokie,200533,33,20050808,20050812,2005,8,8,2005,8,12,8/8/2005,8/12/2005, 7.00 ,8/12/2005,,,
smokie,200534,34,20050815,20050819,2005,8,15,2005,8,19,8/15/2005,8/19/2005, 7.00 ,8/19/2005,,,
smokie,200535,35,20050822,20050826,2005,8,22,2005,8,26,8/22/2005,8/26/2005, 7.00 ,8/26/2005,,,
smokie,200536,36,20050829,20050902,2005,8,29,2005,9,2,8/29/2005,9/2/2005, 7.00 ,9/2/2005,,,
smokie,200537,37,20050906,20050909,2005,9,6,2005,9,9,9/6/2005,9/9/2005, 8.00 ,9/9/2005,,,
smokie,200538,38,20050912,20050916,2005,9,12,2005,9,16,9/12/2005,9/16/2005, 6.00 ,9/16/2005,,,
smokie,200539,39,20050919,20050923,2005,9,19,2005,9,23,9/19/2005,9/23/2005, 7.00 ,9/23/2005,,,
smokie,200540,40,20050926,20050930,2005,9,26,2005,9,30,9/26/2005,9/30/2005, 7.00 ,9/30/2005,,,
smokie,200541,41,20051003,20051007,2005,10,3,2005,10,7,10/3/2005,10/7/2005, 7.00 ,10/7/2005,,,
smokie,200542,42,20051010,20051014,2005,10,10,2005,10,14,10/10/2005,10/14/2005, 7.00 ,10/14/2005,,,
smokie,200543,43,20051017,20051021,2005,10,17,2005,10,21,10/17/2005,10/21/2005, 7.00 ,10/21/2005,,,
smokie,200544,44,20051024,20051028,2005,10,24,2005,10,28,10/24/2005,10/28/2005, 7.00 ,10/28/2005,,,
smokie,200545,45,20051031,20051104,2005,10,31,2005,11,4,10/31/2005,11/4/2005, 7.00 ,11/4/2005,,,
smokie,200546,46,20051107,20051111,2005,11,7,2005,11,11,11/7/2005,11/11/2005, 7.00 ,11/11/2005,,,
smokie,200547,47,20051114,20051118,2005,11,14,2005,11,18,11/14/2005,11/18/2005, 7.00 ,11/18/2005,,,
smokie,200548,48,20051121,20051125,2005,11,21,2005,11,25,11/21/2005,11/25/2005, 7.00 ,11/25/2005,,,
smokie,200549,49,20051128,20051202,2005,11,28,2005,12,2,11/28/2005,12/2/2005, 7.00 ,12/2/2005,,,
smokie,200550,50,20051205,20051209,2005,12,5,2005,12,9,12/5/2005,12/9/2005, 7.00 ,12/9/2005,,,
smokie,200551,51,20051212,20051216,2005,12,12,2005,12,16,12/12/2005,12/16/2005, 7.00 ,12/16/2005,,,
smokie,200552,52,20051219,20051223,2005,12,19,2005,12,23,12/19/2005,12/23/2005, 7.00 ,12/23/2005,,,
smokie,200553,53,20051227,20051230,2005,12,27,2005,12,30,12/27/2005,12/30/2005, 8.00 ,12/30/2005,,,
smokie,200601,1,20060103,20060106,2006,1,3,2006,1,6,1/3/2006,1/6/2006, 7.00 ,1/6/2006,,,
smokie,200602,2,20060109,20060113,2006,1,9,2006,1,13,1/9/2006,1/13/2006, 6.00 ,1/13/2006,,,
smokie,200603,3,20060117,20060120,2006,1,17,2006,1,20,1/17/2006,1/20/2006, 8.00 ,1/20/2006,,,
smokie,200604,4,20060123,20060127,2006,1,23,2006,1,27,1/23/2006,1/27/2006, 6.00 ,1/27/2006,,,
smokie,200605,5,20060130,20060203,2006,1,30,2006,2,3,1/30/2006,2/3/2006, 7.00 ,2/3/2006,,,
smokie,200606,6,20060206,20060210,2006,2,6,2006,2,10,2/6/2006,2/10/2006, 7.00 ,2/10/2006,,,
smokie,200607,7,20060213,20060217,2006,2,13,2006,2,17,2/13/2006,2/17/2006, 7.00 ,2/17/2006,,,
smokie,200608,8,20060221,20060224,2006,2,21,2006,2,24,2/21/2006,2/24/2006, 8.00 ,2/24/2006,,,
smokie,200609,9,20060227,20060303,2006,2,27,2006,3,3,2/27/2006,3/3/2006, 6.00 ,3/3/2006,,,
smokie,200610,10,20060306,20060310,2006,3,6,2006,3,10,3/6/2006,3/10/2006, 7.00 ,3/10/2006,,,
smokie,200611,11,20060313,20060317,2006,3,13,2006,3,17,3/13/2006,3/17/2006, 7.00 ,3/17/2006,,,
smokie,200612,12,20060320,20060324,2006,3,20,2006,3,24,3/20/2006,3/24/2006, 7.00 ,3/24/2006,,,
smokie,200613,13,20060327,20060331,2006,3,27,2006,3,31,3/27/2006,3/31/2006, 7.00 ,3/31/2006,,,
smokie,200614,14,20060403,20060407,2006,4,3,2006,4,7,4/3/2006,4/7/2006, 7.00 ,4/7/2006,,,
smokie,200615,15,20060410,20060413,2006,4,10,2006,4,13,4/10/2006,4/13/2006, 7.00 ,4/14/2006,,,
smokie,200616,16,20060417,20060421,2006,4,17,2006,4,21,4/17/2006,4/21/2006, 7.00 ,4/21/2006,,,
smokie,200617,17,20060424,20060428,2006,4,24,2006,4,28,4/24/2006,4/28/2006, 7.00 ,4/28/2006,,,
smokie,200618,18,20060501,20060505,2006,5,1,2006,5,5,5/1/2006,5/5/2006, 7.00 ,5/5/2006,,,
smokie,200619,19,20060508,20060512,2006,5,8,2006,5,12,5/8/2006,5/12/2006, 7.00 ,5/12/2006,,,
smokie,200620,20,20060515,20060519,2006,5,15,2006,5,19,5/15/2006,5/19/2006, 7.00 ,5/19/2006,,,
smokie,200621,21,20060522,20060526,2006,5,22,2006,5,26,5/22/2006,5/26/2006, 7.00 ,5/26/2006,,,
smokie,200622,22,20060530,20060602,2006,5,30,2006,6,2,5/30/2006,6/2/2006, 8.00 ,6/2/2006,,,
smokie,200623,23,20060605,20060609,2006,6,5,2006,6,9,6/5/2006,6/9/2006, 6.00 ,6/9/2006,,,
smokie,200624,24,20060612,20060616,2006,6,12,2006,6,16,6/12/2006,6/16/2006, 7.00 ,6/16/2006,,,
smokie,200625,25,20060619,20060623,2006,6,19,2006,6,23,6/19/2006,6/23/2006, 7.00 ,6/23/2006,,,
smokie,200626,26,20060626,20060630,2006,6,26,2006,6,30,6/26/2006,6/30/2006, 7.00 ,6/30/2006,,,
smokie,200627,27,20060703,20060707,2006,7,3,2006,7,7,7/3/2006,7/7/2006, 7.00 ,7/7/2006,,,
smokie,200628,28,20060710,20060714,2006,7,10,2006,7,14,7/10/2006,7/14/2006, 7.00 ,7/14/2006,,,
smokie,200629,29,20060717,20060721,2006,7,17,2006,7,21,7/17/2006,7/21/2006, 7.00 ,7/21/2006,,,
smokie,200630,30,20060724,20060728,2006,7,24,2006,7,28,7/24/2006,7/28/2006, 7.00 ,7/28/2006,,,
smokie,200631,31,20060731,20060804,2006,7,31,2006,8,4,7/31/2006,8/4/2006, 7.00 ,8/4/2006,,,
smokie,200632,32,20060807,20060811,2006,8,7,2006,8,11,8/7/2006,8/11/2006, 7.00 ,8/11/2006,,,
smokie,200633,33,20060814,20060818,2006,8,14,2006,8,18,8/14/2006,8/18/2006, 7.00 ,8/18/2006,,,
smokie,200634,34,20060821,20060825,2006,8,21,2006,8,25,8/21/2006,8/25/2006, 7.00 ,8/25/2006,,,
smokie,200635,35,20060828,20060901,2006,8,28,2006,9,1,8/28/2006,9/1/2006, 7.00 ,9/1/2006,,,
smokie,200636,36,20060905,20060908,2006,9,5,2006,9,8,9/5/2006,9/8/2006, 8.00 ,9/8/2006,,,
smokie,200637,37,20060911,20060915,2006,9,11,2006,9,15,9/11/2006,9/15/2006, 6.00 ,9/15/2006,,,
smokie,200638,38,20060918,20060922,2006,9,18,2006,9,22,9/18/2006,9/22/2006, 7.00 ,9/22/2006,,,
smokie,200639,39,20060925,20060929,2006,9,25,2006,9,29,9/25/2006,9/29/2006, 7.00 ,9/29/2006,,,
smokie,200640,40,20061002,20061006,2006,10,2,2006,10,6,10/2/2006,10/6/2006, 7.00 ,10/6/2006,,,
smokie,200641,41,20061009,20061013,2006,10,9,2006,10,13,10/9/2006,10/13/2006, 7.00 ,10/13/2006,,,
smokie,200642,42,20061016,20061020,2006,10,16,2006,10,20,10/16/2006,10/20/2006, 7.00 ,10/20/2006,,,
smokie,200643,43,20061023,20061027,2006,10,23,2006,10,27,10/23/2006,10/27/2006, 7.00 ,10/27/2006,,,
smokie,200644,44,20061030,20061103,2006,10,30,2006,11,3,10/30/2006,11/3/2006, 7.00 ,11/3/2006,,,
smokie,200645,45,20061106,20061110,2006,11,6,2006,11,10,11/6/2006,11/10/2006, 7.00 ,11/10/2006,,,
smokie,200646,46,20061113,20061117,2006,11,13,2006,11,17,11/13/2006,11/17/2006, 7.00 ,11/17/2006,,,
smokie,200647,47,20061120,20061124,2006,11,20,2006,11,24,11/20/2006,11/24/2006, 7.00 ,11/24/2006,,,
smokie,200648,48,20061127,20061201,2006,11,27,2006,12,1,11/27/2006,12/1/2006, 7.00 ,12/1/2006,,,
smokie,200649,49,20061204,20061208,2006,12,4,2006,12,8,12/4/2006,12/8/2006, 7.00 ,12/8/2006,,,
smokie,200650,50,20061211,20061215,2006,12,11,2006,12,15,12/11/2006,12/15/2006, 7.00 ,12/15/2006,,,
smokie,200651,51,20061218,20061222,2006,12,18,2006,12,22,12/18/2006,12/22/2006, 7.00 ,12/22/2006,,,
smokie,200652,52,20061226,20061229,2006,12,26,2006,12,29,12/26/2006,12/29/2006, 8.00 ,12/29/2006,,,
smokie,200701,1,20070103,20070105,2007,1,3,2007,1,5,1/3/2007,1/5/2007, 8.00 ,1/5/2007,,,
smokie,200702,2,20070108,20070112,2007,1,8,2007,1,12,1/8/2007,1/12/2007, 5.00 ,1/12/2007,,,
smokie,200703,3,20070116,20070119,2007,1,16,2007,1,19,1/16/2007,1/19/2007, 8.00 ,1/19/2007,,,
smokie,200704,4,20070122,20070126,2007,1,22,2007,1,26,1/22/2007,1/26/2007, 6.00 ,1/26/2007,,,
smokie,200705,5,20070129,20070202,2007,1,29,2007,2,2,1/29/2007,2/2/2007, 7.00 ,2/2/2007,,,
smokie,200706,6,20070205,20070209,2007,2,5,2007,2,9,2/5/2007,2/9/2007, 7.00 ,2/9/2007,,,
smokie,200707,7,20070212,20070216,2007,2,12,2007,2,16,2/12/2007,2/16/2007, 7.00 ,2/16/2007,,,
smokie,200708,8,20070220,20070223,2007,2,20,2007,2,23,2/20/2007,2/23/2007, 8.00 ,2/23/2007,,,
smokie,200709,9,20070226,20070302,2007,2,26,2007,3,2,2/26/2007,3/2/2007, 6.00 ,3/2/2007,,,
smokie,200710,10,20070305,20070309,2007,3,5,2007,3,9,3/5/2007,3/9/2007, 7.00 ,3/9/2007,,,
smokie,200711,11,20070312,20070316,2007,3,12,2007,3,16,3/12/2007,3/16/2007, 7.00 ,3/16/2007,,,
smokie,200712,12,20070319,20070323,2007,3,19,2007,3,23,3/19/2007,3/23/2007, 7.00 ,3/23/2007,,,
smokie,200713,13,20070326,20070330,2007,3,26,2007,3,30,3/26/2007,3/30/2007, 7.00 ,3/30/2007,,,
smokie,200714,14,20070402,20070405,2007,4,2,2007,4,5,4/2/2007,4/5/2007, 7.00 ,4/6/2007,,,
smokie,200715,15,20070409,20070413,2007,4,9,2007,4,13,4/9/2007,4/13/2007, 7.00 ,4/13/2007,,,
smokie,200716,16,20070416,20070420,2007,4,16,2007,4,20,4/16/2007,4/20/2007, 7.00 ,4/20/2007,,,
smokie,200717,17,20070423,20070427,2007,4,23,2007,4,27,4/23/2007,4/27/2007, 7.00 ,4/27/2007,,,
smokie,200718,18,20070430,20070504,2007,4,30,2007,5,4,4/30/2007,5/4/2007, 7.00 ,5/4/2007,,,
smokie,200719,19,20070507,20070511,2007,5,7,2007,5,11,5/7/2007,5/11/2007, 7.00 ,5/11/2007,,,
smokie,200720,20,20070514,20070518,2007,5,14,2007,5,18,5/14/2007,5/18/2007, 7.00 ,5/18/2007,,,
smokie,200721,21,20070521,20070525,2007,5,21,2007,5,25,5/21/2007,5/25/2007, 7.00 ,5/25/2007,,,
smokie,200722,22,20070529,20070601,2007,5,29,2007,6,1,5/29/2007,6/1/2007, 8.00 ,6/1/2007,,,
smokie,200723,23,20070604,20070608,2007,6,4,2007,6,8,6/4/2007,6/8/2007, 6.00 ,6/8/2007,,,
smokie,200724,24,20070611,20070615,2007,6,11,2007,6,15,6/11/2007,6/15/2007, 7.00 ,6/15/2007,,,
smokie,200725,25,20070618,20070622,2007,6,18,2007,6,22,6/18/2007,6/22/2007, 7.00 ,6/22/2007,,,
smokie,200726,26,20070625,20070629,2007,6,25,2007,6,29,6/25/2007,6/29/2007, 7.00 ,6/29/2007,,,
smokie,200727,27,20070702,20070706,2007,7,2,2007,7,6,7/2/2007,7/6/2007, 7.00 ,7/6/2007,,,
smokie,200728,28,20070709,20070713,2007,7,9,2007,7,13,7/9/2007,7/13/2007, 7.00 ,7/13/2007,,,
smokie,200729,29,20070716,20070720,2007,7,16,2007,7,20,7/16/2007,7/20/2007, 7.00 ,7/20/2007,,,
smokie,200730,30,20070723,20070727,2007,7,23,2007,7,27,7/23/2007,7/27/2007, 7.00 ,7/27/2007,,,
smokie,200731,31,20070730,20070803,2007,7,30,2007,8,3,7/30/2007,8/3/2007, 7.00 ,8/3/2007,,,
smokie,200732,32,20070806,20070810,2007,8,6,2007,8,10,8/6/2007,8/10/2007, 7.00 ,8/10/2007,,,
smokie,200733,33,20070813,20070817,2007,8,13,2007,8,17,8/13/2007,8/17/2007, 7.00 ,8/17/2007,,,
smokie,200734,34,20070820,20070824,2007,8,20,2007,8,24,8/20/2007,8/24/2007, 7.00 ,8/24/2007,,,
smokie,200735,35,20070827,20070831,2007,8,27,2007,8,31,8/27/2007,8/31/2007, 7.00 ,8/31/2007,,,
smokie,200736,36,20070904,20070907,2007,9,4,2007,9,7,9/4/2007,9/7/2007, 8.00 ,9/7/2007,,,
smokie,200737,37,20070910,20070914,2007,9,10,2007,9,14,9/10/2007,9/14/2007, 6.00 ,9/14/2007,,,
smokie,200738,38,20070917,20070921,2007,9,17,2007,9,21,9/17/2007,9/21/2007, 7.00 ,9/21/2007,,,
smokie,200739,39,20070924,20070928,2007,9,24,2007,9,28,9/24/2007,9/28/2007, 7.00 ,9/28/2007,,,
smokie,200740,40,20071001,20071005,2007,10,1,2007,10,5,10/1/2007,10/5/2007, 7.00 ,10/5/2007,,,
smokie,200741,41,20071008,20071012,2007,10,8,2007,10,12,10/8/2007,10/12/2007, 7.00 ,10/12/2007,,,
smokie,200742,42,20071015,20071019,2007,10,15,2007,10,19,10/15/2007,10/19/2007, 7.00 ,10/19/2007,,,
smokie,200743,43,20071022,20071026,2007,10,22,2007,10,26,10/22/2007,10/26/2007, 7.00 ,10/26/2007,,,
smokie,200744,44,20071029,20071102,2007,10,29,2007,11,2,10/29/2007,11/2/2007, 7.00 ,11/2/2007,,,
smokie,200745,45,20071105,20071109,2007,11,5,2007,11,9,11/5/2007,11/9/2007, 7.00 ,11/9/2007,,,
smokie,200746,46,20071112,20071116,2007,11,12,2007,11,16,11/12/2007,11/16/2007, 7.00 ,11/16/2007,,,
smokie,200747,47,20071119,20071123,2007,11,19,2007,11,23,11/19/2007,11/23/2007, 7.00 ,11/23/2007,,,
smokie,200748,48,20071126,20071130,2007,11,26,2007,11,30,11/26/2007,11/30/2007, 7.00 ,11/30/2007,,,
smokie,200749,49,20071203,20071207,2007,12,3,2007,12,7,12/3/2007,12/7/2007, 7.00 ,12/7/2007,,,
smokie,200750,50,20071210,20071214,2007,12,10,2007,12,14,12/10/2007,12/14/2007, 7.00 ,12/14/2007,,,
smokie,200751,51,20071217,20071221,2007,12,17,2007,12,21,12/17/2007,12/21/2007, 7.00 ,12/21/2007,,,
smokie,200752,52,20071224,20071228,2007,12,24,2007,12,28,12/24/2007,12/28/2007, 7.00 ,12/28/2007,,,
smokie,200753,53,20071231,20071231,2007,12,31,2007,12,31,12/31/2007,12/31/2007, 7.00 ,12/31/2007,,,
smokie,200801,1,20080102,20080104,2008,1,2,2008,1,4,1/2/2008,1/4/2008, 2.00 ,1/4/2008,,,
smokie,200802,2,20080107,20080111,2008,1,7,2008,1,11,1/7/2008,1/11/2008, 5.00 ,1/11/2008,,,
smokie,200803,3,20080114,20080118,2008,1,14,2008,1,18,1/14/2008,1/18/2008, 7.00 ,1/18/2008,,,
smokie,200804,4,20080122,20080125,2008,1,22,2008,1,25,1/22/2008,1/25/2008, 8.00 ,1/25/2008,,,
smokie,200805,5,20080128,20080201,2008,1,28,2008,2,1,1/28/2008,2/1/2008, 6.00 ,2/1/2008,,,
smokie,200806,6,20080204,20080208,2008,2,4,2008,2,8,2/4/2008,2/8/2008, 7.00 ,2/8/2008,,,
smokie,200807,7,20080211,20080215,2008,2,11,2008,2,15,2/11/2008,2/15/2008, 7.00 ,2/15/2008,,,
smokie,200808,8,20080219,20080222,2008,2,19,2008,2,22,2/19/2008,2/22/2008, 8.00 ,2/22/2008,,,
smokie,200809,9,20080225,20080229,2008,2,25,2008,2,29,2/25/2008,2/29/2008, 6.00 ,2/29/2008,,,
smokie,200810,10,20080303,20080307,2008,3,3,2008,3,7,3/3/2008,3/7/2008, 7.00 ,3/7/2008,,,
smokie,200811,11,20080310,20080314,2008,3,10,2008,3,14,3/10/2008,3/14/2008, 7.00 ,3/14/2008,,,
smokie,200812,12,20080317,20080320,2008,3,17,2008,3,20,3/17/2008,3/20/2008, 7.00 ,3/21/2008,,,
smokie,200813,13,20080324,20080328,2008,3,24,2008,3,28,3/24/2008,3/28/2008, 7.00 ,3/28/2008,,,
smokie,200814,14,20080331,20080404,2008,3,31,2008,4,4,3/31/2008,4/4/2008, 7.00 ,4/4/2008,,,
smokie,200815,15,20080407,20080411,2008,4,7,2008,4,11,4/7/2008,4/11/2008, 7.00 ,4/11/2008,,,
smokie,200816,16,20080414,20080418,2008,4,14,2008,4,18,4/14/2008,4/18/2008, 7.00 ,4/18/2008,,,
smokie,200817,17,20080421,20080425,2008,4,21,2008,4,25,4/21/2008,4/25/2008, 7.00 ,4/25/2008,,,
smokie,200818,18,20080428,20080502,2008,4,28,2008,5,2,4/28/2008,5/2/2008, 7.00 ,5/2/2008,,,
smokie,200819,19,20080505,20080509,2008,5,5,2008,5,9,5/5/2008,5/9/2008, 7.00 ,5/9/2008,,,
smokie,200820,20,20080512,20080516,2008,5,12,2008,5,16,5/12/2008,5/16/2008, 7.00 ,5/16/2008,,,
smokie,200821,21,20080519,20080523,2008,5,19,2008,5,23,5/19/2008,5/23/2008, 7.00 ,5/23/2008,,,
smokie,200822,22,20080527,20080530,2008,5,27,2008,5,30,5/27/2008,5/30/2008, 8.00 ,5/30/2008,,,
smokie,200823,23,20080602,20080606,2008,6,2,2008,6,6,6/2/2008,6/6/2008, 6.00 ,6/6/2008,,,
smokie,200824,24,20080609,20080613,2008,6,9,2008,6,13,6/9/2008,6/13/2008, 7.00 ,6/13/2008,,,
smokie,200825,25,20080616,20080620,2008,6,16,2008,6,20,6/16/2008,6/20/2008, 7.00 ,6/20/2008,,,
smokie,200826,26,20080623,20080627,2008,6,23,2008,6,27,6/23/2008,6/27/2008, 7.00 ,6/27/2008,,,
smokie,200827,27,20080630,20080703,2008,6,30,2008,7,3,6/30/2008,7/3/2008, 7.00 ,7/4/2008,,,
smokie,200828,28,20080707,20080711,2008,7,7,2008,7,11,7/7/2008,7/11/2008, 7.00 ,7/11/2008,,,
smokie,200829,29,20080714,20080718,2008,7,14,2008,7,18,7/14/2008,7/18/2008, 7.00 ,7/18/2008,,,
smokie,200830,30,20080721,20080725,2008,7,21,2008,7,25,7/21/2008,7/25/2008, 7.00 ,7/25/2008,,,
smokie,200831,31,20080728,20080801,2008,7,28,2008,8,1,7/28/2008,8/1/2008, 7.00 ,8/1/2008,,,
smokie,200832,32,20080804,20080808,2008,8,4,2008,8,8,8/4/2008,8/8/2008, 7.00 ,8/8/2008,,,
smokie,200833,33,20080811,20080815,2008,8,11,2008,8,15,8/11/2008,8/15/2008, 7.00 ,8/15/2008,,,
smokie,200834,34,20080818,20080822,2008,8,18,2008,8,22,8/18/2008,8/22/2008, 7.00 ,8/22/2008,,,
smokie,200835,35,20080825,20080829,2008,8,25,2008,8,29,8/25/2008,8/29/2008, 7.00 ,8/29/2008,,,
smokie,200836,36,20080902,20080905,2008,9,2,2008,9,5,9/2/2008,9/5/2008, 8.00 ,9/5/2008,,,
smokie,200837,37,20080908,20080912,2008,9,8,2008,9,12,9/8/2008,9/12/2008, 6.00 ,9/12/2008,,,
smokie,200838,38,20080915,20080919,2008,9,15,2008,9,19,9/15/2008,9/19/2008, 7.00 ,9/19/2008,,,
smokie,200839,39,20080922,20080926,2008,9,22,2008,9,26,9/22/2008,9/26/2008, 7.00 ,9/26/2008,,,
smokie,200840,40,20080929,20081003,2008,9,29,2008,10,3,9/29/2008,10/3/2008, 7.00 ,10/3/2008,,,
smokie,200841,41,20081006,20081010,2008,10,6,2008,10,10,10/6/2008,10/10/2008, 7.00 ,10/10/2008,,,
smokie,200842,42,20081013,20081017,2008,10,13,2008,10,17,10/13/2008,10/17/2008, 7.00 ,10/17/2008,,,
smokie,200843,43,20081020,20081024,2008,10,20,2008,10,24,10/20/2008,10/24/2008, 7.00 ,10/24/2008,,,
smokie,200844,44,20081027,20081031,2008,10,27,2008,10,31,10/27/2008,10/31/2008, 7.00 ,10/31/2008,,,
smokie,200845,45,20081103,20081107,2008,11,3,2008,11,7,11/3/2008,11/7/2008, 7.00 ,11/7/2008,,,
smokie,200846,46,20081110,20081114,2008,11,10,2008,11,14,11/10/2008,11/14/2008, 7.00 ,11/14/2008,,,
smokie,200847,47,20081117,20081121,2008,11,17,2008,11,21,11/17/2008,11/21/2008, 7.00 ,11/21/2008,,,
smokie,200848,48,20081124,20081128,2008,11,24,2008,11,28,11/24/2008,11/28/2008, 7.00 ,11/28/2008,,,
smokie,200849,49,20081201,20081205,2008,12,1,2008,12,5,12/1/2008,12/5/2008, 7.00 ,12/5/2008,,,
smokie,200850,50,20081208,20081212,2008,12,8,2008,12,12,12/8/2008,12/12/2008, 7.00 ,12/12/2008,,,
smokie,200851,51,20081215,20081219,2008,12,15,2008,12,19,12/15/2008,12/19/2008, 7.00 ,12/19/2008,,,
smokie,200852,52,20081222,20081226,2008,12,22,2008,12,26,12/22/2008,12/26/2008, 7.00 ,12/26/2008,,,
smokie,200853,53,20081229,20081231,2008,12,29,2008,12,31,12/29/2008,12/31/2008, 7.00 ,1/2/2009,,,
smokie,200901,1,20090102,20090102,2009,1,2,2009,1,2,1/2/2009,1/2/2009, 4.00 ,1/9/2009,,,
smokie,200902,2,20090105,20090109,2009,1,5,2009,1,9,1/5/2009,1/9/2009, 3.00 ,1/16/2009,,,
smokie,200903,3,20090112,20090116,2009,1,12,2009,1,16,1/12/2009,1/16/2009, 7.00 ,1/23/2009,,,
smokie,200904,4,20090120,20090123,2009,1,20,2009,1,23,1/20/2009,1/23/2009, 8.00 ,1/30/2009,,,
smokie,200905,5,20090126,20090130,2009,1,26,2009,1,30,1/26/2009,1/30/2009, 6.00 ,2/6/2009,,,
smokie,200906,6,20090202,20090206,2009,2,2,2009,2,6,2/2/2009,2/6/2009, 7.00 ,2/13/2009,,,
smokie,200907,7,20090209,20090213,2009,2,9,2009,2,13,2/9/2009,2/13/2009, 7.00 ,2/20/2009,,,
smokie,200908,8,20090217,20090220,2009,2,17,2009,2,20,2/17/2009,2/20/2009, 8.00 ,2/27/2009,,,
smokie,200909,9,20090223,20090227,2009,2,23,2009,2,27,2/23/2009,2/27/2009, 6.00 ,3/6/2009,,,
smokie,200910,10,20090302,20090306,2009,3,2,2009,3,6,3/2/2009,3/6/2009, 7.00 ,3/13/2009,,,
smokie,200911,11,20090309,20090313,2009,3,9,2009,3,13,3/9/2009,3/13/2009, 7.00 ,3/20/2009,,,
smokie,200912,12,20090316,20090320,2009,3,16,2009,3,20,3/16/2009,3/20/2009, 7.00 ,3/27/2009,,,
smokie,200913,13,20090323,20090327,2009,3,23,2009,3,27,3/23/2009,3/27/2009, 7.00 ,4/3/2009,,,
smokie,200914,14,20090330,20090403,2009,3,30,2009,4,3,3/30/2009,4/3/2009, 7.00 ,4/10/2009,,,
smokie,200915,15,20090406,20090409,2009,4,6,2009,4,9,4/6/2009,4/9/2009, 7.00 ,4/17/2009,,,
smokie,200916,16,20090413,20090417,2009,4,13,2009,4,17,4/13/2009,4/17/2009, 7.00 ,4/24/2009,,,
smokie,200917,17,20090420,20090424,2009,4,20,2009,4,24,4/20/2009,4/24/2009, 7.00 ,5/1/2009,,,
smokie,200918,18,20090427,20090501,2009,4,27,2009,5,1,4/27/2009,5/1/2009, 7.00 ,5/8/2009,,,
smokie,200919,19,20090504,20090508,2009,5,4,2009,5,8,5/4/2009,5/8/2009, 7.00 ,5/15/2009,,,
smokie,200920,20,20090511,20090515,2009,5,11,2009,5,15,5/11/2009,5/15/2009, 7.00 ,5/22/2009,,,
smokie,200921,21,20090518,20090522,2009,5,18,2009,5,22,5/18/2009,5/22/2009, 7.00 ,5/29/2009,,,
smokie,200922,22,20090526,20090529,2009,5,26,2009,5,29,5/26/2009,5/29/2009, 8.00 ,6/5/2009,,,
smokie,200923,23,20090601,20090605,2009,6,1,2009,6,5,6/1/2009,6/5/2009, 6.00 ,6/12/2009,,,
smokie,200924,24,20090608,20090612,2009,6,8,2009,6,12,6/8/2009,6/12/2009, 7.00 ,6/19/2009,,,
smokie,200925,25,20090615,20090619,2009,6,15,2009,6,19,6/15/2009,6/19/2009, 7.00 ,6/26/2009,,,
smokie,200926,26,20090622,20090626,2009,6,22,2009,6,26,6/22/2009,6/26/2009, 7.00 ,7/3/2009,,,
smokie,200927,27,20090629,20090703,2009,6,29,2009,7,3,6/29/2009,7/3/2009, 7.00 ,7/10/2009,,,
smokie,200928,28,20090706,20090710,2009,7,6,2009,7,10,7/6/2009,7/10/2009, 7.00 ,7/17/2009,,,
smokie,200929,29,20090713,20090717,2009,7,13,2009,7,17,7/13/2009,7/17/2009, 7.00 ,7/24/2009,,,
smokie,200930,30,20090720,20090724,2009,7,20,2009,7,24,7/20/2009,7/24/2009, 7.00 ,7/31/2009,,,
smokie,200931,31,20090727,20090731,2009,7,27,2009,7,31,7/27/2009,7/31/2009, 7.00 ,8/7/2009,,,
smokie,200932,32,20090803,20090807,2009,8,3,2009,8,7,8/3/2009,8/7/2009, 7.00 ,8/14/2009,,,
smokie,200933,33,20090810,20090814,2009,8,10,2009,8,14,8/10/2009,8/14/2009, 7.00 ,8/21/2009,,,
smokie,200934,34,20090817,20090821,2009,8,17,2009,8,21,8/17/2009,8/21/2009, 7.00 ,8/28/2009,,,
smokie,200935,35,20090824,20090828,2009,8,24,2009,8,28,8/24/2009,8/28/2009, 7.00 ,9/4/2009,,,
smokie,200936,36,20090831,20090904,2009,8,31,2009,9,4,8/31/2009,9/4/2009, 7.00 ,9/11/2009,,,
smokie,200937,37,20090908,20090911,2009,9,8,2009,9,11,9/8/2009,9/11/2009, 8.00 ,9/18/2009,,,
smokie,200938,38,20090914,20090918,2009,9,14,2009,9,18,9/14/2009,9/18/2009, 6.00 ,9/25/2009,,,
smokie,200939,39,20090921,20090925,2009,9,21,2009,9,25,9/21/2009,9/25/2009, 7.00 ,10/2/2009,,,
smokie,200940,40,20090928,20091002,2009,9,28,2009,10,2,9/28/2009,10/2/2009, 7.00 ,10/9/2009,,,
smokie,200941,41,20091005,20091009,2009,10,5,2009,10,9,10/5/2009,10/9/2009, 7.00 ,10/16/2009,,,
smokie,200942,42,20091012,20091016,2009,10,12,2009,10,16,10/12/2009,10/16/2009, 7.00 ,10/23/2009,,,
smokie,200943,43,20091019,20091023,2009,10,19,2009,10,23,10/19/2009,10/23/2009, 7.00 ,10/30/2009,,,
smokie,200944,44,20091026,20091030,2009,10,26,2009,10,30,10/26/2009,10/30/2009, 7.00 ,11/6/2009,,,
smokie,200945,45,20091102,20091106,2009,11,2,2009,11,6,11/2/2009,11/6/2009, 7.00 ,11/13/2009,,,
smokie,200946,46,20091109,20091113,2009,11,9,2009,11,13,11/9/2009,11/13/2009, 7.00 ,11/20/2009,,,
smokie,200947,47,20091116,20091120,2009,11,16,2009,11,20,11/16/2009,11/20/2009, 7.00 ,11/27/2009,,,
smokie,200948,48,20091123,20091127,2009,11,23,2009,11,27,11/23/2009,11/27/2009, 7.00 ,12/4/2009,,,
smokie,200949,49,20091130,20091204,2009,11,30,2009,12,4,11/30/2009,12/4/2009, 7.00 ,12/11/2009,,,
smokie,200950,50,20091207,20091211,2009,12,7,2009,12,11,12/7/2009,12/11/2009, 7.00 ,12/18/2009,,,
smokie,200951,51,20091214,20091218,2009,12,14,2009,12,18,12/14/2009,12/18/2009, 7.00 ,12/25/2009,,,
smokie,200952,52,20091221,20091224,2009,12,21,2009,12,24,12/21/2009,12/24/2009, 7.00 ,1/1/2010,,,
smokie,200953,53,20091228,20091231,2009,12,28,2009,12,31,12/28/2009,12/31/2009, 7.00 ,1/8/2010,,,
smokie,201002,2,20100104,20100108,2010,1,4,2010,1,8,1/4/2010,1/8/2010, 7.00 ,1/15/2010,,,
smokie,201003,3,20100111,20100115,2010,1,11,2010,1,15,1/11/2010,1/15/2010, 7.00 ,1/22/2010,,,
smokie,201004,4,20100119,20100122,2010,1,19,2010,1,22,1/19/2010,1/22/2010, 8.00 ,1/29/2010,,,
smokie,201005,5,20100125,20100129,2010,1,25,2010,1,29,1/25/2010,1/29/2010, 6.00 ,2/5/2010,,,
smokie,201006,6,20100201,20100205,2010,2,1,2010,2,5,2/1/2010,2/5/2010, 7.00 ,2/12/2010,,,
smokie,201007,7,20100208,20100212,2010,2,8,2010,2,12,2/8/2010,2/12/2010, 7.00 ,2/19/2010,,,
smokie,201008,8,20100216,20100219,2010,2,16,2010,2,19,2/16/2010,2/19/2010, 8.00 ,2/26/2010,,,
smokie,201009,9,20100222,20100226,2010,2,22,2010,2,26,2/22/2010,2/26/2010, 6.00 ,3/5/2010,,,
smokie,201010,10,20100301,20100305,2010,3,1,2010,3,5,3/1/2010,3/5/2010, 7.00 ,3/12/2010,,,
smokie,201011,11,20100308,20100312,2010,3,8,2010,3,12,3/8/2010,3/12/2010, 7.00 ,3/19/2010,,,
smokie,201012,12,20100315,20100319,2010,3,15,2010,3,19,3/15/2010,3/19/2010, 7.00 ,3/26/2010,,,
smokie,201013,13,20100322,20100326,2010,3,22,2010,3,26,3/22/2010,3/26/2010, 7.00 ,4/2/2010,,,
smokie,201014,14,20100329,20100401,2010,3,29,2010,4,1,3/29/2010,4/1/2010, 7.00 ,4/9/2010,,,
smokie,201015,15,20100405,20100409,2010,4,5,2010,4,9,4/5/2010,4/9/2010, 7.00 ,4/16/2010,,,
smokie,201016,16,20100412,20100416,2010,4,12,2010,4,16,4/12/2010,4/16/2010, 7.00 ,4/23/2010,,,
smokie,201017,17,20100419,20100423,2010,4,19,2010,4,23,4/19/2010,4/23/2010, 7.00 ,4/30/2010,,,
smokie,201018,18,20100426,20100430,2010,4,26,2010,4,30,4/26/2010,4/30/2010, 7.00 ,5/7/2010,,,
smokie,201019,19,20100503,20100507,2010,5,3,2010,5,7,5/3/2010,5/7/2010, 7.00 ,5/14/2010,,,
smokie,201020,20,20100510,20100514,2010,5,10,2010,5,14,5/10/2010,5/14/2010, 7.00 ,5/21/2010,,,
smokie,201021,21,20100517,20100521,2010,5,17,2010,5,21,5/17/2010,5/21/2010, 7.00 ,5/28/2010,,,
smokie,201022,22,20100524,20100528,2010,5,24,2010,5,28,5/24/2010,5/28/2010, 7.00 ,6/4/2010,,,
smokie,201023,23,20100601,20100604,2010,6,1,2010,6,4,6/1/2010,6/4/2010, 8.00 ,6/11/2010,,,
smokie,201024,24,20100607,20100611,2010,6,7,2010,6,11,6/7/2010,6/11/2010, 6.00 ,6/18/2010,,,
smokie,201025,25,20100614,20100618,2010,6,14,2010,6,18,6/14/2010,6/18/2010, 7.00 ,6/25/2010,,,
smokie,201026,26,20100621,20100625,2010,6,21,2010,6,25,6/21/2010,6/25/2010, 7.00 ,7/2/2010,,,
smokie,201027,27,20100628,20100702,2010,6,28,2010,7,2,6/28/2010,7/2/2010, 7.00 ,7/9/2010,,,
smokie,201028,28,20100706,20100709,2010,7,6,2010,7,9,7/6/2010,7/9/2010, 8.00 ,7/16/2010,,,
smokie,201029,29,20100712,20100716,2010,7,12,2010,7,16,7/12/2010,7/16/2010, 6.00 ,7/23/2010,,,
smokie,201030,30,20100719,20100723,2010,7,19,2010,7,23,7/19/2010,7/23/2010, 7.00 ,7/30/2010,,,
smokie,201031,31,20100726,20100730,2010,7,26,2010,7,30,7/26/2010,7/30/2010, 7.00 ,8/6/2010,,,
smokie,201032,32,20100802,20100806,2010,8,2,2010,8,6,8/2/2010,8/6/2010, 7.00 ,8/13/2010,,,
smokie,201033,33,20100809,20100813,2010,8,9,2010,8,13,8/9/2010,8/13/2010, 7.00 ,8/20/2010,,,
smokie,201034,34,20100816,20100820,2010,8,16,2010,8,20,8/16/2010,8/20/2010, 7.00 ,8/27/2010,,,
smokie,201035,35,20100823,20100827,2010,8,23,2010,8,27,8/23/2010,8/27/2010, 7.00 ,9/3/2010,,,
smokie,201036,36,20100830,20100903,2010,8,30,2010,9,3,8/30/2010,9/3/2010, 7.00 ,9/10/2010,,,
smokie,201037,37,20100907,20100910,2010,9,7,2010,9,10,9/7/2010,9/10/2010, 8.00 ,9/17/2010,,,
smokie,201038,38,20100913,20100917,2010,9,13,2010,9,17,9/13/2010,9/17/2010, 6.00 ,9/24/2010,,,
smokie,201039,39,20100920,20100924,2010,9,20,2010,9,24,9/20/2010,9/24/2010, 7.00 ,10/1/2010,,,
smokie,201040,40,20100927,20101001,2010,9,27,2010,10,1,9/27/2010,10/1/2010, 7.00 ,10/8/2010,,,
smokie,201041,41,20101004,20101008,2010,10,4,2010,10,8,10/4/2010,10/8/2010, 7.00 ,10/15/2010,,,
smokie,201042,42,20101011,20101015,2010,10,11,2010,10,15,10/11/2010,10/15/2010, 7.00 ,10/22/2010,,,
smokie,201043,43,20101018,20101022,2010,10,18,2010,10,22,10/18/2010,10/22/2010, 7.00 ,10/29/2010,,,
smokie,201044,44,20101025,20101029,2010,10,25,2010,10,29,10/25/2010,10/29/2010, 7.00 ,11/5/2010,,,
smokie,201045,45,20101101,20101105,2010,11,1,2010,11,5,11/1/2010,11/5/2010, 7.00 ,11/12/2010,,,
smokie,201046,46,20101108,20101112,2010,11,8,2010,11,12,11/8/2010,11/12/2010, 7.00 ,11/19/2010,,,
smokie,201047,47,20101115,20101119,2010,11,15,2010,11,19,11/15/2010,11/19/2010, 7.00 ,11/26/2010,,,
smokie,201048,48,20101122,20101126,2010,11,22,2010,11,26,11/22/2010,11/26/2010, 7.00 ,12/3/2010,,,
smokie,201049,49,20101129,20101203,2010,11,29,2010,12,3,11/29/2010,12/3/2010, 7.00 ,12/10/2010,,,
smokie,201050,50,20101206,20101210,2010,12,6,2010,12,10,12/6/2010,12/10/2010, 7.00 ,12/17/2010,,,
smokie,201051,51,20101213,20101217,2010,12,13,2010,12,17,12/13/2010,12/17/2010, 7.00 ,12/24/2010,,,
smokie,201052,52,20101220,20101223,2010,12,20,2010,12,23,12/20/2010,12/23/2010, 7.00 ,12/31/2010,,,
smokie,201053,53,20101227,20101231,2010,12,27,2010,12,31,12/27/2010,12/31/2010, 7.00 ,1/7/2011,,,
smokie,201102,2,20110103,20110107,2011,1,3,2011,1,7,1/3/2011,1/7/2011, 7.00 ,1/14/2011,,,
smokie,201103,3,20110110,20110114,2011,1,10,2011,1,14,1/10/2011,1/14/2011, 7.00 ,1/21/2011,,,
smokie,201104,4,20110118,20110121,2011,1,18,2011,1,21,1/18/2011,1/21/2011, 8.00 ,1/28/2011,,,
smokie,201105,5,20110124,20110128,2011,1,24,2011,1,28,1/24/2011,1/28/2011, 6.00 ,2/4/2011,,,
smokie,201106,6,20110131,20110204,2011,1,31,2011,2,4,1/31/2011,2/4/2011, 7.00 ,2/11/2011,,,
smokie,201107,7,20110207,20110211,2011,2,7,2011,2,11,2/7/2011,2/11/2011, 7.00 ,2/18/2011,,,
smokie,201108,8,20110214,20110218,2011,2,14,2011,2,18,2/14/2011,2/18/2011, 7.00 ,2/25/2011,,,
smokie,201109,9,20110222,20110225,2011,2,22,2011,2,25,2/22/2011,2/25/2011, 8.00 ,3/4/2011,,,
smokie,201110,10,20110228,20110304,2011,2,28,2011,3,4,2/28/2011,3/4/2011, 6.00 ,3/11/2011,,,
smokie,201111,11,20110307,20110311,2011,3,7,2011,3,11,3/7/2011,3/11/2011, 7.00 ,3/18/2011,,,
smokie,201112,12,20110314,20110318,2011,3,14,2011,3,18,3/14/2011,3/18/2011, 7.00 ,3/25/2011,,,
smokie,201113,13,20110321,20110325,2011,3,21,2011,3,25,3/21/2011,3/25/2011, 7.00 ,4/1/2011,,,
smokie,201114,14,20110328,20110401,2011,3,28,2011,4,1,3/28/2011,4/1/2011, 7.00 ,4/8/2011,,,
smokie,201115,15,20110404,20110408,2011,4,4,2011,4,8,4/4/2011,4/8/2011, 7.00 ,4/15/2011,,,
smokie,201116,16,20110411,20110415,2011,4,11,2011,4,15,4/11/2011,4/15/2011, 7.00 ,4/22/2011,,,
smokie,201117,17,20110418,20110421,2011,4,18,2011,4,21,4/18/2011,4/21/2011, 7.00 ,4/29/2011,,,
smokie,201118,18,20110425,20110429,2011,4,25,2011,4,29,4/25/2011,4/29/2011, 7.00 ,5/6/2011,,,
smokie,201119,19,20110502,20110506,2011,5,2,2011,5,6,5/2/2011,5/6/2011, 7.00 ,5/13/2011,,,
smokie,201120,20,20110509,20110513,2011,5,9,2011,5,13,5/9/2011,5/13/2011, 7.00 ,5/20/2011,,,
smokie,201121,21,20110516,20110520,2011,5,16,2011,5,20,5/16/2011,5/20/2011, 7.00 ,5/27/2011,,,
smokie,201122,22,20110523,20110527,2011,5,23,2011,5,27,5/23/2011,5/27/2011, 7.00 ,6/3/2011,,,
smokie,201123,23,20110531,20110603,2011,5,31,2011,6,3,5/31/2011,6/3/2011, 8.00 ,6/10/2011,,,
smokie,201124,24,20110606,20110610,2011,6,6,2011,6,10,6/6/2011,6/10/2011, 6.00 ,6/17/2011,,,
smokie,201125,25,20110613,20110617,2011,6,13,2011,6,17,6/13/2011,6/17/2011, 7.00 ,6/24/2011,,,
smokie,201126,26,20110620,20110624,2011,6,20,2011,6,24,6/20/2011,6/24/2011, 7.00 ,7/1/2011,,,
smokie,201127,27,20110627,20110701,2011,6,27,2011,7,1,6/27/2011,7/1/2011, 7.00 ,7/8/2011,,,
smokie,201128,28,20110705,20110708,2011,7,5,2011,7,8,7/5/2011,7/8/2011, 8.00 ,7/15/2011,,,
smokie,201129,29,20110711,20110715,2011,7,11,2011,7,15,7/11/2011,7/15/2011, 6.00 ,7/22/2011,,,
smokie,201130,30,20110718,20110722,2011,7,18,2011,7,22,7/18/2011,7/22/2011, 7.00 ,7/29/2011,,,
smokie,201131,31,20110725,20110729,2011,7,25,2011,7,29,7/25/2011,7/29/2011, 7.00 ,8/5/2011,,,
smokie,201132,32,20110801,20110805,2011,8,1,2011,8,5,8/1/2011,8/5/2011, 7.00 ,8/12/2011,,,
smokie,201133,33,20110808,20110812,2011,8,8,2011,8,12,8/8/2011,8/12/2011, 7.00 ,8/19/2011,,,
smokie,201134,34,20110815,20110819,2011,8,15,2011,8,19,8/15/2011,8/19/2011, 7.00 ,8/26/2011,,,
smokie,201135,35,20110822,20110826,2011,8,22,2011,8,26,8/22/2011,8/26/2011, 7.00 ,9/2/2011,,,
smokie,201136,36,20110829,20110902,2011,8,29,2011,9,2,8/29/2011,9/2/2011, 7.00 ,9/9/2011,,,
smokie,201137,37,20110906,20110909,2011,9,6,2011,9,9,9/6/2011,9/9/2011, 8.00 ,9/16/2011,,,
smokie,201138,38,20110912,20110916,2011,9,12,2011,9,16,9/12/2011,9/16/2011, 6.00 ,9/23/2011,,,
smokie,201139,39,20110919,20110923,2011,9,19,2011,9,23,9/19/2011,9/23/2011, 7.00 ,9/30/2011,,,
smokie,201140,40,20110926,20110930,2011,9,26,2011,9,30,9/26/2011,9/30/2011, 7.00 ,10/7/2011,,,
smokie,201141,41,20111003,20111007,2011,10,3,2011,10,7,10/3/2011,10/7/2011, 7.00 ,10/14/2011,,,
smokie,201142,42,20111010,20111014,2011,10,10,2011,10,14,10/10/2011,10/14/2011, 7.00 ,10/21/2011,,,
smokie,201143,43,20111017,20111021,2011,10,17,2011,10,21,10/17/2011,10/21/2011, 7.00 ,10/28/2011,,,
smokie,201144,44,20111024,20111028,2011,10,24,2011,10,28,10/24/2011,10/28/2011, 7.00 ,11/4/2011,,,
smokie,201145,45,20111031,20111104,2011,10,31,2011,11,4,10/31/2011,11/4/2011, 7.00 ,11/11/2011,,,
smokie,201146,46,20111107,20111111,2011,11,7,2011,11,11,11/7/2011,11/11/2011, 7.00 ,11/18/2011,,,
smokie,201147,47,20111114,20111118,2011,11,14,2011,11,18,11/14/2011,11/18/2011, 7.00 ,11/25/2011,,,
smokie,201148,48,20111121,20111125,2011,11,21,2011,11,25,11/21/2011,11/25/2011, 7.00 ,12/2/2011,,,
smokie,201149,49,20111128,20111202,2011,11,28,2011,12,2,11/28/2011,12/2/2011, 7.00 ,12/9/2011,,,
smokie,201150,50,20111205,20111209,2011,12,5,2011,12,9,12/5/2011,12/9/2011, 7.00 ,12/16/2011,,,
smokie,201151,51,20111212,20111216,2011,12,12,2011,12,16,12/12/2011,12/16/2011, 7.00 ,12/23/2011,,,
smokie,201152,52,20111219,20111223,2011,12,19,2011,12,23,12/19/2011,12/23/2011, 7.00 ,12/30/2011,,,
smokie,201153,53,20111227,20111230,2011,12,27,2011,12,30,12/27/2011,12/30/2011, 8.00 ,1/6/2012,,,
smokie,201201,1,20120103,20120106,2012,1,3,2012,1,6,1/3/2012,1/6/2012, 7.00 ,1/13/2012,,,
smokie,201202,2,20120109,20120113,2012,1,9,2012,1,13,1/9/2012,1/13/2012, 6.00 ,1/20/2012,,,
smokie,201203,3,20120117,20120120,2012,1,17,2012,1,20,1/17/2012,1/20/2012, 8.00 ,1/27/2012,,,
smokie,201204,4,20120123,20120127,2012,1,23,2012,1,27,1/23/2012,1/27/2012, 6.00 ,2/3/2012,,,
smokie,201205,5,20120130,20120203,2012,1,30,2012,2,3,1/30/2012,2/3/2012, 7.00 ,2/10/2012,,,
smokie,201206,6,20120206,20120210,2012,2,6,2012,2,10,2/6/2012,2/10/2012, 7.00 ,2/17/2012,,,
smokie,201207,7,20120213,20120217,2012,2,13,2012,2,17,2/13/2012,2/17/2012, 7.00 ,2/24/2012,,,
smokie,201208,8,20120221,20120224,2012,2,21,2012,2,24,2/21/2012,2/24/2012, 8.00 ,3/2/2012,,,
smokie,201209,9,20120227,20120302,2012,2,27,2012,3,2,2/27/2012,3/2/2012, 6.00 ,3/9/2012,,,
smokie,201210,10,20120305,20120309,2012,3,5,2012,3,9,3/5/2012,3/9/2012, 7.00 ,3/16/2012,,,
smokie,201211,11,20120312,20120316,2012,3,12,2012,3,16,3/12/2012,3/16/2012, 7.00 ,3/23/2012,,,
smokie,201212,12,20120319,20120323,2012,3,19,2012,3,23,3/19/2012,3/23/2012, 7.00 ,3/30/2012,,,
smokie,201213,13,20120326,20120330,2012,3,26,2012,3,30,3/26/2012,3/30/2012, 7.00 ,4/6/2012,,,
smokie,201214,14,20120402,20120405,2012,4,2,2012,4,5,4/2/2012,4/5/2012, 7.00 ,4/13/2012,,,
smokie,201215,15,20120409,20120413,2012,4,9,2012,4,13,4/9/2012,4/13/2012, 7.00 ,4/20/2012,,,
smokie,201216,16,20120416,20120420,2012,4,16,2012,4,20,4/16/2012,4/20/2012, 7.00 ,4/27/2012,,,
smokie,201217,17,20120423,20120427,2012,4,23,2012,4,27,4/23/2012,4/27/2012, 7.00 ,5/4/2012,,,
smokie,201218,18,20120430,20120504,2012,4,30,2012,5,4,4/30/2012,5/4/2012, 7.00 ,5/11/2012,,,
smokie,201219,19,20120507,20120511,2012,5,7,2012,5,11,5/7/2012,5/11/2012, 7.00 ,5/18/2012,,,
smokie,201220,20,20120514,20120518,2012,5,14,2012,5,18,5/14/2012,5/18/2012, 7.00 ,5/25/2012,,,
smokie,201221,21,20120521,20120525,2012,5,21,2012,5,25,5/21/2012,5/25/2012, 7.00 ,6/1/2012,,,
smokie,201222,22,20120529,20120601,2012,5,29,2012,6,1,5/29/2012,6/1/2012, 8.00 ,6/8/2012,,,
smokie,201223,23,20120604,20120608,2012,6,4,2012,6,8,6/4/2012,6/8/2012, 6.00 ,6/15/2012,,,
smokie,201224,24,20120611,20120615,2012,6,11,2012,6,15,6/11/2012,6/15/2012, 7.00 ,6/22/2012,,,
smokie,201225,25,20120618,20120622,2012,6,18,2012,6,22,6/18/2012,6/22/2012, 7.00 ,6/29/2012,,,
smokie,201226,26,20120625,20120629,2012,6,25,2012,6,29,6/25/2012,6/29/2012, 7.00 ,7/6/2012,,,
smokie,201227,27,20120702,20120706,2012,7,2,2012,7,6,7/2/2012,7/6/2012, 7.00 ,7/13/2012,,,
smokie,201228,28,20120709,20120713,2012,7,9,2012,7,13,7/9/2012,7/13/2012, 7.00 ,7/20/2012,,,
smokie,201229,29,20120716,20120720,2012,7,16,2012,7,20,7/16/2012,7/20/2012, 7.00 ,7/27/2012,,,
smokie,201230,30,20120723,20120727,2012,7,23,2012,7,27,7/23/2012,7/27/2012, 7.00 ,8/3/2012,,,
smokie,201231,31,20120730,20120803,2012,7,30,2012,8,3,7/30/2012,8/3/2012, 7.00 ,8/10/2012,,,
smokie,201232,32,20120806,20120810,2012,8,6,2012,8,10,8/6/2012,8/10/2012, 7.00 ,8/17/2012,,,
smokie,201233,33,20120813,20120817,2012,8,13,2012,8,17,8/13/2012,8/17/2012, 7.00 ,8/24/2012,,,
smokie,201234,34,20120820,20120824,2012,8,20,2012,8,24,8/20/2012,8/24/2012, 7.00 ,8/31/2012,,,
smokie,201235,35,20120827,20120831,2012,8,27,2012,8,31,8/27/2012,8/31/2012, 7.00 ,9/7/2012,,,
smokie,201236,36,20120904,20120907,2012,9,4,2012,9,7,9/4/2012,9/7/2012, 8.00 ,9/14/2012,,,
smokie,201237,37,20120910,20120914,2012,9,10,2012,9,14,9/10/2012,9/14/2012, 6.00 ,9/21/2012,,,
smokie,201238,38,20120917,20120921,2012,9,17,2012,9,21,9/17/2012,9/21/2012, 7.00 ,9/28/2012,,,
smokie,201239,39,20120924,20120928,2012,9,24,2012,9,28,9/24/2012,9/28/2012, 7.00 ,10/5/2012,,,
smokie,201240,40,20121001,20121005,2012,10,1,2012,10,5,10/1/2012,10/5/2012, 7.00 ,10/12/2012,,,
smokie,201241,41,20121008,20121012,2012,10,8,2012,10,12,10/8/2012,10/12/2012, 7.00 ,10/19/2012,,,
smokie,201242,42,20121015,20121019,2012,10,15,2012,10,19,10/15/2012,10/19/2012, 7.00 ,10/26/2012,,,
smokie,201243,43,20121022,20121026,2012,10,22,2012,10,26,10/22/2012,10/26/2012, 7.00 ,11/2/2012,,,
smokie,201244,44,20121031,20121102,2012,10,31,2012,11,2,10/31/2012,11/2/2012, 9.00 ,11/9/2012,,,
smokie,201245,45,20121105,20121109,2012,11,5,2012,11,9,11/5/2012,11/9/2012, 5.00 ,11/16/2012,,,
smokie,201246,46,20121112,20121116,2012,11,12,2012,11,16,11/12/2012,11/16/2012, 7.00 ,11/23/2012,,,
smokie,201247,47,20121119,20121123,2012,11,19,2012,11,23,11/19/2012,11/23/2012, 7.00 ,11/30/2012,,,
smokie,201248,48,20121126,20121130,2012,11,26,2012,11,30,11/26/2012,11/30/2012, 7.00 ,12/7/2012,,,
smokie,201249,49,20121203,20121207,2012,12,3,2012,12,7,12/3/2012,12/7/2012, 7.00 ,12/14/2012,,,
smokie,201250,50,20121210,20121214,2012,12,10,2012,12,14,12/10/2012,12/14/2012, 7.00 ,12/21/2012,,,
smokie,201251,51,20121217,20121221,2012,12,17,2012,12,21,12/17/2012,12/21/2012, 7.00 ,12/28/2012,,,
smokie,201252,52,20121224,20121228,2012,12,24,2012,12,28,12/24/2012,12/28/2012, 7.00 ,1/4/2013,,,
smokie,201253,53,20121231,20121231,2012,12,31,2012,12,31,12/31/2012,12/31/2012, 7.00 ,1/11/2013,,,
smokie,201301,1,20130102,20130104,2013,1,2,2013,1,4,1/2/2013,1/4/2013, 2.00 ,1/18/2013,,,
smokie,201302,2,20130107,20130111,2013,1,7,2013,1,11,1/7/2013,1/11/2013, 5.00 ,1/25/2013,,,
smokie,201303,3,20130114,20130118,2013,1,14,2013,1,18,1/14/2013,1/18/2013, 7.00 ,2/1/2013,,,
smokie,201304,4,20130122,20130125,2013,1,22,2013,1,25,1/22/2013,1/25/2013, 8.00 ,2/8/2013,,,
smokie,201305,5,20130128,20130201,2013,1,28,2013,2,1,1/28/2013,2/1/2013, 6.00 ,2/15/2013,,,
smokie,201306,6,20130204,20130208,2013,2,4,2013,2,8,2/4/2013,2/8/2013, 7.00 ,2/22/2013,,,
smokie,201307,7,20130211,20130215,2013,2,11,2013,2,15,2/11/2013,2/15/2013, 7.00 ,3/1/2013,,,
smokie,201308,8,20130219,20130222,2013,2,19,2013,2,22,2/19/2013,2/22/2013, 8.00 ,3/8/2013,,,
smokie,201309,9,20130225,20130301,2013,2,25,2013,3,1,2/25/2013,3/1/2013, 6.00 ,3/15/2013,,,
smokie,201310,10,20130304,20130308,2013,3,4,2013,3,8,3/4/2013,3/8/2013, 7.00 ,3/22/2013,,,
smokie,201311,11,20130311,20130315,2013,3,11,2013,3,15,3/11/2013,3/15/2013, 7.00 ,3/29/2013,,,
smokie,201312,12,20130318,20130322,2013,3,18,2013,3,22,3/18/2013,3/22/2013, 7.00 ,4/5/2013,,,
smokie,201313,13,20130325,20130328,2013,3,25,2013,3,28,3/25/2013,3/28/2013, 7.00 ,4/12/2013,,,
smokie,201314,14,20130401,20130405,2013,4,1,2013,4,5,4/1/2013,4/5/2013, 7.00 ,4/19/2013,,,
smokie,201315,15,20130408,20130412,2013,4,8,2013,4,12,4/8/2013,4/12/2013, 7.00 ,4/26/2013,,,
smokie,201316,16,20130415,20130419,2013,4,15,2013,4,19,4/15/2013,4/19/2013, 7.00 ,5/3/2013,,,
smokie,201317,17,20130422,20130426,2013,4,22,2013,4,26,4/22/2013,4/26/2013, 7.00 ,5/10/2013,,,
smokie,201318,18,20130429,20130503,2013,4,29,2013,5,3,4/29/2013,5/3/2013, 7.00 ,5/17/2013,,,
smokie,201319,19,20130506,20130510,2013,5,6,2013,5,10,5/6/2013,5/10/2013, 7.00 ,5/24/2013,,,
smokie,201320,20,20130513,20130517,2013,5,13,2013,5,17,5/13/2013,5/17/2013, 7.00 ,5/31/2013,,,
smokie,201321,21,20130520,20130524,2013,5,20,2013,5,24,5/20/2013,5/24/2013, 7.00 ,6/7/2013,,,
smokie,201322,22,20130528,20130531,2013,5,28,2013,5,31,5/28/2013,5/31/2013, 8.00 ,6/14/2013,,,
smokie,201323,23,20130603,20130607,2013,6,3,2013,6,7,6/3/2013,6/7/2013, 6.00 ,6/21/2013,,,
smokie,201324,24,20130610,20130614,2013,6,10,2013,6,14,6/10/2013,6/14/2013, 7.00 ,6/28/2013,,,
smokie,201325,25,20130617,20130621,2013,6,17,2013,6,21,6/17/2013,6/21/2013, 7.00 ,7/5/2013,,,
smokie,201326,26,20130624,20130628,2013,6,24,2013,6,28,6/24/2013,6/28/2013, 7.00 ,7/12/2013,,,
smokie,201327,27,20130701,20130705,2013,7,1,2013,7,5,7/1/2013,7/5/2013, 7.00 ,7/19/2013,,,
smokie,201328,28,20130708,20130712,2013,7,8,2013,7,12,7/8/2013,7/12/2013, 7.00 ,7/26/2013,,,
smokie,201329,29,20130715,20130719,2013,7,15,2013,7,19,7/15/2013,7/19/2013, 7.00 ,8/2/2013,,,
smokie,201330,30,20130722,20130726,2013,7,22,2013,7,26,7/22/2013,7/26/2013, 7.00 ,8/9/2013,,,
smokie,201331,31,20130729,20130802,2013,7,29,2013,8,2,7/29/2013,8/2/2013, 7.00 ,8/16/2013,,,
smokie,201332,32,20130805,20130809,2013,8,5,2013,8,9,8/5/2013,8/9/2013, 7.00 ,8/23/2013,,,
smokie,201333,33,20130812,20130816,2013,8,12,2013,8,16,8/12/2013,8/16/2013, 7.00 ,8/30/2013,,,
smokie,201334,34,20130819,20130823,2013,8,19,2013,8,23,8/19/2013,8/23/2013, 7.00 ,9/6/2013,,,
smokie,201335,35,20130826,20130830,2013,8,26,2013,8,30,8/26/2013,8/30/2013, 7.00 ,9/13/2013,,,
smokie,201336,36,20130903,20130906,2013,9,3,2013,9,6,9/3/2013,9/6/2013, 8.00 ,9/20/2013,,,
smokie,201337,37,20130909,20130913,2013,9,9,2013,9,13,9/9/2013,9/13/2013, 6.00 ,9/27/2013,,,
smokie,201338,38,20130916,20130920,2013,9,16,2013,9,20,9/16/2013,9/20/2013, 7.00 ,10/4/2013,,,
smokie,201339,39,20130923,20130927,2013,9,23,2013,9,27,9/23/2013,9/27/2013, 7.00 ,10/11/2013,,,
smokie,201340,40,20130930,20131004,2013,9,30,2013,10,4,9/30/2013,10/4/2013, 7.00 ,10/18/2013,,,
smokie,201341,41,20131007,20131011,2013,10,7,2013,10,11,10/7/2013,10/11/2013, 7.00 ,10/25/2013,,,
smokie,201342,42,20131014,20131018,2013,10,14,2013,10,18,10/14/2013,10/18/2013, 7.00 ,11/1/2013,,,
smokie,201343,43,20131021,20131025,2013,10,21,2013,10,25,10/21/2013,10/25/2013, 7.00 ,11/8/2013,,,
smokie,201344,44,20131028,20131101,2013,10,28,2013,11,1,10/28/2013,11/1/2013, 7.00 ,11/15/2013,,,
smokie,201345,45,20131104,20131108,2013,11,4,2013,11,8,11/4/2013,11/8/2013, 7.00 ,11/22/2013,,,
smokie,201346,46,20131111,20131115,2013,11,11,2013,11,15,11/11/2013,11/15/2013, 7.00 ,11/29/2013,,,
smokie,201347,47,20131118,20131122,2013,11,18,2013,11,22,11/18/2013,11/22/2013, 7.00 ,12/6/2013,,,
smokie,201348,48,20131125,20131129,2013,11,25,2013,11,29,11/25/2013,11/29/2013, 7.00 ,12/13/2013,,,
smokie,201349,49,20131202,20131206,2013,12,2,2013,12,6,12/2/2013,12/6/2013, 7.00 ,12/20/2013,,,
smokie,201350,50,20131209,20131213,2013,12,9,2013,12,13,12/9/2013,12/13/2013, 7.00 ,12/27/2013,,,
smokie,201351,51,20131216,20131220,2013,12,16,2013,12,20,12/16/2013,12/20/2013, 7.00 ,1/3/2014,,,
smokie,201352,52,20131223,20131227,2013,12,23,2013,12,27,12/23/2013,12/27/2013, 7.00 ,1/10/2014,,,
smokie,201353,53,20131230,20131231,2013,12,30,2013,12,31,12/30/2013,12/31/2013, 7.00 ,1/17/2014,,,
smokie,201401,1,20140102,20140103,2014,1,2,2014,1,3,1/2/2014,1/3/2014, 3.00 ,1/24/2014,,,
smokie,201402,2,20140106,20140110,2014,1,6,2014,1,10,1/6/2014,1/10/2014, 4.00 ,1/31/2014,,,
smokie,201403,3,20140113,20140117,2014,1,13,2014,1,17,1/13/2014,1/17/2014, 7.00 ,2/7/2014,,,
smokie,201404,4,20140121,20140124,2014,1,21,2014,1,24,1/21/2014,1/24/2014, 8.00 ,2/14/2014,,,
smokie,201405,5,20140127,20140131,2014,1,27,2014,1,31,1/27/2014,1/31/2014, 6.00 ,2/21/2014,,,
smokie,201406,6,20140203,20140207,2014,2,3,2014,2,7,2/3/2014,2/7/2014, 7.00 ,2/28/2014,,,
smokie,201407,7,20140210,20140214,2014,2,10,2014,2,14,2/10/2014,2/14/2014, 7.00 ,3/7/2014,,,
smokie,201408,8,20140218,20140221,2014,2,18,2014,2,21,2/18/2014,2/21/2014, 8.00 ,3/14/2014,,,
smokie,201409,9,20140224,20140228,2014,2,24,2014,2,28,2/24/2014,2/28/2014, 6.00 ,3/21/2014,,,
smokie,201410,10,20140303,20140307,2014,3,3,2014,3,7,3/3/2014,3/7/2014, 7.00 ,3/28/2014,,,
smokie,201411,11,20140310,20140314,2014,3,10,2014,3,14,3/10/2014,3/14/2014, 7.00 ,4/4/2014,,,
smokie,201412,12,20140317,20140321,2014,3,17,2014,3,21,3/17/2014,3/21/2014, 7.00 ,4/11/2014,,,
smokie,201413,13,20140324,20140328,2014,3,24,2014,3,28,3/24/2014,3/28/2014, 7.00 ,4/18/2014,,,
smokie,201414,14,20140331,20140404,2014,3,31,2014,4,4,3/31/2014,4/4/2014, 7.00 ,4/25/2014,,,
smokie,201415,15,20140407,20140411,2014,4,7,2014,4,11,4/7/2014,4/11/2014, 7.00 ,5/2/2014,,,
smokie,201416,16,20140414,20140417,2014,4,14,2014,4,17,4/14/2014,4/17/2014, 7.00 ,5/9/2014,,,
smokie,201417,17,20140421,20140425,2014,4,21,2014,4,25,4/21/2014,4/25/2014, 7.00 ,5/16/2014,,,
smokie,201418,18,20140428,20140502,2014,4,28,2014,5,2,4/28/2014,5/2/2014, 7.00 ,5/23/2014,,,
smokie,201419,19,20140505,20140509,2014,5,5,2014,5,9,5/5/2014,5/9/2014, 7.00 ,5/30/2014,,,
smokie,201420,20,20140512,20140516,2014,5,12,2014,5,16,5/12/2014,5/16/2014, 7.00 ,6/6/2014,,,
smokie,201421,21,20140519,20140523,2014,5,19,2014,5,23,5/19/2014,5/23/2014, 7.00 ,6/13/2014,,,
smokie,201422,22,20140527,20140530,2014,5,27,2014,5,30,5/27/2014,5/30/2014, 8.00 ,6/20/2014,,,
smokie,201423,23,20140602,20140606,2014,6,2,2014,6,6,6/2/2014,6/6/2014, 6.00 ,6/27/2014,,,
smokie,201424,24,20140609,20140613,2014,6,9,2014,6,13,6/9/2014,6/13/2014, 7.00 ,7/4/2014,,,
smokie,201425,25,20140616,20140620,2014,6,16,2014,6,20,6/16/2014,6/20/2014, 7.00 ,7/11/2014,,,
smokie,201426,26,20140623,20140627,2014,6,23,2014,6,27,6/23/2014,6/27/2014, 7.00 ,7/18/2014,,,
smokie,201427,27,20140630,20140703,2014,6,30,2014,7,3,6/30/2014,7/3/2014, 7.00 ,7/25/2014,,,
smokie,201428,28,20140707,20140711,2014,7,7,2014,7,11,7/7/2014,7/11/2014, 7.00 ,8/1/2014,,,
smokie,201429,29,20140714,20140718,2014,7,14,2014,7,18,7/14/2014,7/18/2014, 7.00 ,8/8/2014,,,
smokie,201430,30,20140721,20140725,2014,7,21,2014,7,25,7/21/2014,7/25/2014, 7.00 ,8/15/2014,,,
smokie,201431,31,20140728,20140801,2014,7,28,2014,8,1,7/28/2014,8/1/2014, 7.00 ,8/22/2014,,,
smokie,201432,32,20140804,20140808,2014,8,4,2014,8,8,8/4/2014,8/8/2014, 7.00 ,8/29/2014,,,
smokie,201433,33,20140811,20140815,2014,8,11,2014,8,15,8/11/2014,8/15/2014, 7.00 ,9/5/2014,,,
smokie,201434,34,20140818,20140822,2014,8,18,2014,8,22,8/18/2014,8/22/2014, 7.00 ,9/12/2014,,,
smokie,201435,35,20140825,20140829,2014,8,25,2014,8,29,8/25/2014,8/29/2014, 7.00 ,9/19/2014,,,
smokie,201436,36,20140902,20140905,2014,9,2,2014,9,5,9/2/2014,9/5/2014, 8.00 ,9/26/2014,,,
smokie,201437,37,20140908,20140912,2014,9,8,2014,9,12,9/8/2014,9/12/2014, 6.00 ,10/3/2014,,,
smokie,201438,38,20140915,20140919,2014,9,15,2014,9,19,9/15/2014,9/19/2014, 7.00 ,10/10/2014,,,
smokie,201439,39,20140922,20140926,2014,9,22,2014,9,26,9/22/2014,9/26/2014, 7.00 ,10/17/2014,,,
smokie,201440,40,20140929,20141003,2014,9,29,2014,10,3,9/29/2014,10/3/2014, 7.00 ,10/24/2014,,,
smokie,201441,41,20141006,20141010,2014,10,6,2014,10,10,10/6/2014,10/10/2014, 7.00 ,10/31/2014,,,
smokie,201442,42,20141013,20141017,2014,10,13,2014,10,17,10/13/2014,10/17/2014, 7.00 ,11/7/2014,,,
smokie,201443,43,20141020,20141024,2014,10,20,2014,10,24,10/20/2014,10/24/2014, 7.00 ,11/14/2014,,,
smokie,201444,44,20141027,20141031,2014,10,27,2014,10,31,10/27/2014,10/31/2014, 7.00 ,11/21/2014,,,
smokie,201445,45,20141103,20141107,2014,11,3,2014,11,7,11/3/2014,11/7/2014, 7.00 ,11/28/2014,,,
smokie,201446,46,20141110,20141114,2014,11,10,2014,11,14,11/10/2014,11/14/2014, 7.00 ,12/5/2014,,,
smokie,201447,47,20141117,20141121,2014,11,17,2014,11,21,11/17/2014,11/21/2014, 7.00 ,12/12/2014,,,
smokie,201448,48,20141124,20141128,2014,11,24,2014,11,28,11/24/2014,11/28/2014, 7.00 ,12/19/2014,,,
smokie,201449,49,20141201,20141205,2014,12,1,2014,12,5,12/1/2014,12/5/2014, 7.00 ,12/26/2014,,,
smokie,201450,50,20141208,20141212,2014,12,8,2014,12,12,12/8/2014,12/12/2014, 7.00 ,1/2/2015,,,
smokie,201451,51,20141215,20141219,2014,12,15,2014,12,19,12/15/2014,12/19/2014, 7.00 ,1/9/2015,,,
smokie,201452,52,20141222,20141226,2014,12,22,2014,12,26,12/22/2014,12/26/2014, 7.00 ,1/16/2015,,,
smokie,201453,53,20141229,20141231,2014,12,29,2014,12,31,12/29/2014,12/31/2014, 7.00 ,1/23/2015,,,
smokie,201501,1,20150102,20150102,2015,1,2,2015,1,2,1/2/2015,1/2/2015, 4.00 ,1/30/2015,,,
smokie,201502,2,20150105,20150109,2015,1,5,2015,1,9,1/5/2015,1/9/2015, 3.00 ,2/6/2015,,,
smokie,201503,3,20150112,20150116,2015,1,12,2015,1,16,1/12/2015,1/16/2015, 7.00 ,2/13/2015,,,
smokie,201504,4,20150120,20150123,2015,1,20,2015,1,23,1/20/2015,1/23/2015, 8.00 ,2/20/2015,,,
smokie,201505,5,20150126,20150130,2015,1,26,2015,1,30,1/26/2015,1/30/2015, 6.00 ,2/27/2015,,,
smokie,201506,6,20150202,20150206,2015,2,2,2015,2,6,2/2/2015,2/6/2015, 7.00 ,3/6/2015,,,
smokie,201507,7,20150209,20150213,2015,2,9,2015,2,13,2/9/2015,2/13/2015, 7.00 ,3/13/2015,,,
smokie,201508,8,20150217,20150220,2015,2,17,2015,2,20,2/17/2015,2/20/2015, 8.00 ,3/20/2015,,,
smokie,201509,9,20150223,20150227,2015,2,23,2015,2,27,2/23/2015,2/27/2015, 6.00 ,3/27/2015,,,
smokie,201510,10,20150302,20150306,2015,3,2,2015,3,6,3/2/2015,3/6/2015, 7.00 ,4/3/2015,,,
smokie,201511,11,20150309,20150313,2015,3,9,2015,3,13,3/9/2015,3/13/2015, 7.00 ,4/10/2015,,,
smokie,201512,12,20150316,20150320,2015,3,16,2015,3,20,3/16/2015,3/20/2015, 7.00 ,4/17/2015,,,
smokie,201513,13,20150323,20150327,2015,3,23,2015,3,27,3/23/2015,3/27/2015, 7.00 ,4/24/2015,,,
smokie,201514,14,20150330,20150402,2015,3,30,2015,4,2,3/30/2015,4/2/2015, 7.00 ,5/1/2015,,,
smokie,201515,15,20150406,20150410,2015,4,6,2015,4,10,4/6/2015,4/10/2015, 7.00 ,5/8/2015,,,
smokie,201516,16,20150413,20150417,2015,4,13,2015,4,17,4/13/2015,4/17/2015, 7.00 ,5/15/2015,,,
smokie,201517,17,20150420,20150424,2015,4,20,2015,4,24,4/20/2015,4/24/2015, 7.00 ,5/22/2015,,,
smokie,201518,18,20150427,20150501,2015,4,27,2015,5,1,4/27/2015,5/1/2015, 7.00 ,5/29/2015,,,
smokie,201519,19,20150504,20150508,2015,5,4,2015,5,8,5/4/2015,5/8/2015, 7.00 ,6/5/2015,,,
smokie,201520,20,20150511,20150515,2015,5,11,2015,5,15,5/11/2015,5/15/2015, 7.00 ,6/12/2015,,,
smokie,201521,21,20150518,20150522,2015,5,18,2015,5,22,5/18/2015,5/22/2015, 7.00 ,6/19/2015,,,
smokie,201522,22,20150526,20150529,2015,5,26,2015,5,29,5/26/2015,5/29/2015, 8.00 ,6/26/2015,,,
smokie,201523,23,20150601,20150605,2015,6,1,2015,6,5,6/1/2015,6/5/2015, 6.00 ,7/3/2015,,,
smokie,201524,24,20150608,20150612,2015,6,8,2015,6,12,6/8/2015,6/12/2015, 7.00 ,7/10/2015,,,
smokie,201525,25,20150615,20150619,2015,6,15,2015,6,19,6/15/2015,6/19/2015, 7.00 ,7/17/2015,,,
smokie,201526,26,20150622,20150626,2015,6,22,2015,6,26,6/22/2015,6/26/2015, 7.00 ,7/24/2015,,,
smokie,201527,27,20150629,20150702,2015,6,29,2015,7,2,6/29/2015,7/2/2015, 7.00 ,7/31/2015,,,
smokie,201528,28,20150706,20150710,2015,7,6,2015,7,10,7/6/2015,7/10/2015, 7.00 ,8/7/2015,,,
smokie,201529,29,20150713,20150717,2015,7,13,2015,7,17,7/13/2015,7/17/2015, 7.00 ,8/14/2015,,,
smokie,201530,30,20150720,20150724,2015,7,20,2015,7,24,7/20/2015,7/24/2015, 7.00 ,8/21/2015,,,
smokie,201531,31,20150727,20150731,2015,7,27,2015,7,31,7/27/2015,7/31/2015, 7.00 ,8/28/2015,,,
smokie,201532,32,20150803,20150807,2015,8,3,2015,8,7,8/3/2015,8/7/2015, 7.00 ,9/4/2015,,,
smokie,201533,33,20150810,20150814,2015,8,10,2015,8,14,8/10/2015,8/14/2015, 7.00 ,9/11/2015,,,
smokie,201534,34,20150817,20150821,2015,8,17,2015,8,21,8/17/2015,8/21/2015, 7.00 ,9/18/2015,,,
smokie,201535,35,20150824,20150828,2015,8,24,2015,8,28,8/24/2015,8/28/2015, 7.00 ,9/25/2015,,,
smokie,201536,36,20150831,20150904,2015,8,31,2015,9,4,8/31/2015,9/4/2015, 7.00 ,10/2/2015,,,
smokie,201537,37,20150908,20150911,2015,9,8,2015,9,11,9/8/2015,9/11/2015, 8.00 ,10/9/2015,,,
smokie,201538,38,20150914,20150918,2015,9,14,2015,9,18,9/14/2015,9/18/2015, 6.00 ,10/16/2015,,,
smokie,201539,39,20150921,20150925,2015,9,21,2015,9,25,9/21/2015,9/25/2015, 7.00 ,10/23/2015,,,
smokie,201540,40,20150928,20151002,2015,9,28,2015,10,2,9/28/2015,10/2/2015, 7.00 ,10/30/2015,,,
smokie,201541,41,20151005,20151009,2015,10,5,2015,10,9,10/5/2015,10/9/2015, 7.00 ,11/6/2015,,,
smokie,201542,42,20151012,20151016,2015,10,12,2015,10,16,10/12/2015,10/16/2015, 7.00 ,11/13/2015,,,
smokie,201543,43,20151019,20151023,2015,10,19,2015,10,23,10/19/2015,10/23/2015, 7.00 ,11/20/2015,,,
smokie,201544,44,20151026,20151030,2015,10,26,2015,10,30,10/26/2015,10/30/2015, 7.00 ,11/27/2015,,,
smokie,201545,45,20151102,20151106,2015,11,2,2015,11,6,11/2/2015,11/6/2015, 7.00 ,12/4/2015,,,
smokie,201546,46,20151109,20151113,2015,11,9,2015,11,13,11/9/2015,11/13/2015, 7.00 ,12/11/2015,,,
smokie,201547,47,20151116,20151120,2015,11,16,2015,11,20,11/16/2015,11/20/2015, 7.00 ,12/18/2015,,,
smokie,201548,48,20151123,20151127,2015,11,23,2015,11,27,11/23/2015,11/27/2015, 7.00 ,12/25/2015,,,
smokie,201549,49,20151130,20151204,2015,11,30,2015,12,4,11/30/2015,12/4/2015, 7.00 ,1/1/2016,,,
smokie,201550,50,20151207,20151211,2015,12,7,2015,12,11,12/7/2015,12/11/2015, 7.00 ,1/8/2016,,,
smokie,201551,51,20151214,20151218,2015,12,14,2015,12,18,12/14/2015,12/18/2015, 7.00 ,1/15/2016,,,
smokie,201552,52,20151221,20151224,2015,12,21,2015,12,24,12/21/2015,12/24/2015, 7.00 ,1/22/2016,,,
smokie,201553,53,20151228,20151231,2015,12,28,2015,12,31,12/28/2015,12/31/2015, 7.00 ,1/29/2016,,,
smokie,201602,2,20160104,20160108,2016,1,4,2016,1,8,1/4/2016,1/8/2016, 7.00 ,2/5/2016,,,
smokie,201603,3,20160111,20160115,2016,1,11,2016,1,15,1/11/2016,1/15/2016, 7.00 ,2/12/2016,,,
smokie,201604,4,20160119,20160122,2016,1,19,2016,1,22,1/19/2016,1/22/2016, 8.00 ,2/19/2016,,,
smokie,201605,5,20160125,20160129,2016,1,25,2016,1,29,1/25/2016,1/29/2016, 6.00 ,2/26/2016,,,
smokie,201606,6,20160201,20160205,2016,2,1,2016,2,5,2/1/2016,2/5/2016, 7.00 ,3/4/2016,,,
smokie,201607,7,20160208,20160212,2016,2,8,2016,2,12,2/8/2016,2/12/2016, 7.00 ,3/11/2016,,,
smokie,201608,8,20160216,20160219,2016,2,16,2016,2,19,2/16/2016,2/19/2016, 8.00 ,3/18/2016,,,
smokie,201609,9,20160222,20160226,2016,2,22,2016,2,26,2/22/2016,2/26/2016, 6.00 ,3/25/2016,,,
smokie,201610,10,20160229,20160304,2016,2,29,2016,3,4,2/29/2016,3/4/2016, 7.00 ,4/1/2016,,,
smokie,201611,11,20160307,20160311,2016,3,7,2016,3,11,3/7/2016,3/11/2016, 7.00 ,4/8/2016,,,
smokie,201612,12,20160314,20160318,2016,3,14,2016,3,18,3/14/2016,3/18/2016, 7.00 ,4/15/2016,,,
smokie,201613,13,20160321,20160324,2016,3,21,2016,3,24,3/21/2016,3/24/2016, 7.00 ,4/22/2016,,,
smokie,201614,14,20160328,20160401,2016,3,28,2016,4,1,3/28/2016,4/1/2016, 7.00 ,4/29/2016,,,
smokie,201615,15,20160404,20160408,2016,4,4,2016,4,8,4/4/2016,4/8/2016, 7.00 ,5/6/2016,,,
smokie,201616,16,20160411,20160415,2016,4,11,2016,4,15,4/11/2016,4/15/2016, 7.00 ,5/13/2016,,,
smokie,201617,17,20160418,20160422,2016,4,18,2016,4,22,4/18/2016,4/22/2016, 7.00 ,5/20/2016,,,
smokie,201618,18,20160425,20160429,2016,4,25,2016,4,29,4/25/2016,4/29/2016, 7.00 ,5/27/2016,,,
smokie,201619,19,20160502,20160506,2016,5,2,2016,5,6,5/2/2016,5/6/2016, 7.00 ,6/3/2016,,,
smokie,201620,20,20160509,20160513,2016,5,9,2016,5,13,5/9/2016,5/13/2016, 7.00 ,6/10/2016,,,
smokie,201621,21,20160516,20160520,2016,5,16,2016,5,20,5/16/2016,5/20/2016, 7.00 ,6/17/2016,,,
smokie,201622,22,20160523,20160527,2016,5,23,2016,5,27,5/23/2016,5/27/2016, 7.00 ,6/24/2016,,,
smokie,201623,23,20160531,20160603,2016,5,31,2016,6,3,5/31/2016,6/3/2016, 8.00 ,7/1/2016,,,
smokie,201624,24,20160606,20160610,2016,6,6,2016,6,10,6/6/2016,6/10/2016, 6.00 ,7/8/2016,,,
smokie,201625,25,20160613,20160617,2016,6,13,2016,6,17,6/13/2016,6/17/2016, 7.00 ,7/15/2016,,,
smokie,201626,26,20160620,20160624,2016,6,20,2016,6,24,6/20/2016,6/24/2016, 7.00 ,7/22/2016,,,
smokie,201627,27,20160627,20160701,2016,6,27,2016,7,1,6/27/2016,7/1/2016, 7.00 ,7/29/2016,,,
smokie,201628,28,20160705,20160708,2016,7,5,2016,7,8,7/5/2016,7/8/2016, 8.00 ,8/5/2016,,,
smokie,201629,29,20160711,20160715,2016,7,11,2016,7,15,7/11/2016,7/15/2016, 6.00 ,8/12/2016,,,
smokie,201630,30,20160718,20160722,2016,7,18,2016,7,22,7/18/2016,7/22/2016, 7.00 ,8/19/2016,,,
smokie,201631,31,20160725,20160729,2016,7,25,2016,7,29,7/25/2016,7/29/2016, 7.00 ,8/26/2016,,,
smokie,201632,32,20160801,20160805,2016,8,1,2016,8,5,8/1/2016,8/5/2016, 7.00 ,9/2/2016,,,
smokie,201633,33,20160808,20160812,2016,8,8,2016,8,12,8/8/2016,8/12/2016, 7.00 ,9/9/2016,,,
smokie,201634,34,20160815,20160819,2016,8,15,2016,8,19,8/15/2016,8/19/2016, 7.00 ,9/16/2016,,,
smokie,201635,35,20160822,20160826,2016,8,22,2016,8,26,8/22/2016,8/26/2016, 7.00 ,9/23/2016,,,
smokie,201636,36,20160829,20160902,2016,8,29,2016,9,2,8/29/2016,9/2/2016, 7.00 ,9/30/2016,,,
smokie,201637,37,20160906,20160909,2016,9,6,2016,9,9,9/6/2016,9/9/2016, 8.00 ,10/7/2016,,,
smokie,201638,38,20160912,20160916,2016,9,12,2016,9,16,9/12/2016,9/16/2016, 6.00 ,10/14/2016,,,
smokie,201639,39,20160919,20160923,2016,9,19,2016,9,23,9/19/2016,9/23/2016, 7.00 ,10/21/2016,,,
smokie,201640,40,20160926,20160930,2016,9,26,2016,9,30,9/26/2016,9/30/2016, 7.00 ,10/28/2016,,,
smokie,201641,41,20161003,20161007,2016,10,3,2016,10,7,10/3/2016,10/7/2016, 7.00 ,11/4/2016,,,
smokie,201642,42,20161010,20161014,2016,10,10,2016,10,14,10/10/2016,10/14/2016, 7.00 ,11/11/2016,,,
smokie,201643,43,20161017,20161021,2016,10,17,2016,10,21,10/17/2016,10/21/2016, 7.00 ,11/18/2016,,,
smokie,201644,44,20161024,20161028,2016,10,24,2016,10,28,10/24/2016,10/28/2016, 7.00 ,11/25/2016,,,
smokie,201645,45,20161031,20161104,2016,10,31,2016,11,4,10/31/2016,11/4/2016, 7.00 ,12/2/2016,,,
smokie,201646,46,20161107,20161111,2016,11,7,2016,11,11,11/7/2016,11/11/2016, 7.00 ,12/9/2016,,,
smokie,201647,47,20161114,20161118,2016,11,14,2016,11,18,11/14/2016,11/18/2016, 7.00 ,12/16/2016,,,
smokie,201648,48,20161121,20161125,2016,11,21,2016,11,25,11/21/2016,11/25/2016, 7.00 ,12/23/2016,,,
smokie,201649,49,20161128,20161202,2016,11,28,2016,12,2,11/28/2016,12/2/2016, 7.00 ,12/30/2016,,,
smokie,201650,50,20161205,20161209,2016,12,5,2016,12,9,12/5/2016,12/9/2016, 7.00 ,1/6/2017,,,
smokie,201651,51,20161212,20161216,2016,12,12,2016,12,16,12/12/2016,12/16/2016, 7.00 ,1/13/2017,,,
smokie,201652,52,20161219,20161223,2016,12,19,2016,12,23,12/19/2016,12/23/2016, 7.00 ,1/20/2017,,,
smokie,201653,53,20161227,20161230,2016,12,27,2016,12,30,12/27/2016,12/30/2016, 8.00 ,1/27/2017,,,
smokie,201701,1,20170103,20170106,2017,1,3,2017,1,6,1/3/2017,1/6/2017, 7.00 ,2/3/2017,,,
smokie,201702,2,20170109,20170113,2017,1,9,2017,1,13,1/9/2017,1/13/2017, 6.00 ,2/10/2017,,,
smokie,201703,3,20170117,20170120,2017,1,17,2017,1,20,1/17/2017,1/20/2017, 8.00 ,2/17/2017,,,
smokie,201704,4,20170123,20170127,2017,1,23,2017,1,27,1/23/2017,1/27/2017, 6.00 ,2/24/2017,,,
smokie,201705,5,20170130,20170203,2017,1,30,2017,2,3,1/30/2017,2/3/2017, 7.00 ,3/3/2017,,,
smokie,201706,6,20170206,20170210,2017,2,6,2017,2,10,2/6/2017,2/10/2017, 7.00 ,3/10/2017,,,
smokie,201707,7,20170213,20170217,2017,2,13,2017,2,17,2/13/2017,2/17/2017, 7.00 ,3/17/2017,,,
smokie,201708,8,20170221,20170224,2017,2,21,2017,2,24,2/21/2017,2/24/2017, 8.00 ,3/24/2017,,,
smokie,201709,9,20170227,20170303,2017,2,27,2017,3,3,2/27/2017,3/3/2017, 6.00 ,3/31/2017,,,
smokie,201710,10,20170306,20170310,2017,3,6,2017,3,10,3/6/2017,3/10/2017, 7.00 ,4/7/2017,,,
smokie,201711,11,20170313,20170317,2017,3,13,2017,3,17,3/13/2017,3/17/2017, 7.00 ,4/14/2017,,,
smokie,201712,12,20170320,20170324,2017,3,20,2017,3,24,3/20/2017,3/24/2017, 7.00 ,4/21/2017,,,
smokie,201713,13,20170327,20170331,2017,3,27,2017,3,31,3/27/2017,3/31/2017, 7.00 ,4/28/2017,,,
smokie,201714,14,20170403,20170407,2017,4,3,2017,4,7,4/3/2017,4/7/2017, 7.00 ,5/5/2017,,,
smokie,201715,15,20170410,20170413,2017,4,10,2017,4,13,4/10/2017,4/13/2017, 7.00 ,5/12/2017,,,
smokie,201716,16,20170417,20170421,2017,4,17,2017,4,21,4/17/2017,4/21/2017, 7.00 ,5/19/2017,,,
smokie,201717,17,20170424,20170428,2017,4,24,2017,4,28,4/24/2017,4/28/2017, 7.00 ,5/26/2017,,,
smokie,201718,18,20170501,20170505,2017,5,1,2017,5,5,5/1/2017,5/5/2017, 7.00 ,6/2/2017,,,
smokie,201719,19,20170508,20170512,2017,5,8,2017,5,12,5/8/2017,5/12/2017, 7.00 ,6/9/2017,,,
smokie,201720,20,20170515,20170519,2017,5,15,2017,5,19,5/15/2017,5/19/2017, 7.00 ,6/16/2017,,,
smokie,201721,21,20170522,20170526,2017,5,22,2017,5,26,5/22/2017,5/26/2017, 7.00 ,6/23/2017,,,
smokie,201722,22,20170530,20170602,2017,5,30,2017,6,2,5/30/2017,6/2/2017, 8.00 ,6/30/2017,,,
smokie,201723,23,20170605,20170609,2017,6,5,2017,6,9,6/5/2017,6/9/2017, 6.00 ,7/7/2017,,,
smokie,201724,24,20170612,20170616,2017,6,12,2017,6,16,6/12/2017,6/16/2017, 7.00 ,7/14/2017,,,
smokie,201725,25,20170619,20170623,2017,6,19,2017,6,23,6/19/2017,6/23/2017, 7.00 ,7/21/2017,,,
smokie,201726,26,20170626,20170630,2017,6,26,2017,6,30,6/26/2017,6/30/2017, 7.00 ,7/28/2017,,,
smokie,201727,27,20170703,20170707,2017,7,3,2017,7,7,7/3/2017,7/7/2017, 7.00 ,8/4/2017,,,
smokie,201728,28,20170710,20170714,2017,7,10,2017,7,14,7/10/2017,7/14/2017, 7.00 ,8/11/2017,,,
smokie,201729,29,20170717,20170721,2017,7,17,2017,7,21,7/17/2017,7/21/2017, 7.00 ,8/18/2017,,,
smokie,201730,30,20170724,20170728,2017,7,24,2017,7,28,7/24/2017,7/28/2017, 7.00 ,8/25/2017,,,
smokie,201731,31,20170731,20170804,2017,7,31,2017,8,4,7/31/2017,8/4/2017, 7.00 ,9/1/2017,,,
smokie,201732,32,20170807,20170811,2017,8,7,2017,8,11,8/7/2017,8/11/2017, 7.00 ,9/8/2017,,,
smokie,201733,33,20170814,20170818,2017,8,14,2017,8,18,8/14/2017,8/18/2017, 7.00 ,9/15/2017,,,
smokie,201734,34,20170821,20170825,2017,8,21,2017,8,25,8/21/2017,8/25/2017, 7.00 ,9/22/2017,,,
smokie,201735,35,20170828,20170901,2017,8,28,2017,9,1,8/28/2017,9/1/2017, 7.00 ,9/29/2017,,,
smokie,201736,36,20170905,20170908,2017,9,5,2017,9,8,9/5/2017,9/8/2017, 8.00 ,10/6/2017,,,
smokie,201737,37,20170911,20170915,2017,9,11,2017,9,15,9/11/2017,9/15/2017, 6.00 ,10/13/2017,,,
smokie,201738,38,20170918,20170922,2017,9,18,2017,9,22,9/18/2017,9/22/2017, 7.00 ,10/20/2017,,,
smokie,201739,39,20170925,20170929,2017,9,25,2017,9,29,9/25/2017,9/29/2017, 7.00 ,10/27/2017,,,
smokie,201740,40,20171002,20171006,2017,10,2,2017,10,6,10/2/2017,10/6/2017, 7.00 ,11/3/2017,,,
smokie,201741,41,20171009,20171013,2017,10,9,2017,10,13,10/9/2017,10/13/2017, 7.00 ,11/10/2017,,,
smokie,201742,42,20171016,20171020,2017,10,16,2017,10,20,10/16/2017,10/20/2017, 7.00 ,11/17/2017,,,
smokie,201743,43,20171023,20171027,2017,10,23,2017,10,27,10/23/2017,10/27/2017, 7.00 ,11/24/2017,,,
smokie,201744,44,20171030,20171103,2017,10,30,2017,11,3,10/30/2017,11/3/2017, 7.00 ,12/1/2017,,,
smokie,201745,45,20171106,20171110,2017,11,6,2017,11,10,11/6/2017,11/10/2017, 7.00 ,12/8/2017,,,
smokie,201746,46,20171113,20171117,2017,11,13,2017,11,17,11/13/2017,11/17/2017, 7.00 ,12/15/2017,,,
smokie,201747,47,20171120,20171124,2017,11,20,2017,11,24,11/20/2017,11/24/2017, 7.00 ,12/22/2017,,,
smokie,201748,48,20171127,20171201,2017,11,27,2017,12,1,11/27/2017,12/1/2017, 7.00 ,12/29/2017,,,
smokie,201749,49,20171204,20171208,2017,12,4,2017,12,8,12/4/2017,12/8/2017, 7.00 ,1/5/2018,,,
smokie,201750,50,20171211,20171215,2017,12,11,2017,12,15,12/11/2017,12/15/2017, 7.00 ,1/12/2018,,,
smokie,201751,51,20171218,20171222,2017,12,18,2017,12,22,12/18/2017,12/22/2017, 7.00 ,1/19/2018,,,
smokie,201752,52,20171226,20171229,2017,12,26,2017,12,29,12/26/2017,12/29/2017, 8.00 ,1/26/2018,,,
smokie,201801,1,20180102,20180105,2018,1,2,2018,1,5,1/2/2018,1/5/2018, 7.00 ,2/2/2018,,,
smokie,201802,2,20180108,20180112,2018,1,8,2018,1,12,1/8/2018,1/12/2018, 6.00 ,2/9/2018,,,
smokie,201803,3,20180116,20180119,2018,1,16,2018,1,19,1/16/2018,1/19/2018, 8.00 ,2/16/2018,,,
smokie,201804,4,20180122,20180126,2018,1,22,2018,1,26,1/22/2018,1/26/2018, 6.00 ,2/23/2018,,,
smokie,201805,5,20180129,20180202,2018,1,29,2018,2,2,1/29/2018,2/2/2018, 7.00 ,3/2/2018,,,
smokie,201806,6,20180205,20180209,2018,2,5,2018,2,9,2/5/2018,2/9/2018, 7.00 ,3/9/2018,,,
smokie,201807,7,20180212,20180216,2018,2,12,2018,2,16,2/12/2018,2/16/2018, 7.00 ,3/16/2018,,,
smokie,201808,8,20180220,20180223,2018,2,20,2018,2,23,2/20/2018,2/23/2018, 8.00 ,3/23/2018,,,
smokie,201809,9,20180226,20180302,2018,2,26,2018,3,2,2/26/2018,3/2/2018, 6.00 ,3/30/2018,,,
smokie,201810,10,20180305,20180309,2018,3,5,2018,3,9,3/5/2018,3/9/2018, 7.00 ,4/6/2018,,,
smokie,201811,11,20180312,20180316,2018,3,12,2018,3,16,3/12/2018,3/16/2018, 7.00 ,4/13/2018,,,
smokie,201812,12,20180319,20180323,2018,3,19,2018,3,23,3/19/2018,3/23/2018, 7.00 ,4/20/2018,,,
smokie,201813,13,20180326,20180329,2018,3,26,2018,3,29,3/26/2018,3/29/2018, 7.00 ,4/27/2018,,,
smokie,201814,14,20180402,20180406,2018,4,2,2018,4,6,4/2/2018,4/6/2018, 7.00 ,5/4/2018,,,
smokie,201815,15,20180409,20180413,2018,4,9,2018,4,13,4/9/2018,4/13/2018, 7.00 ,5/11/2018,,,
smokie,201816,16,20180416,20180420,2018,4,16,2018,4,20,4/16/2018,4/20/2018, 7.00 ,5/18/2018,,,
smokie,201817,17,20180423,20180427,2018,4,23,2018,4,27,4/23/2018,4/27/2018, 7.00 ,5/25/2018,,,
smokie,201818,18,20180430,20180504,2018,4,30,2018,5,4,4/30/2018,5/4/2018, 7.00 ,6/1/2018,,,
smokie,201819,19,20180507,20180511,2018,5,7,2018,5,11,5/7/2018,5/11/2018, 7.00 ,6/8/2018,,,
smokie,201820,20,20180514,20180518,2018,5,14,2018,5,18,5/14/2018,5/18/2018, 7.00 ,6/15/2018,,,
smokie,201821,21,20180521,20180525,2018,5,21,2018,5,25,5/21/2018,5/25/2018, 7.00 ,6/22/2018,,,
smokie,201822,22,20180529,20180601,2018,5,29,2018,6,1,5/29/2018,6/1/2018, 8.00 ,6/29/2018,,,
smokie,201823,23,20180604,20180608,2018,6,4,2018,6,8,6/4/2018,6/8/2018, 6.00 ,7/6/2018,,,
smokie,201824,24,20180611,20180615,2018,6,11,2018,6,15,6/11/2018,6/15/2018, 7.00 ,7/13/2018,,,
smokie,201825,25,20180618,20180622,2018,6,18,2018,6,22,6/18/2018,6/22/2018, 7.00 ,7/20/2018,,,
smokie,201826,26,20180625,20180629,2018,6,25,2018,6,29,6/25/2018,6/29/2018, 7.00 ,7/27/2018,,,
smokie,201827,27,20180702,20180706,2018,7,2,2018,7,6,7/2/2018,7/6/2018, 7.00 ,8/3/2018,,,
smokie,201828,28,20180709,20180713,2018,7,9,2018,7,13,7/9/2018,7/13/2018, 7.00 ,8/10/2018,,,
smokie,201829,29,20180716,20180720,2018,7,16,2018,7,20,7/16/2018,7/20/2018, 7.00 ,8/17/2018,,,
smokie,201830,30,20180723,20180727,2018,7,23,2018,7,27,7/23/2018,7/27/2018, 7.00 ,8/24/2018,,,
smokie,201831,31,20180730,20180803,2018,7,30,2018,8,3,7/30/2018,8/3/2018, 7.00 ,8/31/2018,,,
smokie,201832,32,20180806,20180810,2018,8,6,2018,8,10,8/6/2018,8/10/2018, 7.00 ,9/7/2018,,,
smokie,201833,33,20180813,20180817,2018,8,13,2018,8,17,8/13/2018,8/17/2018, 7.00 ,9/14/2018,,,
smokie,201834,34,20180820,20180824,2018,8,20,2018,8,24,8/20/2018,8/24/2018, 7.00 ,9/21/2018,,,
smokie,201835,35,20180827,20180831,2018,8,27,2018,8,31,8/27/2018,8/31/2018, 7.00 ,9/28/2018,,,
smokie,201836,36,20180904,20180907,2018,9,4,2018,9,7,9/4/2018,9/7/2018, 8.00 ,10/5/2018,,,
smokie,201837,37,20180910,20180914,2018,9,10,2018,9,14,9/10/2018,9/14/2018, 6.00 ,10/12/2018,,,
smokie,201838,38,20180917,20180921,2018,9,17,2018,9,21,9/17/2018,9/21/2018, 7.00 ,10/19/2018,,,
smokie,201839,39,20180924,20180928,2018,9,24,2018,9,28,9/24/2018,9/28/2018, 7.00 ,10/26/2018,,,
smokie,201840,40,20181001,20181005,2018,10,1,2018,10,5,10/1/2018,10/5/2018, 7.00 ,11/2/2018,,,
smokie,201841,41,20181008,20181012,2018,10,8,2018,10,12,10/8/2018,10/12/2018, 7.00 ,11/9/2018,,,
smokie,201842,42,20181015,20181019,2018,10,15,2018,10,19,10/15/2018,10/19/2018, 7.00 ,11/16/2018,,,
smokie,201843,43,20181022,20181026,2018,10,22,2018,10,26,10/22/2018,10/26/2018, 7.00 ,11/23/2018,,,
smokie,201844,44,20181029,20181102,2018,10,29,2018,11,2,10/29/2018,11/2/2018, 7.00 ,11/30/2018,,,
smokie,201845,45,20181105,20181109,2018,11,5,2018,11,9,11/5/2018,11/9/2018, 7.00 ,12/7/2018,,,
smokie,201846,46,20181112,20181116,2018,11,12,2018,11,16,11/12/2018,11/16/2018, 7.00 ,12/14/2018,,,
smokie,201847,47,20181119,20181123,2018,11,19,2018,11,23,11/19/2018,11/23/2018, 7.00 ,12/21/2018,,,
smokie,201848,48,20181126,20181130,2018,11,26,2018,11,30,11/26/2018,11/30/2018, 7.00 ,12/28/2018,,,
smokie,201849,49,20181203,20181207,2018,12,3,2018,12,7,12/3/2018,12/7/2018, 7.00 ,1/4/2019,,,
smokie,201850,50,20181210,20181214,2018,12,10,2018,12,14,12/10/2018,12/14/2018, 7.00 ,1/11/2019,,,
smokie,201851,51,20181217,20181221,2018,12,17,2018,12,21,12/17/2018,12/21/2018, 7.00 ,1/18/2019,,,
smokie,201852,52,20181224,20181228,2018,12,24,2018,12,28,12/24/2018,12/28/2018, 7.00 ,1/25/2019,,,
smokie,201853,53,20181231,20181231,2018,12,31,2018,12,31,12/31/2018,12/31/2018, 7.00 ,2/1/2019,,,
smokie,201901,1,20190102,20190104,2019,1,2,2019,1,4,1/2/2019,1/4/2019, 2.00 ,2/8/2019,,,
smokie,201902,2,20190107,20190111,2019,1,7,2019,1,11,1/7/2019,1/11/2019, 5.00 ,2/15/2019,,,
smokie,201903,3,20190114,20190118,2019,1,14,2019,1,18,1/14/2019,1/18/2019, 7.00 ,2/22/2019,,,
smokie,201904,4,20190122,20190125,2019,1,22,2019,1,25,1/22/2019,1/25/2019, 8.00 ,3/1/2019,,,
smokie,201905,5,20190128,20190201,2019,1,28,2019,2,1,1/28/2019,2/1/2019, 6.00 ,3/8/2019,,,
smokie,201906,6,20190204,20190208,2019,2,4,2019,2,8,2/4/2019,2/8/2019, 7.00 ,3/15/2019,,,
smokie,201907,7,20190211,20190215,2019,2,11,2019,2,15,2/11/2019,2/15/2019, 7.00 ,3/22/2019,,,
smokie,201908,8,20190219,20190222,2019,2,19,2019,2,22,2/19/2019,2/22/2019, 8.00 ,3/29/2019,,,
smokie,201909,9,20190225,20190301,2019,2,25,2019,3,1,2/25/2019,3/1/2019, 6.00 ,4/5/2019,,,
smokie,201910,10,20190304,20190308,2019,3,4,2019,3,8,3/4/2019,3/8/2019, 7.00 ,4/12/2019,,,
smokie,201911,11,20190311,20190315,2019,3,11,2019,3,15,3/11/2019,3/15/2019, 7.00 ,4/19/2019,,,
smokie,201912,12,20190318,20190322,2019,3,18,2019,3,22,3/18/2019,3/22/2019, 7.00 ,4/26/2019,,,
smokie,201913,13,20190325,20190329,2019,3,25,2019,3,29,3/25/2019,3/29/2019, 7.00 ,5/3/2019,,,
smokie,201914,14,20190401,20190405,2019,4,1,2019,4,5,4/1/2019,4/5/2019, 7.00 ,5/10/2019,,,
smokie,201915,15,20190408,20190412,2019,4,8,2019,4,12,4/8/2019,4/12/2019, 7.00 ,5/17/2019,,,
smokie,201916,16,20190415,20190418,2019,4,15,2019,4,18,4/15/2019,4/18/2019, 7.00 ,5/24/2019,,,
smokie,201917,17,20190422,20190426,2019,4,22,2019,4,26,4/22/2019,4/26/2019, 7.00 ,5/31/2019,,,
smokie,201918,18,20190429,20190503,2019,4,29,2019,5,3,4/29/2019,5/3/2019, 7.00 ,6/7/2019,,,
smokie,201919,19,20190506,20190510,2019,5,6,2019,5,10,5/6/2019,5/10/2019, 7.00 ,6/14/2019,,,
smokie,201920,20,20190513,20190517,2019,5,13,2019,5,17,5/13/2019,5/17/2019, 7.00 ,6/21/2019,,,
smokie,201921,21,20190520,20190524,2019,5,20,2019,5,24,5/20/2019,5/24/2019, 7.00 ,6/28/2019,,,
smokie,201922,22,20190528,20190531,2019,5,28,2019,5,31,5/28/2019,5/31/2019, 8.00 ,7/5/2019,,,
smokie,201923,23,20190603,20190607,2019,6,3,2019,6,7,6/3/2019,6/7/2019, 6.00 ,7/12/2019,,,
smokie,201924,24,20190610,20190614,2019,6,10,2019,6,14,6/10/2019,6/14/2019, 7.00 ,7/19/2019,,,
smokie,201925,25,20190617,20190621,2019,6,17,2019,6,21,6/17/2019,6/21/2019, 7.00 ,7/26/2019,,,
smokie,201926,26,20190624,20190628,2019,6,24,2019,6,28,6/24/2019,6/28/2019, 7.00 ,8/2/2019,,,
smokie,201927,27,20190701,20190705,2019,7,1,2019,7,5,7/1/2019,7/5/2019, 7.00 ,8/9/2019,,,
smokie,201928,28,20190708,20190712,2019,7,8,2019,7,12,7/8/2019,7/12/2019, 7.00 ,8/16/2019,,,
smokie,201929,29,20190715,20190719,2019,7,15,2019,7,19,7/15/2019,7/19/2019, 7.00 ,8/23/2019,,,
smokie,201930,30,20190722,20190726,2019,7,22,2019,7,26,7/22/2019,7/26/2019, 7.00 ,8/30/2019,,,
smokie,201931,31,20190729,20190802,2019,7,29,2019,8,2,7/29/2019,8/2/2019, 7.00 ,9/6/2019,,,
smokie,201932,32,20190805,20190809,2019,8,5,2019,8,9,8/5/2019,8/9/2019, 7.00 ,9/13/2019,,,
smokie,201933,33,20190812,20190816,2019,8,12,2019,8,16,8/12/2019,8/16/2019, 7.00 ,9/20/2019,,,
smokie,201934,34,20190819,20190823,2019,8,19,2019,8,23,8/19/2019,8/23/2019, 7.00 ,9/27/2019,,,
smokie,201935,35,20190826,20190830,2019,8,26,2019,8,30,8/26/2019,8/30/2019, 7.00 ,10/4/2019,,,
smokie,201936,36,20190903,20190906,2019,9,3,2019,9,6,9/3/2019,9/6/2019, 8.00 ,10/11/2019,,,
smokie,201937,37,20190909,20190913,2019,9,9,2019,9,13,9/9/2019,9/13/2019, 6.00 ,10/18/2019,,,
smokie,201938,38,20190916,20190920,2019,9,16,2019,9,20,9/16/2019,9/20/2019, 7.00 ,10/25/2019,,,
smokie,201939,39,20190923,20190927,2019,9,23,2019,9,27,9/23/2019,9/27/2019, 7.00 ,11/1/2019,,,
smokie,201940,40,20190930,20191004,2019,9,30,2019,10,4,9/30/2019,10/4/2019, 7.00 ,11/8/2019,,,
smokie,201941,41,20191007,20191011,2019,10,7,2019,10,11,10/7/2019,10/11/2019, 7.00 ,11/15/2019,,,
smokie,201942,42,20191014,20191018,2019,10,14,2019,10,18,10/14/2019,10/18/2019, 7.00 ,11/22/2019,,,
smokie,201943,43,20191021,20191025,2019,10,21,2019,10,25,10/21/2019,10/25/2019, 7.00 ,11/29/2019,,,
smokie,201944,44,20191028,20191101,2019,10,28,2019,11,1,10/28/2019,11/1/2019, 7.00 ,12/6/2019,,,
smokie,201945,45,20191104,20191108,2019,11,4,2019,11,8,11/4/2019,11/8/2019, 7.00 ,12/13/2019,,,
smokie,201946,46,20191111,20191115,2019,11,11,2019,11,15,11/11/2019,11/15/2019, 7.00 ,12/20/2019,,,
smokie,201947,47,20191118,20191122,2019,11,18,2019,11,22,11/18/2019,11/22/2019, 7.00 ,12/27/2019,,,
smokie,201948,48,20191125,20191129,2019,11,25,2019,11,29,11/25/2019,11/29/2019, 7.00 ,1/3/2020,,,
smokie,201949,49,20191202,20191206,2019,12,2,2019,12,6,12/2/2019,12/6/2019, 7.00 ,1/10/2020,,,
smokie,201950,50,20191209,20191213,2019,12,9,2019,12,13,12/9/2019,12/13/2019, 7.00 ,1/17/2020,,,
smokie,201951,51,20191216,20191220,2019,12,16,2019,12,20,12/16/2019,12/20/2019, 7.00 ,1/24/2020,,,
smokie,201952,52,20191223,20191227,2019,12,23,2019,12,27,12/23/2019,12/27/2019, 7.00 ,1/31/2020,,,
smokie,201953,53,20191230,20191231,2019,12,30,2019,12,31,12/30/2019,12/31/2019, 7.00 ,2/7/2020,,,
smokie,202001,1,20200102,20200103,2020,1,2,2020,1,3,1/2/2020,1/3/2020, 3.00 ,2/14/2020,,,
smokie,202002,2,20200106,20200110,2020,1,6,2020,1,10,1/6/2020,1/10/2020, 4.00 ,2/21/2020,,,
smokie,202003,3,20200113,20200117,2020,1,13,2020,1,17,1/13/2020,1/17/2020, 7.00 ,2/28/2020,,,
smokie,202004,4,20200121,20200124,2020,1,21,2020,1,24,1/21/2020,1/24/2020, 8.00 ,3/6/2020,,,
smokie,202005,5,20200127,20200131,2020,1,27,2020,1,31,1/27/2020,1/31/2020, 6.00 ,3/13/2020,,,
smokie,202006,6,20200203,20200207,2020,2,3,2020,2,7,2/3/2020,2/7/2020, 7.00 ,3/20/2020,,,
smokie,202007,7,20200210,20200214,2020,2,10,2020,2,14,2/10/2020,2/14/2020, 7.00 ,3/27/2020,,,
smokie,202008,8,20200218,20200221,2020,2,18,2020,2,21,2/18/2020,2/21/2020, 8.00 ,4/3/2020,,,
smokie,202009,9,20200224,20200228,2020,2,24,2020,2,28,2/24/2020,2/28/2020, 6.00 ,4/10/2020,,,
smokie,202010,10,20200302,20200306,2020,3,2,2020,3,6,3/2/2020,3/6/2020, 7.00 ,4/17/2020,,,
smokie,202011,11,20200309,20200313,2020,3,9,2020,3,13,3/9/2020,3/13/2020, 7.00 ,4/24/2020,,,
smokie,202012,12,20200316,20200320,2020,3,16,2020,3,20,3/16/2020,3/20/2020, 7.00 ,5/1/2020,,,
smokie,202013,13,20200323,20200327,2020,3,23,2020,3,27,3/23/2020,3/27/2020, 7.00 ,5/8/2020,,,
smokie,202014,14,20200330,20200403,2020,3,30,2020,4,3,3/30/2020,4/3/2020, 7.00 ,5/15/2020,,,
smokie,202015,15,20200406,20200409,2020,4,6,2020,4,9,4/6/2020,4/9/2020, 7.00 ,5/22/2020,,,
smokie,202016,16,20200413,20200417,2020,4,13,2020,4,17,4/13/2020,4/17/2020, 7.00 ,5/29/2020,,,
smokie,202017,17,20200420,20200424,2020,4,20,2020,4,24,4/20/2020,4/24/2020, 7.00 ,6/5/2020,,,
smokie,202018,18,20200427,20200501,2020,4,27,2020,5,1,4/27/2020,5/1/2020, 7.00 ,6/12/2020,,,
smokie,202019,19,20200504,20200508,2020,5,4,2020,5,8,5/4/2020,5/8/2020, 7.00 ,6/19/2020,,,
smokie,202020,20,20200511,20200515,2020,5,11,2020,5,15,5/11/2020,5/15/2020, 7.00 ,6/26/2020,,,
smokie,202021,21,20200518,20200522,2020,5,18,2020,5,22,5/18/2020,5/22/2020, 7.00 ,7/3/2020,,,
smokie,202022,22,20200526,20200529,2020,5,26,2020,5,29,5/26/2020,5/29/2020, 8.00 ,7/10/2020,,,
smokie,202023,23,20200601,20200605,2020,6,1,2020,6,5,6/1/2020,6/5/2020, 6.00 ,7/17/2020,,,
smokie,202024,24,20200608,20200612,2020,6,8,2020,6,12,6/8/2020,6/12/2020, 7.00 ,7/24/2020,,,
smokie,202025,25,20200615,20200619,2020,6,15,2020,6,19,6/15/2020,6/19/2020, 7.00 ,7/31/2020,,,
smokie,202026,26,20200622,20200626,2020,6,22,2020,6,26,6/22/2020,6/26/2020, 7.00 ,8/7/2020,,,
smokie,202027,27,20200629,20200702,2020,6,29,2020,7,2,6/29/2020,7/2/2020, 7.00 ,8/14/2020,,,
smokie,202028,28,20200706,20200710,2020,7,6,2020,7,10,7/6/2020,7/10/2020, 7.00 ,8/21/2020,,,
smokie,202029,29,20200713,20200717,2020,7,13,2020,7,17,7/13/2020,7/17/2020, 7.00 ,8/28/2020,,,
smokie,202030,30,20200720,20200724,2020,7,20,2020,7,24,7/20/2020,7/24/2020, 7.00 ,9/4/2020,,,
smokie,202031,31,20200727,20200731,2020,7,27,2020,7,31,7/27/2020,7/31/2020, 7.00 ,9/11/2020,,,
,,,,,,,,,,,8/3/2020,8/7/2020,,,,,
,,,,,,,,,,,8/10/2020,8/14/2020,,,,,
,,,,,,,,,,,8/17/2020,8/21/2020,,,,,
,,,,,,,,,,,8/24/2020,8/28/2020,,,,,
,,,,,,,,,,,8/31/2020,9/4/2020,,,,,
,,,,,,,,,,,9/7/2020,9/11/2020,,,,,
,,,,,,,,,,,9/14/2020,9/18/2020,,,,,
,,,,,,,,,,,9/21/2020,9/25/2020,,,,,
,,,,,,,,,,,9/28/2020,10/2/2020,,,,,
,,,,,,,,,,,10/5/2020,10/9/2020,,,,,
,,,,,,,,,,,10/12/2020,10/16/2020,,,,,
,,,,,,,,,,,10/19/2020,10/23/2020,,,,,
,,,,,,,,,,,10/26/2020,10/30/2020,,,,,
,,,,,,,,,,,11/2/2020,11/6/2020,,,,,
,,,,,,,,,,,11/9/2020,11/13/2020,,,,,
,,,,,,,,,,,11/16/2020,11/20/2020,,,,,
,,,,,,,,,,,11/23/2020,11/27/2020,,,,,
,,,,,,,,,,,,,,,,,
,,,,,,,,,,,,,,,,,
,,,,,,,,,,,,,,,,,
