,date,symbol,fillingDate,acceptedDate,period,netIncome,depreciationAndAmortization,deferredIncomeTax,stockBasedCompensation,changeInWorkingCapital,accountsReceivables,inventory,accountsPayables,otherWorkingCapital,otherNonCashItems,netCashProvidedByOperatingActivities,investmentsInPropertyPlantAndEquipment,acquisitionsNet,purchasesOfInvestments,salesMaturitiesOfInvestments,otherInvestingActivites,netCashUsedForInvestingActivites,debtRepayment,commonStockIssued,commonStockRepurchased,dividendsPaid,otherFinancingActivites,netCashUsedProvidedByFinancingActivities,effectOfForexChangesOnCash,netChangeInCash,cashAtEndOfPeriod,cashAtBeginningOfPeriod,operatingCashFlow,capitalExpenditure,freeCashFlow,link,finalLink
0,2020-10-02,MRCY,2020-11-10,2020-11-10 14:36:04,Q1,15798000,12997000,-2921000.0,7184000.0,21245000,3496000.0,-27768000,10803000,530099000,0.0,1369000.0,-10978000,0.0,0.0,0.0,0.0,-10978000,-2268000.0,0.0,0.0,0.0,0.0,-64000.0,0.0,12284000,239122000,226838000,1369000.0,10978000,-9609000.0,https://www.sec.gov/Archives/edgar/data/1049521/000104952120000054/0001049521-20-000054-index.htm,https://www.sec.gov/Archives/edgar/data/1049521/000104952120000054/mrcy-20201002.htm
0,2020-07-03,MRCY,2020-08-18,2020-08-18 15:50:10,Q4,27224000.000000004,12750999.999999998,-4193000.0,7534000.0,-164523000,3262000.0,-16235000,8212000.0,508854000,6634000.0,28726000,-11506000,0.0,0.0,0.0,0.0,-11505999.999999985,-1746000.0,0.0,2355000.0000000005,0.0,0.0,-197644999.99999997,117000.00000000001,-180308000,226838000,407146000,28726000,-11505999.999999996,17220000.000000004,https://www.sec.gov/Archives/edgar/data/1049521/000104952120000034/0001049521-20-000034-index.htm,https://www.sec.gov/Archives/edgar/data/1049521/000104952120000034/mrcy-20200703.htm
0,2020-03-27,MRCY,2020-05-05 00:00:00,2020-05-05 16:17:12,Q3,23564999.999999996,12651000,581000.0,6814000.0,236152000,-20742000,-8154000.0,18393000,673377000,4151000.0,30082000,-10869000,0.0,-746000.0,0.0,5056000.0,-6558999.999999997,4310000.0,0.0,1646999.9999999986,0.0,202393000,201647000,-61000.00000000001,225108999.99999997,407146000,182037000,30082000,-10869000,19213000,https://www.sec.gov/Archives/edgar/data/1049521/000104952120000017/0001049521-20-000017-index.html,https://www.sec.gov/Archives/edgar/data/1049521/000104952120000017/mrcy-20200327.htm
0,2019-12-27,MRCY,2020-02-04 00:00:00,2020-02-04 16:37:26,Q2,15676000.000000002,12547000,355000.0,6531000.0,28254000,-15742000,-5669000.0,5850000.0,437225000,7238000.0,32066000,-11324000,0.0,-375000.0,0.0,375000.0,-11324000.000000011,-2269000.0,0.0,-375000.0,0.0,0.0,-375000.0,371000.0,20738000,182037000,161299000,32066000,-11324000,20742000,https://www.sec.gov/Archives/edgar/data/1049521/000104952120000009/0001049521-20-000009-index.html,https://www.sec.gov/Archives/edgar/data/1049521/000104952120000009/mrcy-20191227.htm
0,2019-09-27,MRCY,2019-11-05 00:00:00,2019-11-05 17:17:15,Q1,19247000,11381000,238000.0,5659000.0,-75169000,2230000.0,298000.0,-6275000.0,408971000,6207000.0,24310000,-9595000.0,-96502000,-14562000,0.0,14562000,-106097000,-3087000.0,0.0,-14559000,0.0,3000.0,-14559000,-287000.0,-96633000,161299000,257932000,24310000,-9595000.0,14715000,https://www.sec.gov/Archives/edgar/data/1049521/000104952119000047/0001049521-19-000047-index.html,https://www.sec.gov/Archives/edgar/data/1049521/000104952119000047/mrcy9272019-10q.htm
0,2019-06-30,MRCY,2019-08-15 00:00:00,2019-08-15 14:54:48,Q4,12804000,11562000,-503000.0,4586000.0,-8964000.0,0.0,-3331000.0,0.0,-1688000.0,1064000.0,25969000,0.0,0.0,0.0,0.0,0.0,0.0,-324500000,454343000,-534000.0,0.0,-5420000.0,0.0,0.0,0.0,257932000,112515000,25969000,-8829000.0,17140000,https://www.sec.gov/Archives/edgar/data/1049521/000104952119000033/0001049521-19-000033-index.html,https://www.sec.gov/Archives/edgar/data/1049521/000104952119000033/mrcy201910-k.htm
0,2019-03-31,MRCY,2019-05-09 00:00:00,2019-05-09 16:02:13,Q3,14109000,11576000,889000.0,4873000.0,-5800000.0,0.0,-4348000.0,0.0,-8993000.0,571000.0,26218000,0.0,0.0,0.0,0.0,0.0,0.0,0.0,0.0,-502000.0,0.0,0.0,0.0,0.0,0.0,112515000,93903000,26218000,-7060000.0,19158000,https://www.sec.gov/Archives/edgar/data/1049521/000104952119000015/0001049521-19-000015-index.html,https://www.sec.gov/Archives/edgar/data/1049521/000104952119000015/mrcy3312019-10q.htm
0,2018-12-31,MRCY,2019-02-07 00:00:00,2019-02-07 12:26:54,Q2,12383000,11708000,-1562000.0,5284000.0,-3434000.0,0.0,-4869000.0,0.0,1585000.0,922000.0,25301000,0.0,0.0,0.0,0.0,0.0,0.0,0.0,0.0,-120000.0,0.0,0.0,0.0,0.0,0.0,93903000,72869000,25301000,-7075000.0,18226000,https://www.sec.gov/Archives/edgar/data/1049521/000104952119000006/0001049521-19-000006-index.html,https://www.sec.gov/Archives/edgar/data/1049521/000104952119000006/mrcy12312018-10q.htm
0,2018-09-30,MRCY,2018-11-08 00:00:00,2018-11-08 17:14:28,Q1,7479000.0,11546000,-381000.0,4679000.0,-4516000.0,0.0,-4553000.0,0.0,10862000,1222000.0,20029000,0.0,0.0,0.0,0.0,0.0,0.0,0.0,0.0,-6812000.0,0.0,-1851000.0,0.0,0.0,0.0,72869000,66521000,20029000,-3727000.0,16302000,https://www.sec.gov/Archives/edgar/data/1049521/000104952118000045/0001049521-18-000045-index.html,https://www.sec.gov/Archives/edgar/data/1049521/000104952118000045/mrcy09302018-10q.htm
0,2018-06-30,MRCY,2018-08-16 00:00:00,2018-08-16 15:36:49,Q4,10101000,11957000,18000.0,4269000.0,-1564000.0,0.0,8701000.0,0.0,3441000.0,860000.0,25641000,0.0,0.0,0.0,0.0,0.0,0.0,0.0,0.0,-390000.0,0.0,0.0,0.0,0.0,0.0,66521000,44217000,25641000,-4039000.0,21602000,https://www.sec.gov/Archives/edgar/data/1049521/000104952118000030/0001049521-18-000030-index.html,https://www.sec.gov/Archives/edgar/data/1049521/000104952118000030/mrcy201810-k.htm
0,2018-03-31,MRCY,2018-05-03 00:00:00,2018-05-03 16:10:09,Q3,3696000.0,11381000,-649000.0,3597000.0,-17548000,0.0,-2476000.0,0.0,3788000.0,396000.0,873000.0,0.0,0.0,0.0,0.0,0.0,0.0,0.0,0.0,-209000.0,0.0,0.0,0.0,0.0,0.0,44217000,32035000,873000.0,-3475000.0,-2602000.0,https://www.sec.gov/Archives/edgar/data/1049521/000104952118000020/0001049521-18-000020-index.html,https://www.sec.gov/Archives/edgar/data/1049521/000104952118000020/mrcy03312018-10q.htm
0,2017-12-31,MRCY,2018-02-02 00:00:00,2018-02-02 11:46:04,Q2,9133000.0,9602000.0,-647000.0,4827000.0,-14605000,0.0,-11306000,0.0,-1503000.0,469000.0,8779000.0,0.0,0.0,0.0,0.0,-1000.0,0.0,-15000000,0.0,-1361000.0,0.0,0.0,0.0,0.0,0.0,32035000,26074000,8779000.0,-3964000.0,4815000.0,https://www.sec.gov/Archives/edgar/data/1049521/000104952118000007/0001049521-18-000007-index.html,https://www.sec.gov/Archives/edgar/data/1049521/000104952118000007/mrcy12312017-10q.htm
0,2017-09-30,MRCY,2017-11-02 00:00:00,2017-11-02 16:04:57,Q1,17953000,9337000.0,-4186000.0,4621000.0,-20075000,0.0,-11149000,0.0,-12582000,378000.0,8028000.0,0.0,0.0,0.0,0.0,-374000.0,0.0,0.0,0.0,-13548000,0.0,0.0,0.0,0.0,0.0,26074000,41637000,8028000.0,-3628000.0,4400000.0,https://www.sec.gov/Archives/edgar/data/1049521/000104952117000060/0001049521-17-000060-index.html,https://www.sec.gov/Archives/edgar/data/1049521/000104952117000060/mrcy9302017-10q.htm
0,2017-06-30,MRCY,2017-08-18 00:00:00,2017-08-18 08:30:32,Q4,8804000.0,9130000.0,-2223000.0,3901000.0,-10326000,0.0,-2703000.0,0.0,4427000.0,450000.0,9736000.0,0.0,0.0,0.0,0.0,0.0,0.0,-192500000,-7000.0,-1084000.0,0.0,-591000.0,0.0,0.0,0.0,41637000,270238000,9736000.0,-6055000.0,3681000.0,https://www.sec.gov/Archives/edgar/data/1049521/000104952117000048/0001049521-17-000048-index.html,https://www.sec.gov/Archives/edgar/data/1049521/000104952117000048/mrcy201710-k.htm
0,2017-03-31,MRCY,2017-05-04 00:00:00,2017-05-04 16:48:01,Q3,7048000.0,7963000.0,-4616000.0,3715000.0,10639000,0.0,-2733000.0,0.0,9187000.0,140000.0,24889000,0.0,0.0,0.0,0.0,-375000.0,0.0,-5000000.0,215732000,-122000.0,0.0,0.0,0.0,0.0,0.0,270238000,46185000,24889000,-13036000,11853000,https://www.sec.gov/Archives/edgar/data/1049521/000104952117000031/0001049521-17-000031-index.html,https://www.sec.gov/Archives/edgar/data/1049521/000104952117000031/mrcy3312017-10q.htm
0,2016-12-31,MRCY,2017-02-09 00:00:00,2017-02-09 13:57:46,Q2,5204000.0,7856000.0,1604000.0,4093000.0,-4693000.0,0.0,-3778000.0,0.0,2824000.0,174000.0,14238000,0.0,0.0,0.0,0.0,0.0,0.0,0.0,0.0,-1432000.0,0.0,0.0,0.0,0.0,0.0,46185000,77314000,14238000,-7703000.0,6535000.0,https://www.sec.gov/Archives/edgar/data/1049521/000104952117000018/0001049521-17-000018-index.html,https://www.sec.gov/Archives/edgar/data/1049521/000104952117000018/mrcy12312016-10q.htm
0,2016-09-30,MRCY,2016-11-03 00:00:00,2016-11-03 16:27:19,Q1,3819000.0,7320000.0,-2606000.0,3632000.0,-2302000.0,0.0,-104000.0,0.0,-3976000.0,420000.0,10283000,0.0,0.0,0.0,0.0,-111000.0,0.0,-2500000.0,0.0,-6128000.0,0.0,0.0,0.0,0.0,0.0,77314000,81691000,10283000,-6050000.0,4233000.0,https://www.sec.gov/Archives/edgar/data/1049521/000104952116000107/0001049521-16-000107-index.html,https://www.sec.gov/Archives/edgar/data/1049521/000104952116000107/mrcy9302016-10q.htm
0,2016-06-30,MRCY,2016-08-16,2016-08-16 17:22:26,Q4,8463000.0,5864000.0,-1804000.0,2330000.0,-1298000.0,0.0,1486000.0,0.0,406000.0,193000.0,15132000,0.0,0.0,0.0,0.0,0.0,0.0,0.0,92766000,-3744000.0,0.0,-4310000.0,0.0,0.0,0.0,81691000,84245000,15132000,-2977000.0,12155000,https://www.sec.gov/Archives/edgar/data/1049521/000104952116000094/mrcy201610-k.htm,https://www.sec.gov/Archives/edgar/data/1049521/000104952116000094/mrcy201610-k.htm
0,2016-03-31,MRCY,2016-05-05 00:00:00,2016-05-05 17:00:11,Q3,4526000.0,3319000.0,-363000.0,2150000.0,-5047000.0,0.0,2326000.0,0.0,-2375000.0,-230000.0,4330000.0,0.0,0.0,0.0,0.0,-382000.0,0.0,0.0,0.0,-87000.0,0.0,25000.0,0.0,0.0,0.0,84245000,81554000,4330000.0,-1752000.0,2578000.0,https://www.sec.gov/Archives/edgar/data/1049521/000104952116000078/0001049521-16-000078-index.html,https://www.sec.gov/Archives/edgar/data/1049521/000104952116000078/mrcy3312016-10q.htm
0,2015-12-31,MRCY,2016-02-04 00:00:00,2016-02-04 15:09:30,Q2,4793000.0,3258000.0,-482000.0,2392000.0,2326000.0,0.0,-1938000.0,0.0,507000.0,-263000.0,11865000,0.0,0.0,0.0,0.0,0.0,0.0,0.0,0.0,-416000.0,0.0,390000.0,0.0,0.0,0.0,81554000,79073000,11865000,-1289000.0,10576000,https://www.sec.gov/Archives/edgar/data/1049521/000104952116000066/0001049521-16-000066-index.html,https://www.sec.gov/Archives/edgar/data/1049521/000104952116000066/mrcy12312015-10q.htm
0,2015-09-30,MRCY,2015-11-05 00:00:00,2015-11-05 13:39:12,Q1,1960000.0,3301000.0,-412000.0,2702000.0,-848000.0,0.0,-2739000.0,0.0,675000.0,-121000.0,5613000.0,0.0,0.0,0.0,0.0,-185000.0,0.0,0.0,0.0,-3708000.0,0.0,969000.0,0.0,0.0,0.0,79073000,77586000,5613000.0,-1867000.0,3746000.0,https://www.sec.gov/Archives/edgar/data/1049521/000104952115000049/0001049521-15-000049-index.html,https://www.sec.gov/Archives/edgar/data/1049521/000104952115000049/mrcy9302015-10q.htm
0,2015-06-30,MRCY,2015-08-13 00:00:00,2015-08-13 15:04:40,Q4,5930000.0,3394000.0,-221000.0,1963000.0,1991000.0,0.0,624000.0,0.0,-668000.0,-261000.0,12687000,0.0,0.0,0.0,0.0,-500000.0,0.0,-161000.0,0.0,0.0,0.0,109000.0,0.0,0.0,0.0,77586000,66520000,12687000,-2517000.0,10170000,https://www.sec.gov/Archives/edgar/data/1049521/000104952115000038/0001049521-15-000038-index.html,https://www.sec.gov/Archives/edgar/data/1049521/000104952115000038/mrcy201510-k.htm
0,2015-03-31,MRCY,2015-05-07 00:00:00,2015-05-07 15:24:57,Q3,4567000.0,3296000.0,497000.0,1832000.0,-1114000.0,0.0,-2553000.0,0.0,-1503000.0,334000.0,9114000.0,0.0,0.0,0.0,0.0,0.0,0.0,-161000.0,0.0,0.0,0.0,298000.0,0.0,0.0,0.0,66520000,56987000,9114000.0,-1344000.0,7770000.0,https://www.sec.gov/Archives/edgar/data/1049521/000104952115000018/0001049521-15-000018-index.html,https://www.sec.gov/Archives/edgar/data/1049521/000104952115000018/mrcy3312015-10q.htm
0,2014-12-31,MRCY,2015-02-05,2015-02-05 16:08:58,Q2,265000.0,3520000.0,-494000.0,2319000.0,838000.0,0.0,725000.0,0.0,5281000.0,-283000.0,8228000.0,0.0,0.0,0.0,0.0,1000.0,0.0,-160000.0,0.0,0.0,0.0,220000.0,0.0,0.0,0.0,56987000,48876000,8228000.0,-1218000.0,7010000.0,https://www.sec.gov/Archives/edgar/data/1049521/000104952115000009/mrcy12312014-10q.htm,https://www.sec.gov/Archives/edgar/data/1049521/000104952115000009/mrcy12312014-10q.htm
0,2014-09-30,MRCY,2014-11-06 00:00:00,2014-11-06 13:49:53,Q1,499000.0,3630000.0,-820000.0,2614000.0,-3144000.0,0.0,859000.0,0.0,-2425000.0,-285000.0,2178000.0,0.0,0.0,0.0,0.0,0.0,0.0,-160000.0,0.0,0.0,0.0,316000.0,0.0,0.0,0.0,48876000,47287000,2178000.0,-905000.0,1273000.0,https://www.sec.gov/Archives/edgar/data/1049521/000104952114000039/0001049521-14-000039-index.html,https://www.sec.gov/Archives/edgar/data/1049521/000104952114000039/mrcy9302014-10q.htm
0,2014-06-30,MRCY,2014-08-14 00:00:00,2014-08-14 16:01:45,Q4,-7546000.0,3716000.0,-322000.0,1778000.0,-1920000.0,0.0,3674000.0,0.0,1952000.0,121000.0,2509000.0,0.0,0.0,0.0,0.0,281000.0,0.0,-199000.0,0.0,0.0,0.0,5000.0,0.0,0.0,0.0,47287000,45710000,2509000.0,-1634000.0,875000.0,https://www.sec.gov/Archives/edgar/data/1049521/000104952114000020/0001049521-14-000020-index.html,https://www.sec.gov/Archives/edgar/data/1049521/000104952114000020/mrcy201410-k.htm
0,2014-03-31,MRCY,2014-05-08 00:00:00,2014-05-08 14:04:16,Q3,-578000.0,3864000.0,-5973000.0,1714000.0,3400000.0,0.0,-2175000.0,0.0,-236000.0,-213000.0,2201000.0,0.0,0.0,0.0,0.0,0.0,0.0,-221000.0,0.0,0.0,0.0,13000.0,0.0,0.0,0.0,45710000,44535000,2201000.0,-1133000.0,1068000.0,https://www.sec.gov/Archives/edgar/data/1049521/000104952114000009/0001049521-14-000009-index.html,https://www.sec.gov/Archives/edgar/data/1049521/000104952114000009/mrcy3312014-10q.htm
0,2013-12-31,MRCY,2014-02-06,2014-02-06 15:33:45,Q2,-1045000.0,3908000.0,332000.0,2717000.0,1733000.0,0.0,2045000.0,0.0,686000.0,-284000.0,7358000.0,0.0,0.0,0.0,0.0,-300000.0,0.0,-222000.0,0.0,0.0,0.0,3000.0,0.0,0.0,0.0,44535000,40106000,7358000.0,-2826000.0,4532000.0,https://www.sec.gov/Archives/edgar/data/1049521/000104952114000005/mrcy-12312013x10q.htm,https://www.sec.gov/Archives/edgar/data/1049521/000104952114000005/mrcy-12312013x10q.htm
0,2013-09-30,MRCY,2013-11-07 00:00:00,2013-11-07 15:55:45,Q1,-2256000.0,4120000.0,464000.0,3035000.0,-2947000.0,0.0,2274000.0,0.0,-1304000.0,-243000.0,2173000.0,0.0,0.0,0.0,0.0,0.0,0.0,-121000.0,0.0,0.0,0.0,0.0,0.0,0.0,0.0,40106000,39126000,2173000.0,-1108000.0,1065000.0,https://www.sec.gov/Archives/edgar/data/1049521/000104952113000018/0001049521-13-000018-index.html,https://www.sec.gov/Archives/edgar/data/1049521/000104952113000018/mrcy-09302013x10q.htm
0,2013-06-30,MRCY,2013-08-16 00:00:00,2013-08-16 14:45:35,Q4,-2012000.0,4365000.0,-3615000.0,1675000.0,3605000.0,0.0,1309000.0,0.0,1113000.0,-286000.0,4822000.0,0.0,0.0,0.0,0.0,0.0,0.0,-228000.0,0.0,0.0,0.0,1000.0,0.0,0.0,0.0,39126000,35145000,4822000.0,-1621000.0,3201000.0,https://www.sec.gov/Archives/edgar/data/1049521/000104952113000008/0001049521-13-000008-index.html,https://www.sec.gov/Archives/edgar/data/1049521/000104952113000008/mrcy201310-k.htm
0,2013-03-31,MRCY,2013-05-10 00:00:00,2013-05-10 11:11:40,Q3,788000.0,4424000.0,-578000.0,1906000.0,-4638000.0,0.0,1991000.0,0.0,-2047000.0,-196000.0,1697000.0,0.0,0.0,0.0,0.0,112000.0,0.0,-97000.0,0.0,0.0,0.0,12000.0,0.0,0.0,0.0,35145000,33900000,1697000.0,-533000.0,1164000.0,https://www.sec.gov/Archives/edgar/data/1049521/000119312513212995/0001193125-13-212995-index.html,https://www.sec.gov/Archives/edgar/data/1049521/000119312513212995/d502476d10q.htm
0,2012-12-31,MRCY,2013-02-08 00:00:00,2013-02-08 10:04:37,Q2,-4784000.0,4421000.0,-2383000.0,2014000.0,2548000.0,0.0,-359000.0,0.0,2437000.0,-257000.0,1559000.0,0.0,0.0,0.0,0.0,-112000.0,0.0,-222000.0,0.0,0.0,0.0,2226000.0,0.0,0.0,0.0,33900000,30568000,1559000.0,-746000.0,813000.0,https://www.sec.gov/Archives/edgar/data/1049521/000119312513045173/0001193125-13-045173-index.html,https://www.sec.gov/Archives/edgar/data/1049521/000119312513045173/d441044d10q.htm
0,2012-09-30,MRCY,2012-11-05 00:00:00,2012-11-05 15:58:50,Q1,-7200000.0,3999000.0,-3507000.0,2345000.0,-5559000.0,0.0,-2488000.0,0.0,-56000.0,-18000.0,-9949000.0,0.0,0.0,0.0,0.0,-265000.0,0.0,-6621000.0,0.0,0.0,0.0,9000.0,0.0,0.0,0.0,30568000,115964000,-9949000.0,-980000.0,-10929000,https://www.sec.gov/Archives/edgar/data/1049521/000119312512451734/0001193125-12-451734-index.html,https://www.sec.gov/Archives/edgar/data/1049521/000119312512451734/d401798d10q.htm
0,2012-06-30,MRCY,2012-08-22 00:00:00,2012-08-22 15:40:19,Q4,5676000.0,3277000.0,0.0,1422000.0,3168000.0,351000.0,-4052000.0,0.0,5654000.0,-2259000.0,4182000.0,0.0,0.0,0.0,0.0,0.0,0.0,-48000.0,0.0,0.0,0.0,72000.0,0.0,0.0,0.0,115964000,114845000,4182000.0,-2989000.0,1193000.0,https://www.sec.gov/Archives/edgar/data/1049521/000119312512365283/0001193125-12-365283-index.html,https://www.sec.gov/Archives/edgar/data/1049521/000119312512365283/d361143d10k.htm
0,2012-03-31,MRCY,2012-05-03,2012-05-03 15:06:11,Q3,0.0,3113000.0,0.0,1342000.0,1004000.0,5242000.0,969000.0,0.0,-9507000.0,5705000.0,12443000,0.0,0.0,0.0,0.0,0.0,0.0,-35000.0,246000.0,0.0,0.0,75000.0,0.0,0.0,0.0,114845000,104955000,12443000,-2897000.0,9546000.0,https://www.sec.gov/Archives/edgar/data/1049521/000119312512208112/d304137d10q.htm,https://www.sec.gov/Archives/edgar/data/1049521/000119312512208112/d304137d10q.htm
0,2011-12-31,MRCY,2012-02-08 00:00:00,2012-02-08 15:00:40,Q2,0.0,2597000.0,0.0,1812000.0,-962000.0,-5379000.0,1780000.0,0.0,3378000.0,8145000.0,11028000,0.0,0.0,0.0,0.0,0.0,0.0,-43000.0,0.0,0.0,0.0,7000.0,0.0,0.0,0.0,104955000,165862000,11028000,-1925000.0,9103000.0,https://www.sec.gov/Archives/edgar/data/1049521/000119312512046257/0001193125-12-046257-index.html,https://www.sec.gov/Archives/edgar/data/1049521/000119312512046257/d265998d10q.htm
0,2011-09-30,MRCY,2011-11-04 00:00:00,2011-11-04 13:39:47,Q1,0.0,2671000.0,0.0,2040000.0,-3126000.0,6541000.0,-5964000.0,0.0,-1355000.0,2479000.0,4216000.0,0.0,0.0,0.0,0.0,-1666000.0,0.0,-59000.0,90000.0,0.0,0.0,375000.0,0.0,0.0,0.0,165862000,162875000,4216000.0,-1666000.0,2550000.0,https://www.sec.gov/Archives/edgar/data/1049521/000119312511297057/0001193125-11-297057-index.html,https://www.sec.gov/Archives/edgar/data/1049521/000119312511297057/d195949d10q.htm
0,2011-06-30,MRCY,2011-08-18 00:00:00,2011-08-18 15:21:01,Q4,4251000.0,2409000.0,1034000.0,1358000.0,-46000.0,-1051000.0,673000.0,0.0,-3632000.0,-217000.0,8629000.0,0.0,0.0,0.0,0.0,0.0,0.0,-298000.0,0.0,0.0,0.0,-95654000,0.0,0.0,0.0,162875000,156421000,8629000.0,-3489000.0,5140000.0,https://www.sec.gov/Archives/edgar/data/1049521/000119312511226448/0001193125-11-226448-index.html,https://www.sec.gov/Archives/edgar/data/1049521/000119312511226448/d10k.htm
0,2011-03-31,MRCY,2011-05-05 00:00:00,2011-05-05 14:37:46,Q3,5378000.0,2323000.0,48000.0,1299000.0,-3607000.0,-9804000.0,4829000.0,0.0,198000.0,521000.0,5392000.0,0.0,0.0,0.0,0.0,-31446000,0.0,136000.0,0.0,0.0,0.0,95440000,0.0,0.0,0.0,156421000,88437000,5392000.0,-1938000.0,3454000.0,https://www.sec.gov/Archives/edgar/data/1049521/000119312511128203/0001193125-11-128203-index.html,https://www.sec.gov/Archives/edgar/data/1049521/000119312511128203/d10q.htm
0,2010-12-31,MRCY,2011-02-03,2011-02-03 17:02:18,Q2,5183000.0,1869000.0,668000.0,1633000.0,-762000.0,6798000.0,-1784000.0,0.0,149000.0,-969000.0,8103000.0,0.0,0.0,0.0,0.0,0.0,0.0,-58000.0,0.0,0.0,0.0,463000.0,0.0,0.0,0.0,88437000,82239000,8103000.0,-3620000.0,4483000.0,https://www.sec.gov/Archives/edgar/data/1049521/000119312511023313/d10q.htm,https://www.sec.gov/Archives/edgar/data/1049521/000119312511023313/d10q.htm
0,2010-09-30,MRCY,2010-11-04 00:00:00,2010-11-04 16:58:31,Q1,3630000.0,1747000.0,138000.0,1290000.0,3272000.0,4314000.0,-1204000.0,0.0,-1028000.0,-246000.0,9350000.0,0.0,0.0,0.0,18025000,0.0,0.0,-78000.0,0.0,0.0,0.0,554000.0,0.0,0.0,0.0,82239000,56241000,9350000.0,-2153000.0,7197000.0,https://www.sec.gov/Archives/edgar/data/1049521/000119312510248262/0001193125-10-248262-index.html,https://www.sec.gov/Archives/edgar/data/1049521/000119312510248262/d10q.htm
0,2010-06-30,MRCY,2010-08-19 00:00:00,2010-08-19 14:07:38,Q4,0.0,1765000.0,-9634000.0,1048000.0,-7476000.0,-13384000,2405000.0,0.0,844000.0,26596000,3413000.0,0.0,0.0,0.0,19850000,-21000.0,0.0,8432000.0,0.0,-5000.0,0.0,674000.0,0.0,0.0,0.0,56241000,58824000,3413000.0,-2453000.0,960000.0,https://www.sec.gov/Archives/edgar/data/1049521/000119312510192991/0001193125-10-192991-index.html,https://www.sec.gov/Archives/edgar/data/1049521/000119312510192991/d10k.htm
0,2010-03-31,MRCY,2010-05-06 00:00:00,2010-05-06 14:55:40,Q3,3276000.0,1746000.0,1746000.0,943000.0,-2771000.0,775000.0,-3187000.0,0.0,-368000.0,-275000.0,4521000.0,0.0,0.0,0.0,11325000,-98000.0,0.0,-7739000.0,0.0,-61000.0,0.0,161000.0,0.0,0.0,0.0,58824000,52197000,4521000.0,-2206000.0,2315000.0,https://www.sec.gov/Archives/edgar/data/1049521/000119312510110652/0001193125-10-110652-index.html,https://www.sec.gov/Archives/edgar/data/1049521/000119312510110652/d10q.htm
0,2009-12-31,MRCY,2010-02-09 00:00:00,2010-02-09 16:35:37,Q2,1997000.0,1658000.0,-328000.0,1536000.0,825000.0,4077000.0,-2139000.0,0.0,0.0,-393000.0,5167000.0,0.0,0.0,0.0,448000.0,-923000.0,0.0,-397000.0,0.0,-142000.0,0.0,153000.0,0.0,0.0,0.0,52197000,49250000,5167000.0,-2050000.0,3117000.0,https://www.sec.gov/Archives/edgar/data/1049521/000119312510025893/0001193125-10-025893-index.html,https://www.sec.gov/Archives/edgar/data/1049521/000119312510025893/d10q.htm
0,2009-09-30,MRCY,2009-11-09 00:00:00,2009-11-09 16:08:51,Q1,4358000.0,1688000.0,-1482000.0,489000.0,-1812000.0,-6724000.0,2062000.0,0.0,0.0,-298000.0,2607000.0,0.0,0.0,0.0,402000.0,216000.0,0.0,-296000.0,0.0,-225000.0,0.0,336000.0,0.0,0.0,0.0,49250000,46950000,2607000.0,-875000.0,1732000.0,https://www.sec.gov/Archives/edgar/data/1049521/000119312509229357/0001193125-09-229357-index.html,https://www.sec.gov/Archives/edgar/data/1049521/000119312509229357/d10q.htm
0,2009-06-30,MRCY,2009-09-04 00:00:00,2009-09-04 15:05:55,Q4,13596000,1871000.0,-1197000.0,-62000.0,986000.0,5571000.0,2173000.0,0.0,351000.0,282000.0,3343000.0,0.0,0.0,0.0,221000.0,9140000.0,0.0,-5382000.0,0.0,-280000.0,0.0,375000.0,0.0,0.0,0.0,46950000,40584000,3343000.0,-1172000.0,2171000.0,https://www.sec.gov/Archives/edgar/data/1049521/000119312509187696/0001193125-09-187696-index.html,https://www.sec.gov/Archives/edgar/data/1049521/000119312509187696/d10k.htm
0,2009-03-31,MRCY,2009-05-11 00:00:00,2009-05-11 16:52:32,Q3,3510000.0,2074000.0,0.0,0.0,-3802000.0,0.0,2171000.0,0.0,-172000.0,-18792000,2486000.0,0.0,0.0,1143000.0,116780000,819000.0,0.0,0.0,0.0,-107000.0,0.0,151000.0,0.0,0.0,0.0,40584000,37958000,2486000.0,-969000.0,1517000.0,https://www.sec.gov/Archives/edgar/data/1049521/000119312509107270/0001193125-09-107270-index.html,https://www.sec.gov/Archives/edgar/data/1049521/000119312509107270/d10q.htm
0,2008-12-31,MRCY,2009-02-09 00:00:00,2009-02-09 15:03:20,Q2,-17064000,2393000.0,0.0,0.0,277000.0,0.0,-6000.0,0.0,-1062000.0,17603000,2734000.0,0.0,0.0,-114948000,57211000,0.0,0.0,0.0,247000.0,-58000.0,0.0,92000.0,0.0,0.0,0.0,37958000,60926000,2734000.0,-1108000.0,1626000.0,https://www.sec.gov/Archives/edgar/data/1049521/000119312509022463/0001193125-09-022463-index.html,https://www.sec.gov/Archives/edgar/data/1049521/000119312509022463/d10q.htm
0,2008-09-30,MRCY,2008-11-10 00:00:00,2008-11-10 16:51:59,Q1,-1304000.0,3026000.0,-12000.0,0.0,426000.0,0.0,3140000.0,0.0,-525000.0,500000.0,2636000.0,0.0,0.0,-24778000,24887000,0.0,0.0,0.0,166000.0,-239000.0,0.0,358000.0,0.0,0.0,0.0,60926000,59045000,2636000.0,-1111000.0,1525000.0,https://www.sec.gov/Archives/edgar/data/1049521/000119312508231908/0001193125-08-231908-index.html,https://www.sec.gov/Archives/edgar/data/1049521/000119312508231908/d10q.htm
0,2008-06-30,MRCY,2008-09-12 00:00:00,2008-09-12 15:59:40,Q4,-20379000,3856000.0,634000.0,0.0,1607000.0,0.0,3518000.0,0.0,-6174000.0,18893000,2465000.0,0.0,0.0,-59752000,-342000.0,3631000.0,0.0,0.0,444000.0,-494000.0,0.0,17000.0,0.0,0.0,0.0,59045000,113994000,2465000.0,-1609000.0,856000.0,https://www.sec.gov/Archives/edgar/data/1049521/000119312508195321/0001193125-08-195321-index.html,https://www.sec.gov/Archives/edgar/data/1049521/000119312508195321/d10k.htm
0,2008-03-31,MRCY,2008-05-08 00:00:00,2008-05-08 17:13:01,Q3,-5639000.0,4254000.0,922000.0,0.0,6973000.0,0.0,-4170000.0,0.0,5574000.0,3080000.0,9590000.0,0.0,0.0,-27961000,61562000,0.0,0.0,0.0,1000.0,-167000.0,0.0,0.0,0.0,0.0,0.0,113994000,72384000,9590000.0,-1282000.0,8308000.0,https://www.sec.gov/Archives/edgar/data/1049521/000119312508108025/0001193125-08-108025-index.html,https://www.sec.gov/Archives/edgar/data/1049521/000119312508108025/d10q.htm
0,2007-12-31,MRCY,2008-02-08,2008-02-08 15:56:58,Q2,-6087000.0,3891000.0,1952000.0,0.0,-5627000.0,0.0,-682000.0,0.0,840000.0,3580000.0,-2291000.0,0.0,0.0,-52885000,76197000,0.0,0.0,0.0,700000.0,-71000.0,0.0,3000.0,0.0,0.0,0.0,72384000,51245000,-2291000.0,-968000.0,-3259000.0,https://www.sec.gov/Archives/edgar/data/1049521/000119312508024273/d10q.htm,https://www.sec.gov/Archives/edgar/data/1049521/000119312508024273/d10q.htm
0,2007-09-30,MRCY,2007-11-09 00:00:00,2007-11-09 14:48:18,Q1,-3308000.0,3987000.0,74000.0,0.0,845000.0,0.0,-1160000.0,0.0,63000.0,2364000.0,3962000.0,0.0,0.0,-41930000,40566000,0.0,0.0,0.0,445000.0,-278000.0,0.0,223000.0,0.0,0.0,0.0,51245000,51293000,3962000.0,-766000.0,3196000.0,https://www.sec.gov/Archives/edgar/data/1049521/000119312507242177/0001193125-07-242177-index.html,https://www.sec.gov/Archives/edgar/data/1049521/000119312507242177/d10q.htm
0,2007-06-30,MRCY,2007-09-07 00:00:00,2007-09-07 16:32:03,Q4,-19718000,4295000.0,6704000.0,0.0,11962000,0.0,3670000.0,0.0,53000.0,762000.0,7045000.0,0.0,0.0,-46323000,40767000,0.0,0.0,0.0,741000.0,-167000.0,0.0,-2999000.0,0.0,0.0,0.0,51293000,27752000,7045000.0,-1818000.0,5227000.0,https://www.sec.gov/Archives/edgar/data/1049521/000119312507197510/0001193125-07-197510-index.html,https://www.sec.gov/Archives/edgar/data/1049521/000119312507197510/d10k.htm
0,2007-03-31,MRCY,2007-05-09 00:00:00,2007-05-09 15:31:53,Q3,-5414000.0,4728000.0,-1884000.0,0.0,-6879000.0,0.0,83000.0,0.0,254000.0,2917000.0,-6612000.0,0.0,0.0,-18841000,38508000,0.0,0.0,0.0,25000.0,-271000.0,0.0,17000.0,0.0,0.0,0.0,27752000,16736000,-6612000.0,-2221000.0,-8833000.0,https://www.sec.gov/Archives/edgar/data/1049521/000119312507108106/0001193125-07-108106-index.html,https://www.sec.gov/Archives/edgar/data/1049521/000119312507108106/d10q.htm
0,2006-12-31,MRCY,2007-02-09,2007-02-09 14:10:07,Q2,-1035000.0,4533000.0,-1904000.0,0.0,-10252000,0.0,-3223000.0,0.0,-155000.0,3303000.0,-5309000.0,0.0,0.0,-21205000,34843000,0.0,0.0,0.0,586000.0,-50000.0,0.0,25000.0,0.0,0.0,0.0,16736000,19340000,-5309000.0,-1644000.0,-6953000.0,https://www.sec.gov/Archives/edgar/data/1049521/000119312507025455/d10q.htm,https://www.sec.gov/Archives/edgar/data/1049521/000119312507025455/d10q.htm
0,2006-09-30,MRCY,2006-11-09,2006-11-09 15:26:25,Q1,-11653000,4406000.0,-1098000.0,0.0,-2719000.0,0.0,-2966000.0,0.0,137000.0,5573000.0,-5437000.0,0.0,0.0,-38803000,45068000,0.0,0.0,0.0,472000.0,-19000.0,0.0,21000.0,0.0,0.0,0.0,19340000,22983000,-5437000.0,-2531000.0,-7968000.0,https://www.sec.gov/Archives/edgar/data/1049521/000119312506230224/d10q.htm,https://www.sec.gov/Archives/edgar/data/1049521/000119312506230224/d10q.htm
0,2006-06-30,MRCY,2006-09-13,2006-09-13 16:42:19,Q4,-6341000.0,4157000.0,-840000.0,0.0,-3318000.0,0.0,-968000.0,0.0,-111000.0,10341000,-3660000.0,0.0,0.0,-37250000,35665000,0.0,0.0,0.0,807000.0,0.0,0.0,278000.0,0.0,0.0,0.0,22983000,30497000,-3660000.0,-3033000.0,-6693000.0,https://www.sec.gov/Archives/edgar/data/1049521/000119312506190186/d10k.htm,https://www.sec.gov/Archives/edgar/data/1049521/000119312506190186/d10k.htm
0,2006-03-31,MRCY,2006-05-09,2006-05-09 16:21:46,Q3,-14132000,4725000.0,-2578000.0,0.0,13948000,0.0,3005000.0,0.0,0.0,0.0,5370000.0,0.0,0.0,-30929000,29253000,0.0,0.0,0.0,322000.0,0.0,0.0,123000.0,0.0,0.0,0.0,30497000,29540000,5370000.0,-4970000.0,400000.0,https://www.sec.gov/Archives/edgar/data/1049521/000119312506105450/d10q.htm,https://www.sec.gov/Archives/edgar/data/1049521/000119312506105450/d10q.htm
0,2005-12-31,MRCY,2006-02-09,2006-02-09 16:28:08,Q2,1233000.0,4888000.0,-1300000.0,0.0,-4767000.0,0.0,-2424000.0,0.0,0.0,0.0,2643000.0,0.0,0.0,-19616000,27565000,0.0,0.0,0.0,3337000.0,-6029000.0,0.0,97000.0,0.0,0.0,0.0,29540000,26609000,2643000.0,-2842000.0,-199000.0,https://www.sec.gov/Archives/edgar/data/1049521/000119312506025275/d10q.htm,https://www.sec.gov/Archives/edgar/data/1049521/000119312506025275/d10q.htm
0,2005-09-30,MRCY,2005-11-09,2005-11-09 15:50:40,Q1,3072000.0,3790000.0,-1253000.0,0.0,9250000.0,0.0,-1249000.0,0.0,0.0,216000.0,17700000,0.0,0.0,-52133000,92965000,0.0,0.0,0.0,1452000.0,-6255000.0,0.0,83000.0,0.0,0.0,0.0,26609000,43143000,17700000,-2557000.0,15143000,https://www.sec.gov/Archives/edgar/data/1049521/000119312505221492/d10q.htm,https://www.sec.gov/Archives/edgar/data/1049521/000119312505221492/d10q.htm
0,2005-06-30,MRCY,2005-09-13,2005-09-13 15:39:06,Q4,10086000,2752000.0,0.0,0.0,-8746000.0,0.0,1787000.0,0.0,0.0,0.0,4913000.0,0.0,0.0,-70767000,82753000,0.0,0.0,0.0,1336000.0,0.0,0.0,0.0,0.0,0.0,0.0,43143000,29265000,4913000.0,-4027000.0,886000.0,https://www.sec.gov/Archives/edgar/data/1049521/000119312505184687/d10k.htm,https://www.sec.gov/Archives/edgar/data/1049521/000119312505184687/d10k.htm
0,2005-03-31,MRCY,2005-05-09,2005-05-09 15:29:32,Q3,8156000.0,3012000.0,0.0,0.0,520000.0,0.0,-2653000.0,0.0,0.0,0.0,13601000,0.0,0.0,-152034000,0.0,0.0,0.0,0.0,1144000.0,-8335000.0,0.0,0.0,0.0,0.0,0.0,29265000,118497000,13601000,-2824000.0,10777000,https://www.sec.gov/Archives/edgar/data/1049521/000119312505100753/d10q.htm,https://www.sec.gov/Archives/edgar/data/1049521/000119312505100753/d10q.htm
0,2004-12-31,MRCY,2005-02-08 00:00:00,2005-02-08 15:49:24,Q2,6846000.0,2759000.0,0.0,0.0,-2076000.0,0.0,-2057000.0,0.0,0.0,0.0,8299000.0,0.0,0.0,18505000,0.0,0.0,0.0,0.0,2798000.0,-8787000.0,0.0,0.0,0.0,0.0,0.0,118497000,125076000,8299000.0,-2851000.0,5448000.0,https://www.sec.gov/Archives/edgar/data/1049521/000119312505022131/0001193125-05-022131-index.html,https://www.sec.gov/Archives/edgar/data/1049521/000119312505022131/d10q.htm
0,2004-09-30,MRCY,2004-11-01 00:00:00,2004-11-01 17:12:01,Q1,5098000.0,2050000.0,0.0,0.0,3751000.0,0.0,-1046000.0,0.0,0.0,0.0,11173000,0.0,0.0,-33308000,7116000.0,0.0,0.0,0.0,867000.0,-7844000.0,0.0,0.0,0.0,0.0,0.0,125076000,148995000,11173000,-1707000.0,9466000.0,https://www.sec.gov/Archives/edgar/data/1049521/000119312504182867/0001193125-04-182867-index.html,https://www.sec.gov/Archives/edgar/data/1049521/000119312504182867/d10q.htm
0,2004-06-30,MRCY,2004-09-10 00:00:00,2004-09-10 10:28:28,Q4,9564000.0,2092000.0,-1738000.0,0.0,-5501000.0,0.0,-2854000.0,0.0,0.0,0.0,5350000.0,0.0,0.0,-2255000.0,4380000.0,0.0,0.0,0.0,1168000.0,0.0,0.0,0.0,0.0,0.0,0.0,148995000,36826000,5350000.0,-2287000.0,3063000.0,https://www.sec.gov/Archives/edgar/data/1049521/000119312504154688/0001193125-04-154688-index.html,https://www.sec.gov/Archives/edgar/data/1049521/000119312504154688/d10k.htm
0,2004-03-31,MRCY,2004-04-28 00:00:00,2004-04-28 13:14:33,Q3,6303000.0,1543000.0,0.0,0.0,-6257000.0,0.0,836000.0,0.0,0.0,0.0,2749000.0,0.0,0.0,-13328000,7703000.0,-55000.0,0.0,0.0,779000.0,0.0,0.0,0.0,0.0,0.0,0.0,36826000,40650000,2749000.0,-1350000.0,1399000.0,https://www.sec.gov/Archives/edgar/data/1049521/000119312504071977/0001193125-04-071977-index.html,https://www.sec.gov/Archives/edgar/data/1049521/000119312504071977/d10q.htm
0,2003-12-31,MRCY,2004-02-12 00:00:00,2004-02-12 13:11:52,Q2,3724000.0,1855000.0,0.0,0.0,2912000.0,0.0,109000.0,0.0,0.0,0.0,8681000.0,0.0,0.0,-14876000,12600000,0.0,0.0,0.0,1420000.0,0.0,0.0,0.0,0.0,0.0,0.0,40650000,37850000,8681000.0,-951000.0,7730000.0,https://www.sec.gov/Archives/edgar/data/1049521/000119312504020971/0001193125-04-020971-index.html,https://www.sec.gov/Archives/edgar/data/1049521/000119312504020971/d10q.htm
0,2003-09-30,MRCY,2003-11-07 00:00:00,2003-11-07 15:34:16,Q1,3294000.0,1916000.0,0.0,0.0,3527000.0,0.0,2252000.0,0.0,0.0,0.0,9162000.0,0.0,0.0,-3000000.0,5319000.0,0.0,0.0,0.0,375000.0,0.0,0.0,0.0,0.0,0.0,0.0,37850000,27158000,9162000.0,-1011000.0,8151000.0,https://www.sec.gov/Archives/edgar/data/1049521/000119312503075181/0001193125-03-075181-index.html,https://www.sec.gov/Archives/edgar/data/1049521/000119312503075181/d10q.htm
0,2003-06-30,MRCY,2003-09-12 00:00:00,2003-09-11 18:17:08,Q4,4246000.0,2093000.0,0.0,0.0,832000.0,0.0,1427000.0,0.0,0.0,0.0,7551000.0,0.0,0.0,41280000,-74753000,0.0,0.0,0.0,737000.0,-4393000.0,0.0,0.0,0.0,0.0,0.0,27158000,30511000,7551000.0,-1748000.0,5803000.0,https://www.sec.gov/Archives/edgar/data/1049521/000119312503048461/0001193125-03-048461-index.html,https://www.sec.gov/Archives/edgar/data/1049521/000119312503048461/d10k.htm
0,2003-03-31,MRCY,2003-05-14 00:00:00,2003-05-14 09:18:32,Q3,7864000.0,2098000.0,0.0,0.0,-1907000.0,0.0,651000.0,0.0,0.0,0.0,6306000.0,0.0,0.0,-56536000,32704000,0.0,0.0,0.0,696000.0,-4193000.0,0.0,0.0,0.0,0.0,0.0,30511000,51050000,6306000.0,-1700000.0,4606000.0,https://www.sec.gov/Archives/edgar/data/1049521/000092701603002625/0000927016-03-002625-index.html,https://www.sec.gov/Archives/edgar/data/1049521/000092701603002625/d10q.htm
0,2002-12-31,MRCY,2003-02-14 00:00:00,2003-02-14 10:15:27,Q2,6455000.0,2039000.0,0.0,0.0,14432000,0.0,2102000.0,0.0,0.0,0.0,21823000,0.0,0.0,-27318000,22575000,0.0,0.0,0.0,1215000.0,0.0,0.0,0.0,0.0,0.0,0.0,51050000,34303000,21823000,-1346000.0,20477000,https://www.sec.gov/Archives/edgar/data/1049521/000092701603000714/0000927016-03-000714-index.html,https://www.sec.gov/Archives/edgar/data/1049521/000092701603000714/d10q.htm
0,2002-09-30,MRCY,2002-11-13 00:00:00,2002-11-12 20:04:42,Q1,4112000.0,1982000.0,0.0,0.0,10124000,0.0,-233000.0,0.0,0.0,0.0,14820000,0.0,0.0,-23529000,25274000,0.0,0.0,0.0,207000.0,0.0,0.0,0.0,0.0,0.0,0.0,34303000,17513000,14820000,-1371000.0,13449000,https://www.sec.gov/Archives/edgar/data/1049521/000092701602005417/0000927016-02-005417-index.html,https://www.sec.gov/Archives/edgar/data/1049521/000092701602005417/d10q.htm
0,2002-06-30,MRCY,2002-09-27 00:00:00,2002-09-27 14:51:34,Q4,5391000.0,2335000.0,0.0,0.0,-4994000.0,0.0,1318000.0,0.0,0.0,0.0,61000.0,0.0,0.0,-15219000,41129000,0.0,0.0,0.0,1052000.0,-17448000,0.0,0.0,0.0,0.0,0.0,17513000,16273000,61000.0,-1841000.0,-1780000.0,https://www.sec.gov/Archives/edgar/data/1049521/000095013502004359/0000950135-02-004359-index.html,https://www.sec.gov/Archives/edgar/data/1049521/000095013502004359/b44295mce10vk.txt
0,2002-03-31,MRCY,2002-05-15 00:00:00,2002-05-15 16:06:04,Q3,2650000.0,1446000.0,0.0,0.0,4615000.0,0.0,-1597000.0,0.0,0.0,0.0,7473000.0,0.0,0.0,-13132000,28212000,0.0,0.0,0.0,458000.0,0.0,0.0,0.0,0.0,0.0,0.0,16273000,10757000,7473000.0,-1330000.0,6143000.0,https://www.sec.gov/Archives/edgar/data/1049521/000095013502002732/0000950135-02-002732-index.html,https://www.sec.gov/Archives/edgar/data/1049521/000095013502002732/b43133mce10-q.txt
0,2001-12-31,MRCY,2002-02-14 00:00:00,2002-02-14 00:00:00,Q2,3782000.0,1662000.0,0.0,0.0,-5043000.0,0.0,-933000.0,0.0,0.0,0.0,1202000.0,0.0,0.0,-25383000,18609000,0.0,0.0,0.0,2918000.0,0.0,0.0,0.0,0.0,0.0,0.0,10757000,11567000,1202000.0,-1164000.0,38000.0,https://www.sec.gov/Archives/edgar/data/1049521/000095013502000868/0000950135-02-000868-index.html,https://www.sec.gov/Archives/edgar/data/1049521/000095013502000868/b41991mce10-q.txt
0,2001-09-30,MRCY,2001-11-14 00:00:00,2001-11-14 00:00:00,Q1,4005000.0,1643000.0,0.0,0.0,2014000.0,0.0,341000.0,0.0,0.0,0.0,7206000.0,0.0,0.0,-17340000,11174000,-1000000.0,0.0,0.0,1000.0,0.0,0.0,0.0,0.0,0.0,0.0,11567000,13307000,7206000.0,-1451000.0,5755000.0,https://www.sec.gov/Archives/edgar/data/1049521/000095013501503537/0000950135-01-503537-index.html,https://www.sec.gov/Archives/edgar/data/1049521/000095013501503537/b40876mce10-q.txt
0,2001-06-30,MRCY,2001-09-28 00:00:00,2001-09-28 00:00:00,Q4,8726000.0,1641000.0,0.0,0.0,5019000.0,0.0,6010000.0,0.0,0.0,0.0,6589000.0,0.0,0.0,-25526000,20553000,-700000.0,0.0,0.0,1900000.0,0.0,0.0,0.0,0.0,0.0,0.0,13307000,11360000,6589000.0,-2298000.0,4291000.0,https://www.sec.gov/Archives/edgar/data/1049521/000095013501502965/0000950135-01-502965-index.html,https://www.sec.gov/Archives/edgar/data/1049521/000095013501502965/b40626mce10-k.txt
0,2001-03-31,MRCY,2001-05-14 00:00:00,2001-05-14 00:00:00,Q3,7941000.0,1510000.0,0.0,0.0,-1350000.0,0.0,-373000.0,0.0,0.0,0.0,10097000,0.0,0.0,-37825000,23898000,-940000.0,0.0,0.0,403000.0,0.0,0.0,0.0,0.0,0.0,0.0,11360000,15646000,10097000,-1214000.0,8883000.0,https://www.sec.gov/Archives/edgar/data/1049521/000095013501501225/0000950135-01-501225-index.html,https://www.sec.gov/Archives/edgar/data/1049521/000095013501501225/b39470mce10-q.txt
0,2000-12-31,MRCY,2001-02-14 00:00:00,2001-02-14 00:00:00,Q2,6908000.0,1569000.0,0.0,0.0,-4683000.0,0.0,696000.0,0.0,0.0,0.0,4510000.0,0.0,0.0,-29913000,28857000,0.0,0.0,0.0,1765000.0,0.0,0.0,0.0,0.0,0.0,0.0,15646000,10755000,4510000.0,-1427000.0,3083000.0,https://www.sec.gov/Archives/edgar/data/1049521/000095013501000714/0000950135-01-000714-index.html,https://www.sec.gov/Archives/edgar/data/1049521/000095013501000714/b38323mce10-q.txt
0,2000-09-30,MRCY,2000-11-14 00:00:00,2000-11-14 00:00:00,Q1,7109000.0,1408000.0,0.0,0.0,-4648000.0,0.0,-3273000.0,0.0,0.0,0.0,4882000.0,0.0,0.0,-20388000,21236000,0.0,0.0,0.0,252000.0,0.0,0.0,0.0,0.0,0.0,0.0,10755000,5850000.0,4882000.0,-2448000.0,2434000.0,https://www.sec.gov/Archives/edgar/data/1049521/000095013500005060/0000950135-00-005060-index.html,https://www.sec.gov/Archives/edgar/data/1049521/000095013500005060/b37437mce10-q.txt
0,2000-06-30,MRCY,2000-09-27 00:00:00,2000-09-27 00:00:00,Q4,4678000.0,1417000.0,0.0,0.0,-4022000.0,0.0,-1163000.0,0.0,0.0,0.0,3200000.0,0.0,0.0,-19608000,23147000,4032000.0,0.0,0.0,-675000.0,0.0,0.0,0.0,0.0,0.0,0.0,5850000.0,3040000.0,3200000.0,-2890000.0,310000.0,https://www.sec.gov/Archives/edgar/data/1049521/000095013500004440/0000950135-00-004440-index.html,https://www.sec.gov/Archives/edgar/data/1049521/000095013500004440/b36846mce10-k.txt
0,2000-03-31,MRCY,2000-05-15 00:00:00,2000-05-15 00:00:00,Q3,6118000.0,1082000.0,0.0,0.0,-15000.0,0.0,-3410000.0,0.0,0.0,0.0,6162000.0,0.0,0.0,-35811000,24183000,0.0,0.0,0.0,2316000.0,0.0,0.0,0.0,0.0,0.0,0.0,3040000.0,3800000.0,6162000.0,-2047000.0,4115000.0,https://www.sec.gov/Archives/edgar/data/1049521/000095013500002869/0000950135-00-002869-index.html,https://www.sec.gov/Archives/edgar/data/1049521/0000950135-00-002869.txt
0,1999-12-31,MRCY,2000-02-14 00:00:00,2000-02-14 00:00:00,Q2,5800000.0,1300000.0,0.0,0.0,-1000000.0,0.0,2000000.0,0.0,0.0,0.0,7000000.0,0.0,0.0,-54100000,27600000,0.0,0.0,0.0,1800000.0,0.0,0.0,0.0,0.0,0.0,0.0,3800000.0,8800000.0,7000000.0,-900000.0,6100000.0,https://www.sec.gov/Archives/edgar/data/1049521/000095013500000774/0000950135-00-000774-index.html,https://www.sec.gov/Archives/edgar/data/1049521/0000950135-00-000774.txt
0,1999-09-30,MRCY,1999-11-12 00:00:00,1999-11-12 00:00:00,Q1,8300000.0,1300000.0,0.0,0.0,2900000.0,0.0,-2100000.0,0.0,0.0,0.0,14300000,0.0,0.0,-17500000,11300000,-2500000.0,0.0,0.0,300000.0,0.0,0.0,0.0,0.0,0.0,0.0,8800000.0,3700000.0,14300000,-800000.0,13500000,https://www.sec.gov/Archives/edgar/data/1049521/000095013599005214/0000950135-99-005214-index.html,https://www.sec.gov/Archives/edgar/data/1049521/0000950135-99-005214.txt
0,1999-06-30,MRCY,1999-09-27 00:00:00,1999-09-27 00:00:00,Q4,4500000.0,1500000.0,0.0,0.0,-13000000,0.0,-3900000.0,0.0,0.0,200000.0,-4300000.0,0.0,0.0,-42400000,45200000,-100000.0,0.0,0.0,-400000.0,0.0,0.0,0.0,0.0,0.0,0.0,3700000.0,0.0,-4300000.0,-1800000.0,-6100000.0,https://www.sec.gov/Archives/edgar/data/1049521/000095013599004532/0000950135-99-004532-index.html,https://www.sec.gov/Archives/edgar/data/1049521/0000950135-99-004532.txt
0,1999-03-31,MRCY,1999-05-13 00:00:00,1999-05-13 00:00:00,Q3,3400000.0,1100000.0,0.0,0.0,400000.0,0.0,-500000.0,0.0,0.0,0.0,3400000.0,0.0,0.0,-68600000,0.0,-200000.0,0.0,0.0,600000.0,0.0,0.0,0.0,0.0,0.0,0.0,0.0,0.0,3400000.0,-10800000,-7400000.0,https://www.sec.gov/Archives/edgar/data/1049521/000095013599002635/0000950135-99-002635-index.html,https://www.sec.gov/Archives/edgar/data/1049521/0000950135-99-002635.txt
0,1998-12-31,MRCY,1999-02-12 00:00:00,1999-02-12 00:00:00,Q2,3100000.0,900000.0,0.0,0.0,400000.0,0.0,-3200000.0,0.0,0.0,0.0,6000000.0,0.0,0.0,-3300000.0,0.0,0.0,0.0,0.0,1100000.0,0.0,0.0,0.0,0.0,0.0,0.0,0.0,0.0,6000000.0,-4000000.0,2000000.0,https://www.sec.gov/Archives/edgar/data/1049521/000095013599000728/0000950135-99-000728-index.html,https://www.sec.gov/Archives/edgar/data/1049521/0000950135-99-000728.txt
0,1998-09-30,MRCY,1998-11-12 00:00:00,1998-11-12 00:00:00,Q1,2500000.0,1000000.0,0.0,0.0,600000.0,0.0,1600000.0,0.0,0.0,-100000.0,4000000.0,0.0,0.0,-300000.0,0.0,-200000.0,0.0,0.0,400000.0,0.0,0.0,0.0,0.0,0.0,0.0,0.0,6100000.0,4000000.0,-2800000.0,1200000.0,https://www.sec.gov/Archives/edgar/data/1049521/000095013598005820/0000950135-98-005820-index.html,https://www.sec.gov/Archives/edgar/data/1049521/0000950135-98-005820.txt
0,1998-06-30,MRCY,1998-09-23 00:00:00,1998-09-23 00:00:00,Q4,2700000.0,900000.0,-800000.0,0.0,1300000.0,0.0,900000.0,0.0,0.0,0.0,4200000.0,0.0,0.0,-57700000,0.0,0.0,0.0,0.0,200000.0,0.0,0.0,0.0,0.0,0.0,0.0,0.0,0.0,4200000.0,-2100000.0,2100000.0,https://www.sec.gov/Archives/edgar/data/1049521/000095013598005191/0000950135-98-005191-index.html,https://www.sec.gov/Archives/edgar/data/1049521/0000950135-98-005191.txt
0,1998-03-31,MRCY,1998-05-14 00:00:00,1998-05-14 00:00:00,Q3,2400000.0,800000.0,0.0,0.0,-2800000.0,0.0,-100000.0,0.0,0.0,0.0,400000.0,0.0,0.0,0.0,0.0,0.0,0.0,0.0,18600000,0.0,0.0,0.0,0.0,0.0,0.0,0.0,0.0,400000.0,-1500000.0,-1100000.0,https://www.sec.gov/Archives/edgar/data/1049521/000095013598003267/0000950135-98-003267-index.html,https://www.sec.gov/Archives/edgar/data/1049521/0000950135-98-003267.txt
